date,state,confirmed,deaths
2020-02-25,SP,1,0
2020-02-26,SP,1,0
2020-02-27,SP,1,0
2020-02-28,SP,2,0
2020-02-29,SP,2,0
2020-03-01,SP,2,0
2020-03-02,SP,2,0
2020-03-03,SP,2,0
2020-03-04,SP,3,0
2020-03-05,RJ,1,0
2020-03-05,SP,6,0
2020-03-06,BA,1,0
2020-03-06,ES,1,0
2020-03-06,RJ,2,0
2020-03-06,SP,10,0
2020-03-07,BA,2,0
2020-03-07,DF,1,0
2020-03-07,ES,1,0
2020-03-07,RJ,2,0
2020-03-07,SP,13,0
2020-03-08,AL,1,0
2020-03-08,BA,2,0
2020-03-08,DF,1,0
2020-03-08,ES,1,0
2020-03-08,MG,1,0
2020-03-08,RJ,3,0
2020-03-08,SP,16,0
2020-03-09,AL,1,0
2020-03-09,BA,2,0
2020-03-09,DF,1,0
2020-03-09,ES,1,0
2020-03-09,MG,1,0
2020-03-09,RJ,3,0
2020-03-09,SP,16,0
2020-03-10,AL,1,0
2020-03-10,BA,2,0
2020-03-10,DF,1,0
2020-03-10,ES,1,0
2020-03-10,MG,1,0
2020-03-10,RJ,8,0
2020-03-10,RS,1,0
2020-03-10,SP,19,0
2020-03-11,AL,1,0
2020-03-11,BA,3,0
2020-03-11,DF,2,0
2020-03-11,ES,1,0
2020-03-11,MG,1,0
2020-03-11,RJ,13,0
2020-03-11,RS,2,0
2020-03-11,SP,30,0
2020-03-12,AL,1,0
2020-03-12,BA,3,0
2020-03-12,DF,2,0
2020-03-12,ES,1,0
2020-03-12,GO,3,0
2020-03-12,MG,2,0
2020-03-12,PE,2,0
2020-03-12,PR,6,0
2020-03-12,RJ,16,0
2020-03-12,RN,1,0
2020-03-12,RS,4,0
2020-03-12,SC,2,0
2020-03-12,SP,46,0
2020-03-13,AL,1,0
2020-03-13,AM,2,0
2020-03-13,BA,7,0
2020-03-13,DF,2,0
2020-03-13,ES,1,0
2020-03-13,GO,3,0
2020-03-13,MG,2,0
2020-03-13,PE,2,0
2020-03-13,PR,6,0
2020-03-13,RJ,16,0
2020-03-13,RN,1,0
2020-03-13,RS,4,0
2020-03-13,SC,3,0
2020-03-13,SP,56,0
2020-03-14,AL,1,0
2020-03-14,AM,2,0
2020-03-14,BA,7,0
2020-03-14,DF,8,0
2020-03-14,ES,1,0
2020-03-14,GO,4,0
2020-03-14,MG,4,0
2020-03-14,MS,2,0
2020-03-14,PE,7,0
2020-03-14,PR,6,0
2020-03-14,RJ,22,0
2020-03-14,RN,1,0
2020-03-14,RS,6,0
2020-03-14,SC,5,0
2020-03-14,SE,1,0
2020-03-14,SP,65,0
2020-03-15,AL,1,0
2020-03-15,AM,2,0
2020-03-15,BA,9,0
2020-03-15,DF,14,0
2020-03-15,ES,1,0
2020-03-15,GO,4,0
2020-03-15,MG,4,0
2020-03-15,MS,2,0
2020-03-15,PE,8,0
2020-03-15,PR,6,0
2020-03-15,RJ,24,0
2020-03-15,RN,1,0
2020-03-15,RS,6,0
2020-03-15,SC,6,0
2020-03-15,SE,1,0
2020-03-15,SP,136,0
2020-03-16,AL,1,0
2020-03-16,AM,2,0
2020-03-16,BA,10,0
2020-03-16,CE,9,0
2020-03-16,DF,19,0
2020-03-16,ES,1,0
2020-03-16,GO,9,0
2020-03-16,MG,6,0
2020-03-16,MS,4,0
2020-03-16,PE,8,0
2020-03-16,PR,6,0
2020-03-16,RJ,31,0
2020-03-16,RN,1,0
2020-03-16,RS,8,0
2020-03-16,SC,7,0
2020-03-16,SE,5,0
2020-03-16,SP,152,0
2020-03-17,AC,3,0
2020-03-17,AL,1,0
2020-03-17,AM,2,0
2020-03-17,BA,14,0
2020-03-17,CE,10,0
2020-03-17,DF,22,0
2020-03-17,ES,1,0
2020-03-17,GO,10,0
2020-03-17,MG,14,0
2020-03-17,MS,6,0
2020-03-17,PE,18,0
2020-03-17,PR,12,0
2020-03-17,RJ,33,0
2020-03-17,RN,1,0
2020-03-17,RS,10,0
2020-03-17,SC,7,0
2020-03-17,SE,5,0
2020-03-17,SP,164,1
2020-03-18,AC,3,0
2020-03-18,AL,1,0
2020-03-18,AM,2,0
2020-03-18,BA,27,0
2020-03-18,CE,19,0
2020-03-18,DF,34,0
2020-03-18,ES,9,0
2020-03-18,GO,12,0
2020-03-18,MG,19,0
2020-03-18,MS,7,0
2020-03-18,PA,1,0
2020-03-18,PB,1,0
2020-03-18,PE,19,0
2020-03-18,PR,15,0
2020-03-18,RJ,63,0
2020-03-18,RN,1,0
2020-03-18,RS,19,0
2020-03-18,SC,14,0
2020-03-18,SE,6,0
2020-03-18,SP,241,4
2020-03-18,TO,1,0
2020-03-19,AC,4,0
2020-03-19,AL,4,0
2020-03-19,AM,3,0
2020-03-19,BA,31,0
2020-03-19,CE,24,0
2020-03-19,DF,42,0
2020-03-19,ES,13,0
2020-03-19,GO,15,0
2020-03-19,MG,29,0
2020-03-19,MS,9,0
2020-03-19,PA,1,0
2020-03-19,PB,1,0
2020-03-19,PE,28,0
2020-03-19,PI,3,0
2020-03-19,PR,24,0
2020-03-19,RJ,66,2
2020-03-19,RN,1,0
2020-03-19,RS,31,0
2020-03-19,SC,21,0
2020-03-19,SE,6,0
2020-03-19,SP,286,5
2020-03-19,TO,1,0
2020-03-20,AC,7,0
2020-03-20,AL,6,0
2020-03-20,AM,7,0
2020-03-20,AP,1,0
2020-03-20,BA,34,0
2020-03-20,CE,68,0
2020-03-20,DF,87,0
2020-03-20,ES,16,0
2020-03-20,GO,18,0
2020-03-20,MA,1,0
2020-03-20,MG,38,0
2020-03-20,MS,12,0
2020-03-20,MT,1,0
2020-03-20,PA,2,0
2020-03-20,PB,1,0
2020-03-20,PE,31,0
2020-03-20,PI,4,0
2020-03-20,PR,37,0
2020-03-20,RJ,109,2
2020-03-20,RN,6,0
2020-03-20,RO,1,0
2020-03-20,RS,43,0
2020-03-20,SC,40,0
2020-03-20,SE,7,0
2020-03-20,SP,396,9
2020-03-20,TO,1,0
2020-03-21,AC,11,0
2020-03-21,AL,7,0
2020-03-21,AM,11,0
2020-03-21,AP,1,0
2020-03-21,BA,41,0
2020-03-21,CE,84,0
2020-03-21,DF,108,0
2020-03-21,ES,26,0
2020-03-21,GO,20,0
2020-03-21,MA,2,0
2020-03-21,MG,55,0
2020-03-21,MS,16,0
2020-03-21,MT,2,0
2020-03-21,PA,2,0
2020-03-21,PB,1,0
2020-03-21,PE,33,0
2020-03-21,PI,4,0
2020-03-21,PR,44,0
2020-03-21,RJ,119,3
2020-03-21,RN,9,0
2020-03-21,RO,3,0
2020-03-21,RR,2,0
2020-03-21,RS,69,0
2020-03-21,SC,57,0
2020-03-21,SE,10,0
2020-03-21,SP,459,15
2020-03-21,TO,2,0
2020-03-22,AC,11,0
2020-03-22,AL,7,0
2020-03-22,AM,26,0
2020-03-22,AP,1,0
2020-03-22,BA,55,0
2020-03-22,CE,125,0
2020-03-22,DF,117,0
2020-03-22,ES,26,0
2020-03-22,GO,21,0
2020-03-22,MA,2,0
2020-03-22,MG,83,0
2020-03-22,MS,21,0
2020-03-22,MT,2,0
2020-03-22,PA,4,0
2020-03-22,PB,1,0
2020-03-22,PE,37,0
2020-03-22,PI,6,0
2020-03-22,PR,54,0
2020-03-22,RJ,186,3
2020-03-22,RN,13,0
2020-03-22,RO,3,0
2020-03-22,RR,2,0
2020-03-22,RS,77,0
2020-03-22,SC,68,0
2020-03-22,SE,10,0
2020-03-22,SP,631,22
2020-03-22,TO,5,0
2020-03-23,AC,17,0
2020-03-23,AL,8,0
2020-03-23,AM,32,0
2020-03-23,AP,1,0
2020-03-23,BA,63,0
2020-03-23,CE,164,0
2020-03-23,DF,138,0
2020-03-23,ES,33,0
2020-03-23,GO,23,0
2020-03-23,MA,8,0
2020-03-23,MG,128,0
2020-03-23,MS,21,0
2020-03-23,MT,6,0
2020-03-23,PA,5,0
2020-03-23,PB,2,0
2020-03-23,PE,42,0
2020-03-23,PI,6,0
2020-03-23,PR,60,0
2020-03-23,RJ,233,4
2020-03-23,RN,13,0
2020-03-23,RO,3,0
2020-03-23,RR,2,0
2020-03-23,RS,96,0
2020-03-23,SC,86,0
2020-03-23,SE,10,0
2020-03-23,SP,745,30
2020-03-23,TO,7,0
2020-03-24,AC,21,0
2020-03-24,AL,10,0
2020-03-24,AM,47,1
2020-03-24,AP,1,0
2020-03-24,BA,79,0
2020-03-24,CE,185,0
2020-03-24,DF,161,0
2020-03-24,ES,40,0
2020-03-24,GO,29,0
2020-03-24,MA,8,0
2020-03-24,MG,130,0
2020-03-24,MS,24,0
2020-03-24,MT,7,0
2020-03-24,PA,5,0
2020-03-24,PB,3,0
2020-03-24,PE,42,0
2020-03-24,PI,8,0
2020-03-24,PR,70,0
2020-03-24,RJ,305,6
2020-03-24,RN,14,0
2020-03-24,RO,5,0
2020-03-24,RR,8,0
2020-03-24,RS,112,0
2020-03-24,SC,109,0
2020-03-24,SE,15,0
2020-03-24,SP,810,40
2020-03-24,TO,7,0
2020-03-25,AC,23,0
2020-03-25,AL,11,0
2020-03-25,AM,54,1
2020-03-25,AP,2,0
2020-03-25,BA,91,0
2020-03-25,CE,211,0
2020-03-25,DF,195,0
2020-03-25,ES,40,0
2020-03-25,GO,35,0
2020-03-25,MA,8,0
2020-03-25,MG,133,0
2020-03-25,MS,24,0
2020-03-25,MT,9,0
2020-03-25,PA,7,0
2020-03-25,PB,5,0
2020-03-25,PE,46,1
2020-03-25,PI,9,0
2020-03-25,PR,97,0
2020-03-25,RJ,370,8
2020-03-25,RN,14,0
2020-03-25,RO,5,0
2020-03-25,RR,8,0
2020-03-25,RS,162,1
2020-03-25,SC,122,0
2020-03-25,SE,16,0
2020-03-25,SP,862,48
2020-03-25,TO,7,0
2020-03-26,AC,24,0
2020-03-26,AL,11,0
2020-03-26,AM,67,1
2020-03-26,AP,2,0
2020-03-26,BA,108,0
2020-03-26,CE,237,3
2020-03-26,DF,201,0
2020-03-26,ES,48,0
2020-03-26,GO,39,1
2020-03-26,MA,10,0
2020-03-26,MG,153,0
2020-03-26,MS,25,0
2020-03-26,MT,11,0
2020-03-26,PA,13,0
2020-03-26,PB,6,0
2020-03-26,PE,48,3
2020-03-26,PI,9,0
2020-03-26,PR,106,0
2020-03-26,RJ,421,9
2020-03-26,RN,19,0
2020-03-26,RO,6,0
2020-03-26,RR,10,0
2020-03-26,RS,190,1
2020-03-26,SC,149,1
2020-03-26,SE,16,0
2020-03-26,SP,1053,58
2020-03-26,TO,8,0
2020-03-27,AC,25,0
2020-03-27,AL,12,0
2020-03-27,AM,81,1
2020-03-27,AP,3,0
2020-03-27,BA,123,0
2020-03-27,CE,282,3
2020-03-27,DF,241,0
2020-03-27,ES,54,0
2020-03-27,GO,49,1
2020-03-27,MA,13,0
2020-03-27,MG,189,0
2020-03-27,MS,28,0
2020-03-27,MT,11,0
2020-03-27,PA,16,0
2020-03-27,PB,10,0
2020-03-27,PE,57,4
2020-03-27,PI,10,1
2020-03-27,PR,125,2
2020-03-27,RJ,493,10
2020-03-27,RN,28,0
2020-03-27,RO,6,0
2020-03-27,RR,12,0
2020-03-27,RS,197,2
2020-03-27,SC,163,1
2020-03-27,SE,16,0
2020-03-27,SP,1223,68
2020-03-27,TO,9,0
2020-03-28,AC,25,0
2020-03-28,AL,14,0
2020-03-28,AM,111,1
2020-03-28,AP,4,0
2020-03-28,BA,127,0
2020-03-28,CE,322,4
2020-03-28,DF,260,0
2020-03-28,ES,61,0
2020-03-28,GO,56,1
2020-03-28,MA,15,0
2020-03-28,MG,205,0
2020-03-28,MS,31,0
2020-03-28,MT,13,0
2020-03-28,PA,18,0
2020-03-28,PB,14,0
2020-03-28,PE,68,5
2020-03-28,PI,11,1
2020-03-28,PR,137,2
2020-03-28,RJ,558,13
2020-03-28,RN,68,1
2020-03-28,RO,6,0
2020-03-28,RR,16,0
2020-03-28,RS,200,2
2020-03-28,SC,184,1
2020-03-28,SE,16,0
2020-03-28,SP,1406,84
2020-03-28,TO,9,0
2020-03-29,AC,34,0
2020-03-29,AL,17,0
2020-03-29,AM,140,1
2020-03-29,AP,8,0
2020-03-29,BA,156,1
2020-03-29,CE,359,5
2020-03-29,DF,298,1
2020-03-29,ES,72,0
2020-03-29,GO,58,1
2020-03-29,MA,21,1
2020-03-29,MG,231,0
2020-03-29,MS,36,0
2020-03-29,MT,16,0
2020-03-29,PA,20,0
2020-03-29,PB,14,0
2020-03-29,PE,73,5
2020-03-29,PI,16,3
2020-03-29,PR,152,2
2020-03-29,RJ,600,17
2020-03-29,RN,68,1
2020-03-29,RO,6,0
2020-03-29,RR,16,0
2020-03-29,RS,230,2
2020-03-29,SC,197,1
2020-03-29,SE,16,0
2020-03-29,SP,1451,98
2020-03-29,TO,10,0
2020-03-30,AC,42,0
2020-03-30,AL,17,0
2020-03-30,AM,151,2
2020-03-30,AP,8,0
2020-03-30,BA,176,2
2020-03-30,CE,382,5
2020-03-30,DF,312,2
2020-03-30,ES,85,0
2020-03-30,GO,61,1
2020-03-30,MA,30,1
2020-03-30,MG,261,1
2020-03-30,MS,44,0
2020-03-30,MT,18,0
2020-03-30,PA,26,0
2020-03-30,PB,17,0
2020-03-30,PE,78,6
2020-03-30,PI,18,4
2020-03-30,PR,160,3
2020-03-30,RJ,657,18
2020-03-30,RN,77,1
2020-03-30,RO,8,1
2020-03-30,RR,16,0
2020-03-30,RS,254,4
2020-03-30,SC,219,2
2020-03-30,SE,18,0
2020-03-30,SP,1517,113
2020-03-30,TO,11,0
2020-03-31,AC,42,0
2020-03-31,AL,18,1
2020-03-31,AM,175,3
2020-03-31,AP,10,0
2020-03-31,BA,217,2
2020-03-31,CE,401,7
2020-03-31,DF,333,3
2020-03-31,ES,97,0
2020-03-31,GO,65,1
2020-03-31,MA,51,1
2020-03-31,MG,275,2
2020-03-31,MS,48,1
2020-03-31,MT,25,0
2020-03-31,PA,34,0
2020-03-31,PB,18,1
2020-03-31,PE,87,6
2020-03-31,PI,18,4
2020-03-31,PR,185,3
2020-03-31,RJ,708,23
2020-03-31,RN,82,1
2020-03-31,RO,9,1
2020-03-31,RR,16,0
2020-03-31,RS,305,4
2020-03-31,SC,235,2
2020-03-31,SE,19,0
2020-03-31,SP,2339,136
2020-03-31,TO,12,0
2020-04-01,AC,43,0
2020-04-01,AL,18,1
2020-04-01,AM,200,3
2020-04-01,AP,11,0
2020-04-01,BA,246,2
2020-04-01,CE,445,9
2020-04-01,DF,370,4
2020-04-01,ES,120,0
2020-04-01,GO,73,1
2020-04-01,MA,70,1
2020-04-01,MG,314,3
2020-04-01,MS,51,1
2020-04-01,MT,28,0
2020-04-01,PA,41,1
2020-04-01,PB,21,1
2020-04-01,PE,95,8
2020-04-01,PI,19,4
2020-04-01,PR,229,3
2020-04-01,RJ,832,28
2020-04-01,RN,92,2
2020-04-01,RO,9,1
2020-04-01,RR,26,0
2020-04-01,RS,316,5
2020-04-01,SC,247,2
2020-04-01,SE,22,0
2020-04-01,SP,2981,164
2020-04-01,TO,12,0
2020-04-02,AC,45,0
2020-04-02,AL,18,1
2020-04-02,AM,229,3
2020-04-02,AP,12,0
2020-04-02,BA,267,3
2020-04-02,CE,565,21
2020-04-02,DF,400,5
2020-04-02,ES,139,2
2020-04-02,GO,73,1
2020-04-02,MA,80,1
2020-04-02,MG,370,4
2020-04-02,MS,53,1
2020-04-02,MT,41,0
2020-04-02,PA,49,1
2020-04-02,PB,29,1
2020-04-02,PE,106,9
2020-04-02,PI,19,4
2020-04-02,PR,258,4
2020-04-02,RJ,992,41
2020-04-02,RN,106,2
2020-04-02,RO,10,1
2020-04-02,RR,30,0
2020-04-02,RS,386,5
2020-04-02,SC,281,5
2020-04-02,SE,24,2
2020-04-02,SP,3506,188
2020-04-02,TO,12,0
2020-04-03,AC,46,0
2020-04-03,AL,23,2
2020-04-03,AM,260,7
2020-04-03,AP,19,0
2020-04-03,BA,290,6
2020-04-03,CE,658,22
2020-04-03,DF,419,6
2020-04-03,ES,153,5
2020-04-03,GO,88,2
2020-04-03,MA,87,1
2020-04-03,MG,397,6
2020-04-03,MS,60,1
2020-04-03,MT,44,1
2020-04-03,PA,75,1
2020-04-03,PB,32,1
2020-04-03,PE,136,10
2020-04-03,PI,22,4
2020-04-03,PR,307,5
2020-04-03,RJ,1074,47
2020-04-03,RN,176,4
2020-04-03,RO,10,1
2020-04-03,RR,37,1
2020-04-03,RS,410,6
2020-04-03,SC,301,5
2020-04-03,SE,27,2
2020-04-03,SP,4048,219
2020-04-03,TO,13,0
2020-04-04,AC,46,0
2020-04-04,AL,23,2
2020-04-04,AM,311,12
2020-04-04,AP,29,1
2020-04-04,BA,336,7
2020-04-04,CE,745,23
2020-04-04,DF,456,7
2020-04-04,ES,166,6
2020-04-04,GO,103,2
2020-04-04,MA,95,2
2020-04-04,MG,430,6
2020-04-04,MS,62,1
2020-04-04,MT,60,1
2020-04-04,PA,82,1
2020-04-04,PB,34,3
2020-04-04,PE,176,14
2020-04-04,PI,24,4
2020-04-04,PR,401,7
2020-04-04,RJ,1246,58
2020-04-04,RN,215,6
2020-04-04,RO,11,1
2020-04-04,RR,42,1
2020-04-04,RS,418,7
2020-04-04,SC,356,10
2020-04-04,SE,32,3
2020-04-04,SP,4466,260
2020-04-04,TO,16,0
2020-04-05,AC,48,0
2020-04-05,AL,28,2
2020-04-05,AM,417,15
2020-04-05,AP,32,2
2020-04-05,BA,401,9
2020-04-05,CE,963,35
2020-04-05,DF,468,7
2020-04-05,ES,194,6
2020-04-05,GO,115,3
2020-04-05,MA,132,2
2020-04-05,MG,498,6
2020-04-05,MS,65,1
2020-04-05,MT,60,1
2020-04-05,PA,86,1
2020-04-05,PB,35,4
2020-04-05,PE,201,21
2020-04-05,PI,24,4
2020-04-05,PR,445,10
2020-04-05,RJ,1394,64
2020-04-05,RN,246,7
2020-04-05,RO,14,1
2020-04-05,RR,42,1
2020-04-05,RS,468,7
2020-04-05,SC,379,10
2020-04-05,SE,32,3
2020-04-05,SP,4620,275
2020-04-05,TO,17,0
2020-04-06,AC,50,1
2020-04-06,AL,31,2
2020-04-06,AM,532,19
2020-04-06,AP,39,2
2020-04-06,BA,437,10
2020-04-06,CE,1046,36
2020-04-06,DF,485,10
2020-04-06,ES,209,6
2020-04-06,GO,119,5
2020-04-06,MA,171,4
2020-04-06,MG,525,9
2020-04-06,MS,66,1
2020-04-06,MT,76,1
2020-04-06,PA,123,5
2020-04-06,PB,36,4
2020-04-06,PE,223,30
2020-04-06,PI,26,4
2020-04-06,PR,466,14
2020-04-06,RJ,1461,71
2020-04-06,RN,246,7
2020-04-06,RO,18,1
2020-04-06,RR,42,1
2020-04-06,RS,501,8
2020-04-06,SC,417,11
2020-04-06,SE,32,4
2020-04-06,SP,4866,304
2020-04-06,TO,19,0
2020-04-07,AC,50,2
2020-04-07,AL,34,2
2020-04-07,AM,636,23
2020-04-07,AP,51,2
2020-04-07,BA,462,14
2020-04-07,CE,1189,40
2020-04-07,DF,503,12
2020-04-07,ES,227,6
2020-04-07,GO,133,5
2020-04-07,MA,229,11
2020-04-07,MG,559,11
2020-04-07,MS,80,2
2020-04-07,MT,78,1
2020-04-07,PA,154,5
2020-04-07,PB,41,4
2020-04-07,PE,352,34
2020-04-07,PI,31,5
2020-04-07,PR,511,15
2020-04-07,RJ,1688,89
2020-04-07,RN,254,8
2020-04-07,RO,23,1
2020-04-07,RR,49,1
2020-04-07,RS,555,8
2020-04-07,SC,457,15
2020-04-07,SE,36,4
2020-04-07,SP,5682,371
2020-04-07,TO,19,0
2020-04-08,AC,58,2
2020-04-08,AL,37,3
2020-04-08,AM,804,30
2020-04-08,AP,107,2
2020-04-08,BA,515,18
2020-04-08,CE,1394,57
2020-04-08,DF,509,12
2020-04-08,ES,273,6
2020-04-08,GO,159,7
2020-04-08,MA,272,12
2020-04-08,MG,614,14
2020-04-08,MS,85,2
2020-04-08,MT,90,1
2020-04-08,PA,167,6
2020-04-08,PB,55,7
2020-04-08,PE,401,46
2020-04-08,PI,38,6
2020-04-08,PR,550,17
2020-04-08,RJ,1938,106
2020-04-08,RN,262,11
2020-04-08,RO,26,1
2020-04-08,RR,52,1
2020-04-08,RS,581,10
2020-04-08,SC,501,17
2020-04-08,SE,39,4
2020-04-08,SP,6708,428
2020-04-08,TO,23,0
2020-04-09,AC,62,2
2020-04-09,AL,37,3
2020-04-09,AM,899,40
2020-04-09,AP,128,2
2020-04-09,BA,568,19
2020-04-09,CE,1445,57
2020-04-09,DF,527,13
2020-04-09,ES,300,7
2020-04-09,GO,179,7
2020-04-09,MA,293,16
2020-04-09,MG,655,15
2020-04-09,MS,89,2
2020-04-09,MT,108,2
2020-04-09,PA,169,7
2020-04-09,PB,79,11
2020-04-09,PE,555,56
2020-04-09,PI,40,7
2020-04-09,PR,621,24
2020-04-09,RJ,2216,122
2020-04-09,RN,262,11
2020-04-09,RO,28,2
2020-04-09,RR,63,2
2020-04-09,RS,636,14
2020-04-09,SC,693,18
2020-04-09,SE,40,4
2020-04-09,SP,7480,496
2020-04-09,TO,23,0
2020-04-10,AC,70,2
2020-04-10,AL,45,3
2020-04-10,AM,981,50
2020-04-10,AP,166,2
2020-04-10,BA,616,19
2020-04-10,CE,1558,67
2020-04-10,DF,556,14
2020-04-10,ES,349,8
2020-04-10,GO,191,8
2020-04-10,MA,344,21
2020-04-10,MG,698,17
2020-04-10,MS,97,2
2020-04-10,MT,112,2
2020-04-10,PA,217,9
2020-04-10,PB,85,11
2020-04-10,PE,684,65
2020-04-10,PI,41,7
2020-04-10,PR,655,26
2020-04-10,RJ,2464,147
2020-04-10,RN,263,11
2020-04-10,RO,32,2
2020-04-10,RR,75,3
2020-04-10,RS,640,15
2020-04-10,SC,717,18
2020-04-10,SE,42,4
2020-04-10,SP,8216,540
2020-04-10,TO,23,0
2020-04-11,AC,72,2
2020-04-11,AL,48,3
2020-04-11,AM,1050,53
2020-04-11,AP,193,5
2020-04-11,BA,640,21
2020-04-11,CE,1668,74
2020-04-11,DF,592,14
2020-04-11,ES,383,9
2020-04-11,GO,209,10
2020-04-11,MA,398,24
2020-04-11,MG,750,17
2020-04-11,MS,100,2
2020-04-11,MT,121,3
2020-04-11,PA,237,11
2020-04-11,PB,101,13
2020-04-11,PE,816,72
2020-04-11,PI,44,7
2020-04-11,PR,688,27
2020-04-11,RJ,2607,155
2020-04-11,RN,289,13
2020-04-11,RO,34,2
2020-04-11,RR,79,3
2020-04-11,RS,653,16
2020-04-11,SC,732,21
2020-04-11,SE,44,4
2020-04-11,SP,8419,560
2020-04-11,TO,25,0
2020-04-12,AC,77,2
2020-04-12,AL,48,3
2020-04-12,AM,1206,62
2020-04-12,AP,237,5
2020-04-12,BA,674,21
2020-04-12,CE,1747,76
2020-04-12,DF,618,14
2020-04-12,ES,430,14
2020-04-12,GO,229,14
2020-04-12,MA,445,27
2020-04-12,MG,806,20
2020-04-12,MS,101,2
2020-04-12,MT,123,3
2020-04-12,PA,259,14
2020-04-12,PB,111,13
2020-04-12,PE,960,85
2020-04-12,PI,51,7
2020-04-12,PR,750,31
2020-04-12,RJ,2855,170
2020-04-12,RN,339,17
2020-04-12,RO,42,2
2020-04-12,RR,83,3
2020-04-12,RS,664,16
2020-04-12,SC,776,24
2020-04-12,SE,44,4
2020-04-12,SP,8755,588
2020-04-12,TO,26,0
2020-04-13,AC,90,3
2020-04-13,AL,58,4
2020-04-13,AM,1275,71
2020-04-13,AP,244,6
2020-04-13,BA,723,22
2020-04-13,CE,1936,101
2020-04-13,DF,641,15
2020-04-13,ES,463,17
2020-04-13,GO,233,15
2020-04-13,MA,478,32
2020-04-13,MG,815,23
2020-04-13,MS,113,4
2020-04-13,MT,134,4
2020-04-13,PA,310,15
2020-04-13,PB,136,16
2020-04-13,PE,1154,102
2020-04-13,PI,58,8
2020-04-13,PR,768,33
2020-04-13,RJ,3231,188
2020-04-13,RN,376,18
2020-04-13,RO,42,2
2020-04-13,RR,113,3
2020-04-13,RS,685,17
2020-04-13,SC,826,26
2020-04-13,SE,45,4
2020-04-13,SP,8895,608
2020-04-13,TO,26,0
2020-04-14,AC,99,3
2020-04-14,AL,72,4
2020-04-14,AM,1484,90
2020-04-14,AP,308,7
2020-04-14,BA,776,26
2020-04-14,CE,2072,111
2020-04-14,DF,651,17
2020-04-14,ES,557,18
2020-04-14,GO,284,15
2020-04-14,MA,630,34
2020-04-14,MG,884,27
2020-04-14,MS,115,4
2020-04-14,MT,138,4
2020-04-14,PA,384,21
2020-04-14,PB,152,21
2020-04-14,PE,1284,115
2020-04-14,PI,75,8
2020-04-14,PR,803,39
2020-04-14,RJ,3410,224
2020-04-14,RN,399,19
2020-04-14,RO,69,2
2020-04-14,RR,114,3
2020-04-14,RS,720,18
2020-04-14,SC,853,28
2020-04-14,SE,46,4
2020-04-14,SP,9371,695
2020-04-14,TO,27,0
2020-04-15,AC,101,4
2020-04-15,AL,83,5
2020-04-15,AM,1554,106
2020-04-15,AP,342,7
2020-04-15,BA,884,28
2020-04-15,CE,2292,124
2020-04-15,DF,688,17
2020-04-15,ES,734,21
2020-04-15,GO,304,15
2020-04-15,MA,695,37
2020-04-15,MG,903,30
2020-04-15,MS,121,4
2020-04-15,MT,151,4
2020-04-15,PA,487,21
2020-04-15,PB,165,24
2020-04-15,PE,1484,143
2020-04-15,PI,91,8
2020-04-15,PR,816,41
2020-04-15,RJ,3743,265
2020-04-15,RN,400,20
2020-04-15,RO,73,2
2020-04-15,RR,142,3
2020-04-15,RS,762,19
2020-04-15,SC,884,29
2020-04-15,SE,48,4
2020-04-15,SP,11043,778
2020-04-15,TO,29,1
2020-04-16,AC,115,5
2020-04-16,AL,89,5
2020-04-16,AM,1719,124
2020-04-16,AP,362,10
2020-04-16,BA,967,34
2020-04-16,CE,2412,135
2020-04-16,DF,727,20
2020-04-16,ES,935,28
2020-04-16,GO,318,16
2020-04-16,MA,797,40
2020-04-16,MG,958,33
2020-04-16,MS,131,5
2020-04-16,MT,156,5
2020-04-16,PA,557,26
2020-04-16,PB,195,26
2020-04-16,PE,1683,160
2020-04-16,PI,102,8
2020-04-16,PR,845,43
2020-04-16,RJ,3944,301
2020-04-16,RN,463,23
2020-04-16,RO,92,3
2020-04-16,RR,164,3
2020-04-16,RS,792,21
2020-04-16,SC,926,30
2020-04-16,SE,53,4
2020-04-16,SP,11568,853
2020-04-16,TO,31,1
2020-04-17,AC,135,5
2020-04-17,AL,110,7
2020-04-17,AM,1809,145
2020-04-17,AP,375,10
2020-04-17,BA,1064,36
2020-04-17,CE,2747,155
2020-04-17,DF,756,24
2020-04-17,ES,952,28
2020-04-17,GO,335,16
2020-04-17,MA,1040,44
2020-04-17,MG,1021,35
2020-04-17,MS,143,5
2020-04-17,MT,162,5
2020-04-17,PA,627,32
2020-04-17,PB,205,28
2020-04-17,PE,2006,186
2020-04-17,PI,123,9
2020-04-17,PR,887,44
2020-04-17,RJ,4349,341
2020-04-17,RN,516,24
2020-04-17,RO,110,3
2020-04-17,RR,201,3
2020-04-17,RS,831,24
2020-04-17,SC,962,31
2020-04-17,SE,58,4
2020-04-17,SP,12841,928
2020-04-17,TO,32,1
2020-04-18,AC,142,6
2020-04-18,AL,132,10
2020-04-18,AM,1897,161
2020-04-18,AP,400,10
2020-04-18,BA,1200,40
2020-04-18,CE,3062,180
2020-04-18,DF,796,24
2020-04-18,ES,1099,30
2020-04-18,GO,378,18
2020-04-18,MA,1205,48
2020-04-18,MG,1077,39
2020-04-18,MS,161,5
2020-04-18,MT,171,5
2020-04-18,PA,641,33
2020-04-18,PB,236,29
2020-04-18,PE,2193,205
2020-04-18,PI,144,10
2020-04-18,PR,960,49
2020-04-18,RJ,4543,387
2020-04-18,RN,561,26
2020-04-18,RO,128,4
2020-04-18,RR,222,3
2020-04-18,RS,854,24
2020-04-18,SC,975,32
2020-04-18,SE,71,5
2020-04-18,SP,13894,991
2020-04-18,TO,33,1
2020-04-19,AC,163,6
2020-04-19,AL,159,15
2020-04-19,AM,2044,182
2020-04-19,AP,416,11
2020-04-19,BA,1249,45
2020-04-19,CE,3308,189
2020-04-19,DF,860,24
2020-04-19,ES,1195,34
2020-04-19,GO,393,18
2020-04-19,MA,1320,54
2020-04-19,MG,1154,39
2020-04-19,MS,168,5
2020-04-19,MT,174,5
2020-04-19,PA,685,34
2020-04-19,PB,245,32
2020-04-19,PE,2459,216
2020-04-19,PI,158,12
2020-04-19,PR,1002,52
2020-04-19,RJ,4765,402
2020-04-19,RN,595,27
2020-04-19,RO,160,4
2020-04-19,RR,244,3
2020-04-19,RS,869,26
2020-04-19,SC,1025,35
2020-04-19,SE,86,5
2020-04-19,SP,14267,1015
2020-04-19,TO,34,1
2020-04-20,AC,176,8
2020-04-20,AL,171,18
2020-04-20,AM,2160,185
2020-04-20,AP,435,13
2020-04-20,BA,1377,47
2020-04-20,CE,3487,206
2020-04-20,DF,875,24
2020-04-20,ES,1212,34
2020-04-20,GO,403,19
2020-04-20,MA,1410,60
2020-04-20,MG,1189,41
2020-04-20,MS,171,5
2020-04-20,MT,181,6
2020-04-20,PA,902,35
2020-04-20,PB,263,33
2020-04-20,PE,2690,234
2020-04-20,PI,186,14
2020-04-20,PR,1022,53
2020-04-20,RJ,4899,422
2020-04-20,RN,608,28
2020-04-20,RO,199,4
2020-04-20,RR,247,3
2020-04-20,RS,904,27
2020-04-20,SC,1063,35
2020-04-20,SE,92,5
2020-04-20,SP,14580,1037
2020-04-20,TO,35,2
2020-04-21,AC,195,8
2020-04-21,AL,210,19
2020-04-21,AM,2270,193
2020-04-21,AP,466,13
2020-04-21,BA,1504,48
2020-04-21,CE,3716,221
2020-04-21,DF,913,24
2020-04-21,ES,1313,34
2020-04-21,GO,421,19
2020-04-21,MA,1604,66
2020-04-21,MG,1230,44
2020-04-21,MS,173,6
2020-04-21,MT,181,6
2020-04-21,PA,1026,38
2020-04-21,PB,301,39
2020-04-21,PE,2908,260
2020-04-21,PI,206,15
2020-04-21,PR,1039,55
2020-04-21,RJ,5306,461
2020-04-21,RN,646,29
2020-04-21,RO,223,5
2020-04-21,RR,280,3
2020-04-21,RS,918,27
2020-04-21,SC,1091,37
2020-04-21,SE,117,7
2020-04-21,SP,15385,1093
2020-04-21,TO,37,2
2020-04-22,AC,214,8
2020-04-22,AL,243,20
2020-04-22,AM,2479,207
2020-04-22,AP,492,14
2020-04-22,BA,1645,53
2020-04-22,CE,4116,239
2020-04-22,DF,959,25
2020-04-22,ES,1351,37
2020-04-22,GO,438,21
2020-04-22,MA,1757,76
2020-04-22,MG,1283,47
2020-04-22,MS,175,6
2020-04-22,MT,201,6
2020-04-22,PA,1195,43
2020-04-22,PB,345,40
2020-04-22,PE,3298,282
2020-04-22,PI,217,15
2020-04-22,PR,1077,60
2020-04-22,RJ,5552,490
2020-04-22,RN,708,34
2020-04-22,RO,223,5
2020-04-22,RR,297,3
2020-04-22,RS,970,28
2020-04-22,SC,1115,39
2020-04-22,SE,118,7
2020-04-22,SP,15914,1134
2020-04-22,TO,37,2
2020-04-23,AC,227,10
2020-04-23,AL,324,22
2020-04-23,AM,2888,234
2020-04-23,AP,555,16
2020-04-23,BA,1845,62
2020-04-23,CE,4702,271
2020-04-23,DF,968,26
2020-04-23,ES,1453,43
2020-04-23,GO,453,23
2020-04-23,MA,1951,88
2020-04-23,MG,1308,51
2020-04-23,MS,186,7
2020-04-23,MT,221,7
2020-04-23,PA,1267,53
2020-04-23,PB,386,44
2020-04-23,PE,3605,312
2020-04-23,PI,256,16
2020-04-23,PR,1096,62
2020-04-23,RJ,6172,530
2020-04-23,RN,754,38
2020-04-23,RO,250,5
2020-04-23,RR,304,3
2020-04-23,RS,1039,29
2020-04-23,SC,1170,42
2020-04-23,SE,135,8
2020-04-23,SP,16740,1345
2020-04-23,TO,43,2
2020-04-24,AC,234,11
2020-04-24,AL,413,27
2020-04-24,AM,3194,255
2020-04-24,AP,648,18
2020-04-24,BA,1979,67
2020-04-24,CE,5121,293
2020-04-24,DF,1012,26
2020-04-24,ES,1665,47
2020-04-24,GO,486,24
2020-04-24,MA,2105,100
2020-04-24,MG,1419,54
2020-04-24,MS,213,7
2020-04-24,MT,240,8
2020-04-24,PA,1579,86
2020-04-24,PB,447,46
2020-04-24,PE,3999,352
2020-04-24,PI,297,17
2020-04-24,PR,1133,67
2020-04-24,RJ,6282,570
2020-04-24,RN,781,40
2020-04-24,RO,290,6
2020-04-24,RR,345,3
2020-04-24,RS,1096,34
2020-04-24,SC,1209,42
2020-04-24,SE,145,8
2020-04-24,SP,17826,1512
2020-04-24,TO,50,2
2020-04-25,AC,258,11
2020-04-25,AL,501,29
2020-04-25,AM,3635,287
2020-04-25,AP,689,20
2020-04-25,BA,2116,72
2020-04-25,CE,5667,326
2020-04-25,DF,1020,27
2020-04-25,ES,1711,52
2020-04-25,GO,506,25
2020-04-25,MA,2223,112
2020-04-25,MG,1481,58
2020-04-25,MS,217,7
2020-04-25,MT,247,9
2020-04-25,PA,1745,95
2020-04-25,PB,499,49
2020-04-25,PE,4507,381
2020-04-25,PI,331,18
2020-04-25,PR,1155,71
2020-04-25,RJ,6828,615
2020-04-25,RN,825,44
2020-04-25,RO,328,7
2020-04-25,RR,401,4
2020-04-25,RS,1166,35
2020-04-25,SC,1235,42
2020-04-25,SE,154,9
2020-04-25,SP,20004,1667
2020-04-25,TO,58,2
2020-04-26,AC,279,11
2020-04-26,AL,560,32
2020-04-26,AM,3833,304
2020-04-26,AP,821,23
2020-04-26,BA,2248,74
2020-04-26,CE,6260,376
2020-04-26,DF,1125,27
2020-04-26,ES,1819,57
2020-04-26,GO,573,25
2020-04-26,MA,2410,125
2020-04-26,MG,1548,61
2020-04-26,MS,234,7
2020-04-26,MT,250,9
2020-04-26,PA,2070,114
2020-04-26,PB,543,50
2020-04-26,PE,4898,415
2020-04-26,PI,364,20
2020-04-26,PR,1171,75
2020-04-26,RJ,7111,645
2020-04-26,RN,832,45
2020-04-26,RO,364,10
2020-04-26,RR,407,4
2020-04-26,RS,1208,38
2020-04-26,SC,1337,43
2020-04-26,SE,175,9
2020-04-26,SP,20715,1700
2020-04-26,TO,67,2
2020-04-27,AC,301,14
2020-04-27,AL,643,34
2020-04-27,AM,3928,320
2020-04-27,AP,842,26
2020-04-27,BA,2356,83
2020-04-27,CE,6783,397
2020-04-27,DF,1189,28
2020-04-27,ES,1944,63
2020-04-27,GO,616,26
2020-04-27,MA,2528,145
2020-04-27,MG,1586,62
2020-04-27,MS,238,9
2020-04-27,MT,257,10
2020-04-27,PA,2219,122
2020-04-27,PB,633,53
2020-04-27,PE,5358,450
2020-04-27,PI,408,21
2020-04-27,PR,1201,77
2020-04-27,RJ,7944,677
2020-04-27,RN,857,48
2020-04-27,RO,393,10
2020-04-27,RR,425,4
2020-04-27,RS,1256,45
2020-04-27,SC,1476,44
2020-04-27,SE,211,11
2020-04-27,SP,21696,1825
2020-04-27,TO,79,2
2020-04-28,AC,317,16
2020-04-28,AL,777,36
2020-04-28,AM,4337,351
2020-04-28,AP,918,28
2020-04-28,BA,2564,93
2020-04-28,CE,6985,417
2020-04-28,DF,1230,28
2020-04-28,ES,2164,77
2020-04-28,GO,661,27
2020-04-28,MA,2804,166
2020-04-28,MG,1649,71
2020-04-28,MS,240,9
2020-04-28,MT,261,11
2020-04-28,PA,2319,132
2020-04-28,PB,698,57
2020-04-28,PE,5724,508
2020-04-28,PI,454,24
2020-04-28,PR,1286,79
2020-04-28,RJ,8504,738
2020-04-28,RN,1086,54
2020-04-28,RO,413,11
2020-04-28,RR,425,6
2020-04-28,RS,1350,49
2020-04-28,SC,1995,44
2020-04-28,SE,280,11
2020-04-28,SP,24041,2049
2020-04-28,TO,116,2
2020-04-29,AC,354,18
2020-04-29,AL,957,41
2020-04-29,AM,4801,380
2020-04-29,AP,1016,31
2020-04-29,BA,2676,100
2020-04-29,CE,7411,450
2020-04-29,DF,1313,28
2020-04-29,ES,2538,84
2020-04-29,GO,705,27
2020-04-29,MA,3190,184
2020-04-29,MG,1758,80
2020-04-29,MS,249,9
2020-04-29,MT,292,11
2020-04-29,PA,2586,156
2020-04-29,PB,814,62
2020-04-29,PE,6194,538
2020-04-29,PI,513,24
2020-04-29,PR,1364,84
2020-04-29,RJ,8869,794
2020-04-29,RN,1177,56
2020-04-29,RO,433,15
2020-04-29,RR,452,6
2020-04-29,RS,1420,51
2020-04-29,SC,2085,46
2020-04-29,SE,337,12
2020-04-29,SP,26158,2247
2020-04-29,TO,137,3
2020-04-30,AC,404,19
2020-04-30,AL,1045,47
2020-04-30,AM,5254,425
2020-04-30,AP,1080,34
2020-04-30,BA,2867,106
2020-04-30,CE,7861,492
2020-04-30,DF,1423,30
2020-04-30,ES,2688,93
2020-04-30,GO,781,29
2020-04-30,MA,3506,204
2020-04-30,MG,1827,82
2020-04-30,MS,255,9
2020-04-30,MT,297,11
2020-04-30,PA,2999,224
2020-04-30,PB,926,67
2020-04-30,PE,6876,565
2020-04-30,PI,600,24
2020-04-30,PR,1423,88
2020-04-30,RJ,9453,854
2020-04-30,RN,1297,56
2020-04-30,RO,502,16
2020-04-30,RR,519,7
2020-04-30,RS,1529,58
2020-04-30,SC,2394,48
2020-04-30,SE,453,14
2020-04-30,SP,28698,2375
2020-04-30,TO,164,3
2020-05-01,AC,487,19
2020-05-01,AL,1226,53
2020-05-01,AM,5723,476
2020-05-01,AP,1121,37
2020-05-01,BA,3140,117
2020-05-01,CE,8000,539
2020-05-01,DF,1546,31
2020-05-01,ES,2913,101
2020-05-01,GO,808,29
2020-05-01,MA,3805,224
2020-05-01,MG,1935,88
2020-05-01,MS,261,9
2020-05-01,MT,320,11
2020-05-01,PA,3359,263
2020-05-01,PB,1034,74
2020-05-01,PE,7334,603
2020-05-01,PI,665,26
2020-05-01,PR,1464,92
2020-05-01,RJ,10166,921
2020-05-01,RN,1366,59
2020-05-01,RO,585,18
2020-05-01,RR,602,8
2020-05-01,RS,1619,62
2020-05-01,SC,2104,50
2020-05-01,SE,517,14
2020-05-01,SP,30374,2511
2020-05-01,TO,191,4
2020-05-02,AC,553,22
2020-05-02,AL,1372,58
2020-05-02,AM,6062,501
2020-05-02,AP,1187,40
2020-05-02,BA,3315,123
2020-05-02,CE,8309,638
2020-05-02,DF,1605,32
2020-05-02,ES,3104,104
2020-05-02,GO,825,30
2020-05-02,MA,4040,237
2020-05-02,MG,2023,88
2020-05-02,MS,266,9
2020-05-02,MT,331,12
2020-05-02,PA,3727,306
2020-05-02,PB,1169,76
2020-05-02,PE,8145,628
2020-05-02,PI,742,28
2020-05-02,PR,1510,93
2020-05-02,RJ,10546,971
2020-05-02,RN,1392,61
2020-05-02,RO,654,23
2020-05-02,RR,668,9
2020-05-02,RS,1666,65
2020-05-02,SC,2346,52
2020-05-02,SE,601,14
2020-05-02,SP,31174,2586
2020-05-02,TO,246,4
2020-05-03,AC,658,25
2020-05-03,AL,1441,64
2020-05-03,AM,6683,548
2020-05-03,AP,1482,43
2020-05-03,BA,3566,128
2020-05-03,CE,8379,677
2020-05-03,DF,1720,33
2020-05-03,ES,3208,115
2020-05-03,GO,850,30
2020-05-03,MA,4227,249
2020-05-03,MG,2118,89
2020-05-03,MS,272,10
2020-05-03,MT,337,12
2020-05-03,PA,3920,317
2020-05-03,PB,1219,79
2020-05-03,PE,8643,652
2020-05-03,PI,784,28
2020-05-03,PR,1533,96
2020-05-03,RJ,11139,1019
2020-05-03,RN,1421,62
2020-05-03,RO,705,24
2020-05-03,RR,740,11
2020-05-03,RS,1690,67
2020-05-03,SC,2519,52
2020-05-03,SE,730,14
2020-05-03,SP,31772,2627
2020-05-03,TO,267,6
2020-05-04,AC,733,28
2020-05-04,AL,1538,72
2020-05-04,AM,7313,585
2020-05-04,AP,1733,49
2020-05-04,BA,3734,141
2020-05-04,CE,11040,712
2020-05-04,DF,1793,33
2020-05-04,ES,3351,123
2020-05-04,GO,861,30
2020-05-04,MA,4530,271
2020-05-04,MG,2347,90
2020-05-04,MS,274,10
2020-05-04,MT,344,13
2020-05-04,PA,4262,344
2020-05-04,PB,1361,85
2020-05-04,PE,8863,691
2020-05-04,PI,875,29
2020-05-04,PR,1581,97
2020-05-04,RJ,11721,1065
2020-05-04,RN,1536,68
2020-05-04,RO,756,25
2020-05-04,RR,806,11
2020-05-04,RS,1768,76
2020-05-04,SC,2623,55
2020-05-04,SE,772,17
2020-05-04,SP,32187,2654
2020-05-04,TO,303,7
2020-05-05,AC,817,29
2020-05-05,AL,1606,80
2020-05-05,AM,8109,649
2020-05-05,AP,1931,55
2020-05-05,BA,4040,146
2020-05-05,CE,11470,795
2020-05-05,DF,1837,34
2020-05-05,ES,3540,133
2020-05-05,GO,922,38
2020-05-05,MA,5028,291
2020-05-05,MG,2452,94
2020-05-05,MS,283,10
2020-05-05,MT,365,13
2020-05-05,PA,4756,375
2020-05-05,PB,1493,92
2020-05-05,PE,9325,749
2020-05-05,PI,949,30
2020-05-05,PR,1608,102
2020-05-05,RJ,12391,1123
2020-05-05,RN,1644,72
2020-05-05,RO,861,29
2020-05-05,RR,869,11
2020-05-05,RS,2019,83
2020-05-05,SC,2795,58
2020-05-05,SE,898,21
2020-05-05,SP,34053,2851
2020-05-05,TO,351,9
2020-05-06,AC,943,35
2020-05-06,AL,1703,89
2020-05-06,AM,9243,751
2020-05-06,AP,2046,56
2020-05-06,BA,4301,160
2020-05-06,CE,12310,849
2020-05-06,DF,2046,35
2020-05-06,ES,3714,146
2020-05-06,GO,1024,45
2020-05-06,MA,5389,305
2020-05-06,MG,2605,97
2020-05-06,MS,288,10
2020-05-06,MT,379,13
2020-05-06,PA,5524,410
2020-05-06,PB,1657,101
2020-05-06,PE,9881,803
2020-05-06,PI,1051,35
2020-05-06,PR,1647,104
2020-05-06,RJ,13295,1205
2020-05-06,RN,1739,76
2020-05-06,RO,943,33
2020-05-06,RR,932,13
2020-05-06,RS,2100,90
2020-05-06,SC,2917,59
2020-05-06,SE,998,23
2020-05-06,SP,37853,3045
2020-05-06,TO,423,9
2020-05-07,AC,1014,36
2020-05-07,AL,1867,98
2020-05-07,AM,10099,806
2020-05-07,AP,2199,61
2020-05-07,BA,4528,165
2020-05-07,CE,13888,903
2020-05-07,DF,2258,35
2020-05-07,ES,3988,157
2020-05-07,GO,1027,44
2020-05-07,MA,5909,330
2020-05-07,MG,2770,106
2020-05-07,MS,311,10
2020-05-07,MT,417,13
2020-05-07,PA,5935,488
2020-05-07,PB,1849,111
2020-05-07,PE,10824,845
2020-05-07,PI,1131,37
2020-05-07,PR,1678,107
2020-05-07,RJ,14156,1394
2020-05-07,RN,1821,81
2020-05-07,RO,1098,37
2020-05-07,RR,1020,14
2020-05-07,RS,2182,91
2020-05-07,SC,3082,63
2020-05-07,SE,1214,25
2020-05-07,SP,39928,3206
2020-05-07,TO,494,9
2020-05-08,AC,1177,38
2020-05-08,AL,2033,108
2020-05-08,AM,10727,874
2020-05-08,AP,2322,66
2020-05-08,BA,4819,183
2020-05-08,CE,15134,997
2020-05-08,DF,2442,37
2020-05-08,ES,4242,165
2020-05-08,GO,1053,49
2020-05-08,MA,6765,355
2020-05-08,MG,2943,111
2020-05-08,MS,326,11
2020-05-08,MT,457,14
2020-05-08,PA,6519,574
2020-05-08,PB,2031,114
2020-05-08,PE,11587,927
2020-05-08,PI,1233,38
2020-05-08,PR,1734,109
2020-05-08,RJ,15741,1503
2020-05-08,RN,1919,87
2020-05-08,RO,1222,39
2020-05-08,RR,1124,16
2020-05-08,RS,2493,95
2020-05-08,SC,3205,63
2020-05-08,SE,1438,28
2020-05-08,SP,41830,3416
2020-05-08,TO,573,9
2020-05-09,AC,1335,40
2020-05-09,AL,2172,114
2020-05-09,AM,11925,962
2020-05-09,AP,2493,69
2020-05-09,BA,5175,196
2020-05-09,CE,15879,1062
2020-05-09,DF,2576,39
2020-05-09,ES,4412,172
2020-05-09,GO,1069,49
2020-05-09,MA,7599,379
2020-05-09,MG,3123,118
2020-05-09,MS,346,11
2020-05-09,MT,502,16
2020-05-09,PA,7018,610
2020-05-09,PB,2156,124
2020-05-09,PE,12470,972
2020-05-09,PI,1278,42
2020-05-09,PR,1809,110
2020-05-09,RJ,16929,1653
2020-05-09,RN,1919,87
2020-05-09,RO,1263,41
2020-05-09,RR,1202,18
2020-05-09,RS,2542,97
2020-05-09,SC,3372,64
2020-05-09,SE,1588,33
2020-05-09,SP,44411,3608
2020-05-09,TO,688,11
2020-05-10,AC,1447,41
2020-05-10,AL,2258,126
2020-05-10,AM,12599,1004
2020-05-10,AP,2613,72
2020-05-10,BA,5559,202
2020-05-10,CE,16692,1114
2020-05-10,DF,2682,42
2020-05-10,ES,4599,181
2020-05-10,GO,1093,49
2020-05-10,MA,8144,399
2020-05-10,MG,3237,119
2020-05-10,MS,362,11
2020-05-10,MT,519,18
2020-05-10,PA,7348,672
2020-05-10,PB,2341,135
2020-05-10,PE,13275,1047
2020-05-10,PI,1332,45
2020-05-10,PR,1859,112
2020-05-10,RJ,17062,1714
2020-05-10,RN,1930,88
2020-05-10,RO,1302,43
2020-05-10,RR,1290,21
2020-05-10,RS,2576,100
2020-05-10,SC,3429,65
2020-05-10,SE,1771,34
2020-05-10,SP,45444,3709
2020-05-10,TO,747,12
2020-05-11,AC,1460,45
2020-05-11,AL,2343,138
2020-05-11,AM,12919,1035
2020-05-11,AP,2671,73
2020-05-11,BA,5808,214
2020-05-11,CE,17599,1189
2020-05-11,DF,2799,44
2020-05-11,ES,4819,196
2020-05-11,GO,1100,49
2020-05-11,MA,8526,423
2020-05-11,MG,3320,121
2020-05-11,MS,385,11
2020-05-11,MT,541,19
2020-05-11,PA,8069,812
2020-05-11,PB,2525,139
2020-05-11,PE,13768,1087
2020-05-11,PI,1443,49
2020-05-11,PR,1873,114
2020-05-11,RJ,17939,1770
2020-05-11,RN,2033,93
2020-05-11,RO,1398,47
2020-05-11,RR,1295,24
2020-05-11,RS,2808,105
2020-05-11,SC,3529,69
2020-05-11,SE,1800,37
2020-05-11,SP,46131,3743
2020-05-11,TO,828,14
2020-05-12,AC,1590,51
2020-05-12,AL,2580,150
2020-05-12,AM,14168,1098
2020-05-12,AP,2910,86
2020-05-12,BA,6205,225
2020-05-12,CE,18412,1280
2020-05-12,DF,2979,46
2020-05-12,ES,5087,212
2020-05-12,GO,1115,52
2020-05-12,MA,9112,444
2020-05-12,MG,3435,127
2020-05-12,MS,405,12
2020-05-12,MT,591,19
2020-05-12,PA,9059,914
2020-05-12,PB,2777,154
2020-05-12,PE,14309,1157
2020-05-12,PI,1612,57
2020-05-12,PR,1930,116
2020-05-12,RJ,18486,1928
2020-05-12,RN,2367,105
2020-05-12,RO,1460,50
2020-05-12,RR,1411,28
2020-05-12,RS,2917,111
2020-05-12,SC,3733,73
2020-05-12,SE,2032,37
2020-05-12,SP,47719,3949
2020-05-12,TO,932,21
2020-05-13,AC,1694,52
2020-05-13,AL,2761,164
2020-05-13,AM,15816,1160
2020-05-13,AP,3005,94
2020-05-13,BA,6549,236
2020-05-13,CE,19156,1389
2020-05-13,DF,3192,48
2020-05-13,ES,5401,233
2020-05-13,GO,1225,61
2020-05-13,MA,9801,470
2020-05-13,MG,3733,135
2020-05-13,MS,430,13
2020-05-13,MT,661,20
2020-05-13,PA,10344,1022
2020-05-13,PB,3045,157
2020-05-13,PE,14901,1224
2020-05-13,PI,1784,60
2020-05-13,PR,2023,120
2020-05-13,RJ,18728,2050
2020-05-13,RN,2537,117
2020-05-13,RO,1612,50
2020-05-13,RR,1411,29
2020-05-13,RS,2997,120
2020-05-13,SC,3828,73
2020-05-13,SE,2268,42
2020-05-13,SP,51097,4118
2020-05-13,TO,1029,23
2020-05-14,AC,1740,55
2020-05-14,AL,2972,177
2020-05-14,AM,17181,1235
2020-05-14,AP,3428,101
2020-05-14,BA,6956,262
2020-05-14,CE,21077,1413
2020-05-14,DF,3416,51
2020-05-14,ES,5813,249
2020-05-14,GO,1460,67
2020-05-14,MA,10739,496
2020-05-14,MG,3950,139
2020-05-14,MS,452,14
2020-05-14,MT,719,23
2020-05-14,PA,11479,1095
2020-05-14,PB,3361,160
2020-05-14,PE,15588,1298
2020-05-14,PI,1905,60
2020-05-14,PR,2091,122
2020-05-14,RJ,19467,2247
2020-05-14,RN,2786,122
2020-05-14,RO,1686,56
2020-05-14,RR,1500,37
2020-05-14,RS,3101,126
2020-05-14,SC,4332,78
2020-05-14,SE,2494,47
2020-05-14,SP,54286,4315
2020-05-14,TO,1179,24
2020-05-15,AC,1785,57
2020-05-15,AL,3212,187
2020-05-15,AM,18392,1331
2020-05-15,AP,3630,103
2020-05-15,BA,8130,281
2020-05-15,CE,23059,1566
2020-05-15,DF,3787,55
2020-05-15,ES,6198,260
2020-05-15,GO,1605,67
2020-05-15,MA,11592,524
2020-05-15,MG,4196,146
2020-05-15,MS,479,14
2020-05-15,MT,779,26
2020-05-15,PA,12638,1175
2020-05-15,PB,3739,170
2020-05-15,PE,16209,1381
2020-05-15,PI,2085,65
2020-05-15,PR,2167,124
2020-05-15,RJ,19987,2438
2020-05-15,RN,2786,122
2020-05-15,RO,1794,62
2020-05-15,RR,1589,40
2020-05-15,RS,3695,132
2020-05-15,SC,4562,79
2020-05-15,SE,2868,50
2020-05-15,SP,58378,4501
2020-05-15,TO,1279,27
2020-05-16,AC,1867,59
2020-05-16,AL,3593,199
2020-05-16,AM,19677,1375
2020-05-16,AP,3834,108
2020-05-16,BA,8316,286
2020-05-16,CE,23795,1614
2020-05-16,DF,4140,56
2020-05-16,ES,6595,271
2020-05-16,GO,1652,69
2020-05-16,MA,12492,549
2020-05-16,MG,4474,150
2020-05-16,MS,508,15
2020-05-16,MT,851,27
2020-05-16,PA,13464,1223
2020-05-16,PB,4063,183
2020-05-16,PE,18488,1461
2020-05-16,PI,2252,72
2020-05-16,PR,2272,126
2020-05-16,RJ,21601,2614
2020-05-16,RN,3004,136
2020-05-16,RO,1919,69
2020-05-16,RR,1706,49
2020-05-16,RS,3734,138
2020-05-16,SC,4678,81
2020-05-16,SE,3135,53
2020-05-16,SP,61183,4688
2020-05-16,TO,1382,31
2020-05-17,AC,1997,62
2020-05-17,AL,3816,210
2020-05-17,AM,20328,1413
2020-05-17,AP,3952,119
2020-05-17,BA,8444,295
2020-05-17,CE,24255,1641
2020-05-17,DF,4368,59
2020-05-17,ES,6744,285
2020-05-17,GO,1692,70
2020-05-17,MA,13238,576
2020-05-17,MG,4611,156
2020-05-17,MS,570,15
2020-05-17,MT,901,27
2020-05-17,PA,14201,1280
2020-05-17,PB,4347,194
2020-05-17,PE,19452,1516
2020-05-17,PI,2287,80
2020-05-17,PR,2316,127
2020-05-17,RJ,22238,2715
2020-05-17,RN,3138,139
2020-05-17,RO,1963,74
2020-05-17,RR,1791,51
2020-05-17,RS,3735,144
2020-05-17,SC,4776,83
2020-05-17,SE,3343,57
2020-05-17,SP,62345,4782
2020-05-17,TO,1496,32
2020-05-18,AC,2234,67
2020-05-18,AL,4031,221
2020-05-18,AM,20913,1433
2020-05-18,AP,4023,127
2020-05-18,BA,8882,312
2020-05-18,CE,26363,1748
2020-05-18,DF,4619,66
2020-05-18,ES,7157,302
2020-05-18,GO,1781,73
2020-05-18,MA,14198,604
2020-05-18,MG,4695,161
2020-05-18,MS,613,16
2020-05-18,MT,937,29
2020-05-18,PA,15467,1392
2020-05-18,PB,4786,207
2020-05-18,PE,20094,1640
2020-05-18,PI,2440,85
2020-05-18,PR,2390,130
2020-05-18,RJ,26665,2852
2020-05-18,RN,3483,160
2020-05-18,RO,2043,83
2020-05-18,RR,1882,60
2020-05-18,RS,3750,151
2020-05-18,SC,5175,85
2020-05-18,SE,3566,59
2020-05-18,SP,63066,4823
2020-05-18,TO,1646,38
2020-05-19,AC,2482,73
2020-05-19,AL,4319,235
2020-05-19,AM,22132,1491
2020-05-19,AP,4310,136
2020-05-19,BA,11014,326
2020-05-19,CE,28112,1856
2020-05-19,DF,4853,72
2020-05-19,ES,7693,325
2020-05-19,GO,1880,73
2020-05-19,MA,15114,634
2020-05-19,MG,4977,167
2020-05-19,MS,642,16
2020-05-19,MT,995,32
2020-05-19,PA,17177,1554
2020-05-19,PB,5300,219
2020-05-19,PE,21242,1741
2020-05-19,PI,2637,87
2020-05-19,PR,2519,133
2020-05-19,RJ,27805,3079
2020-05-19,RN,3796,170
2020-05-19,RO,2413,88
2020-05-19,RR,1988,64
2020-05-19,RS,3798,160
2020-05-19,SC,5413,91
2020-05-19,SE,3967,63
2020-05-19,SP,65995,5147
2020-05-19,TO,1809,42
2020-05-20,AC,2817,76
2020-05-20,AL,4437,251
2020-05-20,AM,23704,1561
2020-05-20,AP,4549,142
2020-05-20,BA,11198,362
2020-05-20,CE,30560,1900
2020-05-20,DF,5271,78
2020-05-20,ES,8495,346
2020-05-20,GO,2049,78
2020-05-20,MA,16058,663
2020-05-20,MG,5286,177
2020-05-20,MS,693,17
2020-05-20,MT,1069,32
2020-05-20,PA,18929,1778
2020-05-20,PB,5838,230
2020-05-20,PE,22560,1834
2020-05-20,PI,2852,91
2020-05-20,PR,2656,140
2020-05-20,RJ,30372,3237
2020-05-20,RN,4060,178
2020-05-20,RO,2499,90
2020-05-20,RR,2067,64
2020-05-20,RS,4973,161
2020-05-20,SC,5499,94
2020-05-20,SE,4277,69
2020-05-20,SP,69859,5363
2020-05-20,TO,1976,47
2020-05-21,AC,3103,78
2020-05-21,AL,4916,262
2020-05-21,AM,25367,1620
2020-05-21,AP,5188,151
2020-05-21,BA,11942,376
2020-05-21,CE,31413,2161
2020-05-21,DF,5542,84
2020-05-21,ES,8878,363
2020-05-21,GO,2155,85
2020-05-21,MA,17212,693
2020-05-21,MG,5596,191
2020-05-21,MS,746,17
2020-05-21,MT,1172,34
2020-05-21,PA,20532,1893
2020-05-21,PB,6238,245
2020-05-21,PE,23911,1925
2020-05-21,PI,3074,93
2020-05-21,PR,2855,144
2020-05-21,RJ,32089,3412
2020-05-21,RN,4251,181
2020-05-21,RO,2659,101
2020-05-21,RR,2146,72
2020-05-21,RS,5473,166
2020-05-21,SC,5610,98
2020-05-21,SE,4734,76
2020-05-21,SP,73739,5558
2020-05-21,TO,2205,49
2020-05-22,AC,3343,80
2020-05-22,AL,5302,280
2020-05-22,AM,27038,1669
2020-05-22,AP,5655,157
2020-05-22,BA,12558,399
2020-05-22,CE,34573,2251
2020-05-22,DF,5948,90
2020-05-22,ES,9520,397
2020-05-22,GO,2344,95
2020-05-22,MA,18767,722
2020-05-22,MG,5995,201
2020-05-22,MS,805,17
2020-05-22,MT,1247,37
2020-05-22,PA,22697,2003
2020-05-22,PB,6882,248
2020-05-22,PE,25760,2057
2020-05-22,PI,3258,99
2020-05-22,PR,2985,149
2020-05-22,RJ,33589,3657
2020-05-22,RN,4599,184
2020-05-22,RO,2774,106
2020-05-22,RR,2306,83
2020-05-22,RS,5918,172
2020-05-22,SC,6458,100
2020-05-22,SE,4922,82
2020-05-22,SP,76871,5773
2020-05-22,TO,2430,51
2020-05-23,AC,3867,87
2020-05-23,AL,5630,301
2020-05-23,AM,28802,1744
2020-05-23,AP,6091,162
2020-05-23,BA,13001,413
2020-05-23,CE,35122,2308
2020-05-23,DF,6251,95
2020-05-23,ES,9918,417
2020-05-23,GO,2435,95
2020-05-23,MA,21191,754
2020-05-23,MG,6338,217
2020-05-23,MS,858,17
2020-05-23,MT,1352,37
2020-05-23,PA,24125,2150
2020-05-23,PB,7508,258
2020-05-23,PE,26786,2144
2020-05-23,PI,3390,107
2020-05-23,PR,3147,153
2020-05-23,RJ,34533,3905
2020-05-23,RN,4599,184
2020-05-23,RO,3109,115
2020-05-23,RR,2439,81
2020-05-23,RS,6336,176
2020-05-23,SC,6607,103
2020-05-23,SE,5131,86
2020-05-23,SP,80558,6045
2020-05-23,TO,2430,51
2020-05-24,AC,4160,92
2020-05-24,AL,6214,316
2020-05-24,AM,29867,1758
2020-05-24,AP,6353,163
2020-05-24,BA,13900,460
2020-05-24,CE,35595,2324
2020-05-24,DF,6638,104
2020-05-24,ES,10007,447
2020-05-24,GO,2488,95
2020-05-24,MA,22786,784
2020-05-24,MG,6668,226
2020-05-24,MS,1023,17
2020-05-24,MT,1462,40
2020-05-24,PA,24815,2290
2020-05-24,PB,7823,272
2020-05-24,PE,27759,2200
2020-05-24,PI,3550,110
2020-05-24,PR,3260,156
2020-05-24,RJ,37912,3993
2020-05-24,RN,4774,212
2020-05-24,RO,3201,121
2020-05-24,RR,2439,84
2020-05-24,RS,6470,180
2020-05-24,SC,6696,105
2020-05-24,SE,5314,93
2020-05-24,SP,82161,6163
2020-05-24,TO,2696,58
2020-05-25,AC,4501,97
2020-05-25,AL,6682,337
2020-05-25,AM,30282,1781
2020-05-25,AP,6584,168
2020-05-25,BA,14205,477
2020-05-25,CE,36185,2493
2020-05-25,DF,6930,114
2020-05-25,ES,10365,465
2020-05-25,GO,2515,96
2020-05-25,MA,24278,817
2020-05-25,MG,6962,230
2020-05-25,MS,1100,17
2020-05-25,MT,1564,41
2020-05-25,PA,27366,2431
2020-05-25,PB,8016,279
2020-05-25,PE,28366,2248
2020-05-25,PI,3720,119
2020-05-25,PR,3384,160
2020-05-25,RJ,39298,4105
2020-05-25,RN,5472,220
2020-05-25,RO,3268,121
2020-05-25,RR,2564,86
2020-05-25,RS,6559,197
2020-05-25,SC,6875,109
2020-05-25,SE,5448,103
2020-05-25,SP,83625,6220
2020-05-25,TO,2696,58
2020-05-26,AC,4781,105
2020-05-26,AL,7058,354
2020-05-26,AM,31949,1852
2020-05-26,AP,6967,173
2020-05-26,BA,14567,495
2020-05-26,CE,37021,2603
2020-05-26,DF,7210,124
2020-05-26,ES,10889,487
2020-05-26,GO,2706,104
2020-05-26,MA,26145,853
2020-05-26,MG,7516,234
2020-05-26,MS,1186,18
2020-05-26,MT,1710,43
2020-05-26,PA,29882,2522
2020-05-26,PB,8919,286
2020-05-26,PE,28854,2328
2020-05-26,PI,3966,134
2020-05-26,PR,3567,164
2020-05-26,RJ,40024,4361
2020-05-26,RN,5630,242
2020-05-26,RO,3493,133
2020-05-26,RR,2682,102
2020-05-26,RS,6785,203
2020-05-26,SC,7016,121
2020-05-26,SE,5735,116
2020-05-26,SP,86017,6423
2020-05-26,TO,2858,64
2020-05-27,AC,5251,113
2020-05-27,AL,7580,368
2020-05-27,AM,33508,1891
2020-05-27,AP,7619,183
2020-05-27,BA,15070,531
2020-05-27,CE,37275,2671
2020-05-27,DF,7761,133
2020-05-27,ES,11484,511
2020-05-27,GO,2906,108
2020-05-27,MA,27979,887
2020-05-27,MG,8011,240
2020-05-27,MS,1262,18
2020-05-27,MT,1874,46
2020-05-27,PA,31671,2605
2020-05-27,PB,10209,298
2020-05-27,PE,29919,2468
2020-05-27,PI,4243,138
2020-05-27,PR,3768,167
2020-05-27,RJ,42398,4605
2020-05-27,RN,5630,242
2020-05-27,RO,3862,137
2020-05-27,RR,2959,102
2020-05-27,RS,7048,209
2020-05-27,SC,7372,126
2020-05-27,SE,5912,127
2020-05-27,SP,89483,6712
2020-05-27,TO,3277,68
2020-05-28,AC,5600,122
2020-05-28,AL,8056,385
2020-05-28,AM,36146,1964
2020-05-28,AP,8152,198
2020-05-28,BA,15963,570
2020-05-28,CE,37821,2733
2020-05-28,DF,8300,142
2020-05-28,ES,12203,538
2020-05-28,GO,3101,115
2020-05-28,MA,30482,911
2020-05-28,MG,8686,255
2020-05-28,MS,1356,18
2020-05-28,MT,2046,52
2020-05-28,PA,35132,2785
2020-05-28,PB,11132,318
2020-05-28,PE,30713,2566
2020-05-28,PI,4503,146
2020-05-28,PR,4041,174
2020-05-28,RJ,44886,4856
2020-05-28,RN,6463,268
2020-05-28,RO,4252,142
2020-05-28,RR,3098,108
2020-05-28,RS,8234,213
2020-05-28,SC,8000,131
2020-05-28,SE,6156,135
2020-05-28,SP,95865,6980
2020-05-28,TO,3277,68
2020-05-29,AC,5841,135
2020-05-29,AL,8619,406
2020-05-29,AM,38909,2011
2020-05-29,AP,8469,207
2020-05-29,BA,16917,609
2020-05-29,CE,38395,2859
2020-05-29,DF,8722,154
2020-05-29,ES,12903,560
2020-05-29,GO,3521,119
2020-05-29,MA,32620,932
2020-05-29,MG,9232,257
2020-05-29,MS,1418,19
2020-05-29,MT,2223,56
2020-05-29,PA,37296,2900
2020-05-29,PB,12011,327
2020-05-29,PE,32255,2669
2020-05-29,PI,4745,157
2020-05-29,PR,4300,178
2020-05-29,RJ,47953,5079
2020-05-29,RN,7402,305
2020-05-29,RO,4502,145
2020-05-29,RR,3299,110
2020-05-29,RS,8843,216
2020-05-29,SC,8530,134
2020-05-29,SE,6462,142
2020-05-29,SP,101556,7275
2020-05-29,TO,3611,70
2020-05-30,AC,6072,142
2020-05-30,AL,9223,424
2020-05-30,AM,40560,2047
2020-05-30,AP,9313,215
2020-05-30,BA,17626,638
2020-05-30,CE,47822,2956
2020-05-30,DF,9474,162
2020-05-30,ES,13437,583
2020-05-30,GO,3609,124
2020-05-30,MA,34639,955
2020-05-30,MG,9630,263
2020-05-30,MS,1489,20
2020-05-30,MT,2373,57
2020-05-30,PA,37859,2920
2020-05-30,PB,12862,347
2020-05-30,PE,33427,2740
2020-05-30,PI,4931,161
2020-05-30,PR,4538,186
2020-05-30,RJ,52420,5277
2020-05-30,RN,7402,305
2020-05-30,RO,4743,151
2020-05-30,RR,3475,116
2020-05-30,RS,9242,218
2020-05-30,SC,8780,136
2020-05-30,SE,6805,149
2020-05-30,SP,107142,7532
2020-05-30,TO,3981,71
2020-05-31,AC,6219,148
2020-05-31,AL,10288,443
2020-05-31,AM,41378,2052
2020-05-31,AP,9602,222
2020-05-31,BA,18392,667
2020-05-31,CE,48489,3010
2020-05-31,DF,9780,170
2020-05-31,ES,13690,604
2020-05-31,GO,3726,124
2020-05-31,MA,35297,976
2020-05-31,MG,10464,271
2020-05-31,MS,1568,20
2020-05-31,MT,2444,61
2020-05-31,PA,37961,2923
2020-05-31,PB,13162,360
2020-05-31,PE,34450,2807
2020-05-31,PI,5119,168
2020-05-31,PR,4752,187
2020-05-31,RJ,53388,5344
2020-05-31,RN,8051,323
2020-05-31,RO,4942,156
2020-05-31,RR,3692,116
2020-05-31,RS,9332,224
2020-05-31,SC,9037,143
2020-05-31,SE,6999,158
2020-05-31,SP,109698,7615
2020-05-31,TO,4176,73
2020-06-01,AC,6326,161
2020-06-01,AL,10837,461
2020-06-01,AM,41774,2071
2020-06-01,AP,9890,228
2020-06-01,BA,18898,701
2020-06-01,CE,50504,3188
2020-06-01,DF,10510,173
2020-06-01,ES,14285,628
2020-06-01,GO,4017,127
2020-06-01,MA,36625,997
2020-06-01,MG,10670,278
2020-06-01,MS,1646,20
2020-06-01,MT,2595,66
2020-06-01,PA,40014,3019
2020-06-01,PB,13695,370
2020-06-01,PE,34900,2875
2020-06-01,PI,5506,180
2020-06-01,PR,4900,195
2020-06-01,RJ,54530,5462
2020-06-01,RN,8233,341
2020-06-01,RO,5172,159
2020-06-01,RR,3850,120
2020-06-01,RS,9496,232
2020-06-01,SC,9498,146
2020-06-01,SE,7233,166
2020-06-01,SP,111296,7667
2020-06-01,TO,4345,76
2020-06-02,AC,6465,165
2020-06-02,AL,11559,482
2020-06-02,AM,43195,2102
2020-06-02,AP,10511,237
2020-06-02,BA,21430,736
2020-06-02,CE,54683,3504
2020-06-02,DF,11256,177
2020-06-02,ES,15151,664
2020-06-02,GO,4486,155
2020-06-02,MA,38174,1028
2020-06-02,MG,10939,289
2020-06-02,MS,1802,20
2020-06-02,MT,2771,73
2020-06-02,PA,43652,3144
2020-06-02,PB,14859,379
2020-06-02,PE,35508,2933
2020-06-02,PI,5828,192
2020-06-02,PR,5235,204
2020-06-02,RJ,56732,5686
2020-06-02,RN,9149,367
2020-06-02,RO,5477,172
2020-06-02,RR,4143,124
2020-06-02,RS,9919,245
2020-06-02,SC,9660,148
2020-06-02,SE,7555,172
2020-06-02,SP,118295,7994
2020-06-02,TO,4483,79
2020-06-03,AC,6679,171
2020-06-03,AL,12407,506
2020-06-03,AM,44347,2138
2020-06-03,AP,11107,247
2020-06-03,BA,22451,762
2020-06-03,CE,56056,3605
2020-06-03,DF,12020,191
2020-06-03,ES,16121,698
2020-06-03,GO,4701,159
2020-06-03,MA,40629,1062
2020-06-03,MG,12010,306
2020-06-03,MS,1925,20
2020-06-03,MT,2983,77
2020-06-03,PA,46473,3245
2020-06-03,PB,16018,414
2020-06-03,PE,36463,3012
2020-06-03,PI,6064,202
2020-06-03,PR,5567,210
2020-06-03,RJ,59240,6010
2020-06-03,RN,9282,378
2020-06-03,RO,5714,180
2020-06-03,RR,4143,124
2020-06-03,RS,10398,258
2020-06-03,SC,10034,152
2020-06-03,SE,7989,180
2020-06-03,SP,123483,8276
2020-06-03,TO,4698,82
2020-06-04,AC,7021,181
2020-06-04,AL,13097,531
2020-06-04,AM,46473,2183
2020-06-04,AP,11551,254
2020-06-04,BA,23463,790
2020-06-04,CE,59795,3813
2020-06-04,DF,12923,196
2020-06-04,ES,16894,737
2020-06-04,GO,5102,164
2020-06-04,MA,43313,1095
2020-06-04,MG,13034,323
2020-06-04,MS,1997,21
2020-06-04,MT,3338,82
2020-06-04,PA,49473,3492
2020-06-04,PB,17579,438
2020-06-04,PE,37507,3134
2020-06-04,PI,6717,217
2020-06-04,PR,5895,220
2020-06-04,RJ,60932,6327
2020-06-04,RN,9433,387
2020-06-04,RO,6459,194
2020-06-04,RR,4831,139
2020-06-04,RS,11010,265
2020-06-04,SC,10533,156
2020-06-04,SE,8200,186
2020-06-04,SP,129200,8561
2020-06-04,TO,5182,89
2020-06-05,AC,7284,190
2020-06-05,AL,13939,557
2020-06-05,AM,47666,2199
2020-06-05,AP,12327,260
2020-06-05,BA,26419,819
2020-06-05,CE,62176,3907
2020-06-05,DF,14208,202
2020-06-05,ES,18109,780
2020-06-05,GO,5605,167
2020-06-05,MA,45470,1132
2020-06-05,MG,13995,344
2020-06-05,MS,2132,21
2020-06-05,MT,3540,89
2020-06-05,PA,53860,3665
2020-06-05,PB,18579,451
2020-06-05,PE,38511,3205
2020-06-05,PI,7105,224
2020-06-05,PR,6434,233
2020-06-05,RJ,63066,6473
2020-06-05,RN,9449,410
2020-06-05,RO,6862,213
2020-06-05,RR,5238,139
2020-06-05,RS,11583,276
2020-06-05,SC,10846,159
2020-06-05,SE,8577,198
2020-06-05,SP,134565,8842
2020-06-05,TO,5505,96
2020-06-06,AC,7525,201
2020-06-06,AL,14818,582
2020-06-06,AM,48785,2232
2020-06-06,AP,12773,269
2020-06-06,BA,27396,846
2020-06-06,CE,63575,3965
2020-06-06,DF,15850,208
2020-06-06,ES,18950,806
2020-06-06,GO,5770,172
2020-06-06,MA,47593,1170
2020-06-06,MG,14939,368
2020-06-06,MS,2253,21
2020-06-06,MT,3735,99
2020-06-06,PA,53860,3665
2020-06-06,PB,19787,467
2020-06-06,PE,39361,3270
2020-06-06,PI,7478,239
2020-06-06,PR,6693,239
2020-06-06,RJ,64533,6639
2020-06-06,RN,9449,410
2020-06-06,RO,7701,228
2020-06-06,RR,5529,142
2020-06-06,RS,12037,283
2020-06-06,SC,11285,166
2020-06-06,SE,8972,208
2020-06-06,SP,140549,9058
2020-06-06,TO,5644,99
2020-06-07,AC,7983,207
2020-06-07,AL,15707,601
2020-06-07,AM,49269,2250
2020-06-07,AP,13045,272
2020-06-07,BA,28250,879
2020-06-07,CE,64271,3982
2020-06-07,DF,16623,214
2020-06-07,ES,19619,832
2020-06-07,GO,5857,173
2020-06-07,MA,48537,1208
2020-06-07,MG,15703,376
2020-06-07,MS,2324,22
2020-06-07,MT,3977,111
2020-06-07,PA,54271,3678
2020-06-07,PB,20310,484
2020-06-07,PE,40242,3305
2020-06-07,PI,7621,254
2020-06-07,PR,6987,244
2020-06-07,RJ,67756,6707
2020-06-07,RN,10888,431
2020-06-07,RO,8110,235
2020-06-07,RR,5768,145
2020-06-07,RS,12135,286
2020-06-07,SC,11565,171
2020-06-07,SE,9290,217
2020-06-07,SP,143073,9145
2020-06-07,TO,5644,99
2020-06-08,AC,8128,211
2020-06-08,AL,16340,622
2020-06-08,AM,49817,2271
2020-06-08,AP,13294,278
2020-06-08,BA,28715,910
2020-06-08,CE,66218,4192
2020-06-08,DF,16948,226
2020-06-08,ES,20659,871
2020-06-08,GO,6302,173
2020-06-08,MA,49371,1247
2020-06-08,MG,15883,380
2020-06-08,MS,2455,22
2020-06-08,MT,4184,124
2020-06-08,PA,57570,3835
2020-06-08,PB,20951,507
2020-06-08,PE,40705,3350
2020-06-08,PI,7927,265
2020-06-08,PR,7121,250
2020-06-08,RJ,69499,6781
2020-06-08,RN,11027,459
2020-06-08,RO,8626,245
2020-06-08,RR,6056,168
2020-06-08,RS,12250,291
2020-06-08,SC,11742,177
2020-06-08,SE,9727,234
2020-06-08,SP,144593,9188
2020-06-08,TO,6052,114
2020-06-09,AC,8457,223
2020-06-09,AL,17193,640
2020-06-09,AM,51234,2315
2020-06-09,AP,13771,285
2020-06-09,BA,30481,937
2020-06-09,CE,69023,4359
2020-06-09,DF,18090,236
2020-06-09,ES,21964,904
2020-06-09,GO,6936,184
2020-06-09,MA,52069,1285
2020-06-09,MG,16102,399
2020-06-09,MS,2597,24
2020-06-09,MT,4439,138
2020-06-09,PA,60636,3898
2020-06-09,PB,22452,534
2020-06-09,PE,41010,3453
2020-06-09,PI,8359,283
2020-06-09,PR,7410,260
2020-06-09,RJ,72979,6928
2020-06-09,RN,11568,487
2020-06-09,RO,9220,255
2020-06-09,RR,6347,182
2020-06-09,RS,12802,302
2020-06-09,SC,12192,179
2020-06-09,SE,10126,252
2020-06-09,SP,150138,9522
2020-06-09,TO,6257,120
2020-06-10,AC,8746,237
2020-06-10,AL,18176,660
2020-06-10,AM,52849,2363
2020-06-10,AP,14623,289
2020-06-10,BA,32685,975
2020-06-10,CE,71947,4519
2020-06-10,DF,19433,256
2020-06-10,ES,23391,937
2020-06-10,GO,7380,189
2020-06-10,MA,53508,1322
2020-06-10,MG,17501,409
2020-06-10,MS,2853,25
2020-06-10,MT,4696,149
2020-06-10,PA,63405,3980
2020-06-10,PB,24032,559
2020-06-10,PE,41935,3531
2020-06-10,PI,8823,299
2020-06-10,PR,7934,282
2020-06-10,RJ,74373,7138
2020-06-10,RN,13234,496
2020-06-10,RO,9850,267
2020-06-10,RR,6594,188
2020-06-10,RS,13619,316
2020-06-10,SC,12594,184
2020-06-10,SE,10615,264
2020-06-10,SP,156316,9862
2020-06-10,TO,6529,124
2020-06-11,AC,9091,245
2020-06-11,AL,19200,681
2020-06-11,AM,53989,2400
2020-06-11,AP,15166,303
2020-06-11,BA,33891,1013
2020-06-11,CE,74692,4708
2020-06-11,DF,20507,274
2020-06-11,ES,24428,966
2020-06-11,GO,7774,194
2020-06-11,MA,55680,1360
2020-06-11,MG,18448,431
2020-06-11,MS,3001,28
2020-06-11,MT,5092,160
2020-06-11,PA,65151,4090
2020-06-11,PB,25370,570
2020-06-11,PE,42994,3633
2020-06-11,PI,9337,317
2020-06-11,PR,8569,288
2020-06-11,RJ,75775,7363
2020-06-11,RN,13544,515
2020-06-11,RO,10547,293
2020-06-11,RR,6712,192
2020-06-11,RS,14168,323
2020-06-11,SC,12953,186
2020-06-11,SE,11056,283
2020-06-11,SP,162520,10145
2020-06-11,TO,6744,128
2020-06-12,AC,9295,254
2020-06-12,AL,20031,701
2020-06-12,AM,55111,2429
2020-06-12,AP,15683,312
2020-06-12,BA,34665,1039
2020-06-12,CE,75784,4812
2020-06-12,DF,21396,282
2020-06-12,ES,25502,999
2020-06-12,GO,7926,206
2020-06-12,MA,57605,1399
2020-06-12,MG,20106,446
2020-06-12,MS,3235,28
2020-06-12,MT,5363,177
2020-06-12,PA,66328,4132
2020-06-12,PB,26556,610
2020-06-12,PE,43872,3694
2020-06-12,PI,9825,335
2020-06-12,PR,8818,302
2020-06-12,RJ,77784,7417
2020-06-12,RN,13789,533
2020-06-12,RO,11224,296
2020-06-12,RR,6842,197
2020-06-12,RS,14384,337
2020-06-12,SC,13165,191
2020-06-12,SE,11534,305
2020-06-12,SP,167900,10368
2020-06-12,TO,6931,130
2020-06-13,AC,9534,256
2020-06-13,AL,20887,723
2020-06-13,AM,56026,2465
2020-06-13,AP,16322,319
2020-06-13,BA,35788,1069
2020-06-13,CE,76429,4829
2020-06-13,DF,21959,293
2020-06-13,ES,26011,1028
2020-06-13,GO,7941,211
2020-06-13,MA,58859,1436
2020-06-13,MG,20614,454
2020-06-13,MS,3433,31
2020-06-13,MT,5671,195
2020-06-13,PA,68510,4191
2020-06-13,PB,27454,623
2020-06-13,PE,44671,3784
2020-06-13,PI,10153,360
2020-06-13,PR,9353,320
2020-06-13,RJ,78836,7592
2020-06-13,RN,14171,534
2020-06-13,RO,11710,309
2020-06-13,RR,6875,200
2020-06-13,RS,14627,344
2020-06-13,SC,13296,193
2020-06-13,SE,12866,316
2020-06-13,SP,172875,10581
2020-06-13,TO,6972,132
2020-06-14,AC,9642,259
2020-06-14,AL,22199,744
2020-06-14,AM,56506,2492
2020-06-14,AP,16512,324
2020-06-14,BA,36402,1105
2020-06-14,CE,76833,4885
2020-06-14,DF,22871,304
2020-06-14,ES,26469,1055
2020-06-14,GO,7960,216
2020-06-14,MA,59850,1467
2020-06-14,MG,21381,475
2020-06-14,MS,3551,33
2020-06-14,MT,6038,209
2020-06-14,PA,69224,4201
2020-06-14,PB,28013,633
2020-06-14,PE,45261,3855
2020-06-14,PI,10357,374
2020-06-14,PR,9706,334
2020-06-14,RJ,79572,7672
2020-06-14,RN,14214,553
2020-06-14,RO,11865,324
2020-06-14,RR,6881,203
2020-06-14,RS,14661,350
2020-06-14,SC,13360,195
2020-06-14,SE,13968,330
2020-06-14,SP,178202,10694
2020-06-14,TO,7137,136
2020-06-15,AC,9771,265
2020-06-15,AL,22962,768
2020-06-15,AM,56777,2512
2020-06-15,AP,16813,329
2020-06-15,BA,37621,1145
2020-06-15,CE,79853,5041
2020-06-15,DF,23684,319
2020-06-15,ES,27652,1087
2020-06-15,GO,10441,238
2020-06-15,MA,60592,1499
2020-06-15,MG,21728,481
2020-06-15,MS,3785,36
2020-06-15,MT,6319,219
2020-06-15,PA,71243,4291
2020-06-15,PB,28668,656
2020-06-15,PE,45507,3886
2020-06-15,PI,10881,393
2020-06-15,PR,9839,342
2020-06-15,RJ,80946,7728
2020-06-15,RN,15212,585
2020-06-15,RO,12180,332
2020-06-15,RR,6935,216
2020-06-15,RS,15438,360
2020-06-15,SC,13960,199
2020-06-15,SE,15675,352
2020-06-15,SP,181460,10767
2020-06-15,TO,7309,140
2020-06-16,AC,10003,271
2020-06-16,AL,23632,793
2020-06-16,AM,58018,2550
2020-06-16,AP,18024,337
2020-06-16,BA,39207,1181
2020-06-16,CE,82169,5192
2020-06-16,DF,25380,348
2020-06-16,ES,29030,1132
2020-06-16,GO,11836,249
2020-06-16,MA,62711,1537
2020-06-16,MG,22024,502
2020-06-16,MS,4164,36
2020-06-16,MT,6805,246
2020-06-16,PA,74192,4350
2020-06-16,PB,30128,671
2020-06-16,PE,46427,3959
2020-06-16,PI,11559,398
2020-06-16,PR,10690,372
2020-06-16,RJ,83343,7967
2020-06-16,RN,15690,626
2020-06-16,RO,13010,346
2020-06-16,RR,7150,224
2020-06-16,RS,16471,374
2020-06-16,SC,14402,212
2020-06-16,SE,16310,364
2020-06-16,SP,190285,11132
2020-06-16,TO,7573,149
2020-06-17,AC,10339,281
2020-06-17,AL,24867,811
2020-06-17,AM,59547,2579
2020-06-17,AP,18618,338
2020-06-17,BA,40927,1222
2020-06-17,CE,85606,5307
2020-06-17,DF,27140,365
2020-06-17,ES,30507,1179
2020-06-17,GO,12776,255
2020-06-17,MA,64735,1570
2020-06-17,MG,23347,537
2020-06-17,MS,4274,39
2020-06-17,MT,7284,268
2020-06-17,PA,76623,4395
2020-06-17,PB,31712,696
2020-06-17,PE,47446,4009
2020-06-17,PI,12099,421
2020-06-17,PR,11225,394
2020-06-17,RJ,86963,8138
2020-06-17,RN,15889,655
2020-06-17,RO,13567,361
2020-06-17,RR,7421,224
2020-06-17,RS,17128,387
2020-06-17,SC,15015,216
2020-06-17,SE,16807,383
2020-06-17,SP,191517,11521
2020-06-17,TO,7774,152
2020-06-18,AC,10664,287
2020-06-18,AL,25633,831
2020-06-18,AM,60736,2605
2020-06-18,AP,19387,342
2020-06-18,BA,41578,1263
2020-06-18,CE,88132,5393
2020-06-18,DF,28521,379
2020-06-18,ES,31772,1223
2020-06-18,GO,13665,275
2020-06-18,MA,66091,1607
2020-06-18,MG,24906,570
2020-06-18,MS,4666,40
2020-06-18,MT,8086,289
2020-06-18,PA,80072,4469
2020-06-18,PB,33382,709
2020-06-18,PE,48626,4057
2020-06-18,PI,12567,435
2020-06-18,PR,12059,415
2020-06-18,RJ,87317,8412
2020-06-18,RN,16039,693
2020-06-18,RO,13804,374
2020-06-18,RR,7650,239
2020-06-18,RS,17822,406
2020-06-18,SC,15573,222
2020-06-18,SE,17338,400
2020-06-18,SP,192628,11846
2020-06-18,TO,7956,159
2020-06-19,AC,10987,292
2020-06-19,AL,26906,848
2020-06-19,AM,61683,2624
2020-06-19,AP,19922,348
2020-06-19,BA,43923,1305
2020-06-19,CE,90441,5497
2020-06-19,DF,30902,396
2020-06-19,ES,33232,1267
2020-06-19,GO,14540,289
2020-06-19,MA,68500,1645
2020-06-19,MG,26052,600
2020-06-19,MS,4990,43
2020-06-19,MT,8641,316
2020-06-19,PA,82881,4519
2020-06-19,PB,35098,724
2020-06-19,PE,49720,4102
2020-06-19,PI,13813,459
2020-06-19,PR,12932,428
2020-06-19,RJ,93378,8595
2020-06-19,RN,19206,697
2020-06-19,RO,14353,391
2020-06-19,RR,8037,245
2020-06-19,RS,18587,423
2020-06-19,SC,16332,234
2020-06-19,SE,17808,426
2020-06-19,SP,211658,12232
2020-06-19,TO,8203,167
2020-06-20,AC,11263,297
2020-06-20,AL,27698,866
2020-06-20,AM,62902,2650
2020-06-20,AP,21574,353
2020-06-20,BA,45305,1350
2020-06-20,CE,92397,5520
2020-06-20,DF,32238,405
2020-06-20,ES,34238,1297
2020-06-20,GO,15450,295
2020-06-20,MA,69673,1684
2020-06-20,MG,27305,636
2020-06-20,MS,5237,45
2020-06-20,MT,9175,335
2020-06-20,PA,84654,4583
2020-06-20,PB,36526,743
2020-06-20,PE,51118,4148
2020-06-20,PI,14264,485
2020-06-20,PR,13821,437
2020-06-20,RJ,95537,8824
2020-06-20,RN,19290,697
2020-06-20,RO,14952,409
2020-06-20,RR,8120,251
2020-06-20,RS,19138,430
2020-06-20,SC,17108,237
2020-06-20,SE,18449,448
2020-06-20,SP,215793,12494
2020-06-20,TO,8354,175
2020-06-21,AC,11381,300
2020-06-21,AL,28657,884
2020-06-21,AM,63410,2657
2020-06-21,AP,21840,359
2020-06-21,BA,46280,1391
2020-06-21,CE,92866,5523
2020-06-21,DF,33227,423
2020-06-21,ES,34866,1328
2020-06-21,GO,15904,306
2020-06-21,MA,70059,1721
2020-06-21,MG,27641,661
2020-06-21,MS,5391,47
2020-06-21,MT,9688,364
2020-06-21,PA,86020,4605
2020-06-21,PB,36789,766
2020-06-21,PE,52113,4234
2020-06-21,PI,14476,502
2020-06-21,PR,14501,451
2020-06-21,RJ,96133,8875
2020-06-21,RN,19957,730
2020-06-21,RO,15181,417
2020-06-21,RR,8188,251
2020-06-21,RS,19348,434
2020-06-21,SC,17582,246
2020-06-21,SE,18985,462
2020-06-21,SP,219185,12588
2020-06-21,TO,8477,178
2020-06-22,AC,11539,305
2020-06-22,AL,29395,903
2020-06-22,AM,63731,2671
2020-06-22,AP,24862,372
2020-06-22,BA,47087,1441
2020-06-22,CE,94708,5618
2020-06-22,DF,34148,449
2020-06-22,ES,36147,1387
2020-06-22,GO,17085,324
2020-06-22,MA,70689,1760
2020-06-22,MG,28918,688
2020-06-22,MS,5784,55
2020-06-22,MT,10175,387
2020-06-22,PA,88636,4672
2020-06-22,PB,37258,784
2020-06-22,PE,52494,4252
2020-06-22,PI,15269,517
2020-06-22,PR,15124,469
2020-06-22,RJ,97572,8933
2020-06-22,RN,20075,750
2020-06-22,RO,15827,432
2020-06-22,RR,10340,251
2020-06-22,RS,19710,458
2020-06-22,SC,17937,256
2020-06-22,SE,19384,491
2020-06-22,SP,221973,12634
2020-06-22,TO,8766,179
2020-06-23,AC,11810,321
2020-06-23,AL,30248,920
2020-06-23,AM,65073,2686
2020-06-23,AP,26437,380
2020-06-23,BA,49085,1491
2020-06-23,CE,98055,5728
2020-06-23,DF,35368,475
2020-06-23,ES,36827,1425
2020-06-23,GO,18014,355
2020-06-23,MA,72021,1797
2020-06-23,MG,29897,720
2020-06-23,MS,6201,56
2020-06-23,MT,10895,415
2020-06-23,PA,91708,4726
2020-06-23,PB,39004,807
2020-06-23,PE,52831,4339
2020-06-23,PI,16227,534
2020-06-23,PR,15853,498
2020-06-23,RJ,100869,9153
2020-06-23,RN,21844,814
2020-06-23,RO,16499,444
2020-06-23,RR,10803,259
2020-06-23,RS,20864,477
2020-06-23,SC,19244,263
2020-06-23,SE,19883,511
2020-06-23,SP,229475,13068
2020-06-23,TO,9098,181
2020-06-24,AC,12022,326
2020-06-24,AL,31230,938
2020-06-24,AM,66764,2710
2020-06-24,AP,26919,387
2020-06-24,BA,51932,1541
2020-06-24,CE,99578,5815
2020-06-24,DF,37254,495
2020-06-24,ES,38483,1463
2020-06-24,GO,19280,375
2020-06-24,MA,73314,1836
2020-06-24,MG,31343,771
2020-06-24,MS,6523,61
2020-06-24,MT,11469,443
2020-06-24,PA,94036,4748
2020-06-24,PB,39917,828
2020-06-24,PE,54022,4425
2020-06-24,PI,17080,546
2020-06-24,PR,16963,521
2020-06-24,RJ,103493,9295
2020-06-24,RN,22738,865
2020-06-24,RO,17424,455
2020-06-24,RR,11872,271
2020-06-24,RS,22009,500
2020-06-24,SC,20921,279
2020-06-24,SE,20353,524
2020-06-24,SP,238822,13352
2020-06-24,TO,9425,183
2020-06-25,AC,12304,335
2020-06-25,AL,32065,958
2020-06-25,AM,67267,2731
2020-06-25,AP,27415,394
2020-06-25,BA,54292,1601
2020-06-25,CE,103118,5895
2020-06-25,DF,38871,509
2020-06-25,ES,40406,1490
2020-06-25,GO,20377,384
2020-06-25,MA,74925,1871
2020-06-25,MG,32769,806
2020-06-25,MS,6913,65
2020-06-25,MT,12499,467
2020-06-25,PA,96472,4803
2020-06-25,PB,40829,842
2020-06-25,PE,55136,4488
2020-06-25,PI,18023,574
2020-06-25,PR,17822,539
2020-06-25,RJ,105897,9450
2020-06-25,RN,23806,896
2020-06-25,RO,18173,467
2020-06-25,RR,12911,273
2020-06-25,RS,23060,500
2020-06-25,SC,21951,289
2020-06-25,SE,21081,554
2020-06-25,SP,248587,13759
2020-06-25,TO,9681,186
2020-06-26,AC,12644,343
2020-06-26,AL,32864,975
2020-06-26,AM,68220,2739
2020-06-26,AP,27662,401
2020-06-26,BA,56422,1642
2020-06-26,CE,105270,5962
2020-06-26,DF,41326,532
2020-06-26,ES,41652,1507
2020-06-26,GO,21441,425
2020-06-26,MA,76698,1906
2020-06-26,MG,38891,833
2020-06-26,MS,7307,68
2020-06-26,MT,13301,494
2020-06-26,PA,99313,4834
2020-06-26,PB,42837,864
2020-06-26,PE,55804,4610
2020-06-26,PI,18665,592
2020-06-26,PR,18672,564
2020-06-26,RJ,108497,9587
2020-06-26,RN,24253,909
2020-06-26,RO,19271,476
2020-06-26,RR,13078,281
2020-06-26,RS,24114,540
2020-06-26,SC,22947,298
2020-06-26,SE,21908,579
2020-06-26,SP,258508,13966
2020-06-26,TO,9966,191
2020-06-27,AC,12913,351
2020-06-27,AL,33521,993
2020-06-27,AM,69022,2772
2020-06-27,AP,27901,406
2020-06-27,BA,65244,1697
2020-06-27,CE,107064,5987
2020-06-27,DF,42766,537
2020-06-27,ES,41652,1507
2020-06-27,GO,21865,434
2020-06-27,MA,78115,1943
2020-06-27,MG,40966,882
2020-06-27,MS,7527,72
2020-06-27,MT,14021,527
2020-06-27,PA,100443,4845
2020-06-27,PB,44247,896
2020-06-27,PE,57089,4708
2020-06-27,PI,19158,615
2020-06-27,PR,19819,575
2020-06-27,RJ,108803,9789
2020-06-27,RN,24301,937
2020-06-27,RO,19735,481
2020-06-27,RR,14341,281
2020-06-27,RS,25000,554
2020-06-27,SC,23808,304
2020-06-27,SE,23319,605
2020-06-27,SP,265581,14263
2020-06-27,TO,10228,192
2020-06-28,AC,13058,353
2020-06-28,AL,34312,1012
2020-06-28,AM,69649,2784
2020-06-28,AP,27985,407
2020-06-28,BA,68495,1748
2020-06-28,CE,107593,5995
2020-06-28,DF,44905,548
2020-06-28,ES,43683,1568
2020-06-28,GO,22165,436
2020-06-28,MA,78512,1982
2020-06-28,MG,42741,899
2020-06-28,MS,7676,75
2020-06-28,MT,14687,563
2020-06-28,PA,101207,4870
2020-06-28,PB,44684,911
2020-06-28,PE,58107,4751
2020-06-28,PI,19753,643
2020-06-28,PR,20742,599
2020-06-28,RJ,111298,9819
2020-06-28,RN,29784,999
2020-06-28,RO,19820,486
2020-06-28,RR,14459,281
2020-06-28,RS,25243,559
2020-06-28,SC,24364,312
2020-06-28,SE,24421,620
2020-06-28,SP,271737,14338
2020-06-28,TO,10359,195
2020-06-29,AC,13146,361
2020-06-29,AL,35117,1032
2020-06-29,AM,69893,2792
2020-06-29,AP,28253,413
2020-06-29,BA,69467,1800
2020-06-29,CE,108225,6076
2020-06-29,DF,47071,559
2020-06-29,ES,45097,1621
2020-06-29,GO,23379,467
2020-06-29,MA,78969,2012
2020-06-29,MG,43864,940
2020-06-29,MS,7965,76
2020-06-29,MT,15217,582
2020-06-29,PA,103206,4920
2020-06-29,PB,45062,931
2020-06-29,PE,58476,4782
2020-06-29,PI,20422,663
2020-06-29,PR,21326,613
2020-06-29,RJ,111883,9848
2020-06-29,RN,30352,1039
2020-06-29,RO,20406,500
2020-06-29,RR,14641,283
2020-06-29,RS,25659,582
2020-06-29,SC,25056,324
2020-06-29,SE,24817,653
2020-06-29,SP,275145,14398
2020-06-29,TO,10764,200
2020-06-30,AC,13253,365
2020-06-30,AL,35962,1052
2020-06-30,AM,70823,2823
2020-06-30,AP,28492,417
2020-06-30,BA,73307,1853
2020-06-30,CE,110483,6146
2020-06-30,DF,49218,587
2020-06-30,ES,46893,1648
2020-06-30,GO,24910,491
2020-06-30,MA,80451,2048
2020-06-30,MG,45001,965
2020-06-30,MS,8676,85
2020-06-30,MT,16193,618
2020-06-30,PA,105853,4960
2020-06-30,PB,46962,977
2020-06-30,PE,58858,4829
2020-06-30,PI,22059,686
2020-06-30,PR,22877,649
2020-06-30,RJ,112611,10080
2020-06-30,RN,31964,1072
2020-06-30,RO,21251,518
2020-06-30,RR,15153,314
2020-06-30,RS,26941,614
2020-06-30,SC,26354,341
2020-06-30,SE,25411,676
2020-06-30,SP,281380,14763
2020-06-30,TO,11222,204
2020-07-01,AC,13715,370
2020-07-01,AL,36819,1072
2020-07-01,AM,72284,2843
2020-07-01,AP,28927,420
2020-07-01,BA,76485,1902
2020-07-01,CE,114038,6203
2020-07-01,DF,50676,620
2020-07-01,ES,48821,1693
2020-07-01,GO,26145,521
2020-07-01,MA,83256,2081
2020-07-01,MG,47584,1007
2020-07-01,MS,9062,91
2020-07-01,MT,17290,654
2020-07-01,PA,108067,5004
2020-07-01,PB,48180,1002
2020-07-01,PE,59705,4894
2020-07-01,PI,23307,697
2020-07-01,PR,24225,663
2020-07-01,RJ,115278,10198
2020-07-01,RN,32962,1108
2020-07-01,RO,21523,523
2020-07-01,RR,17583,354
2020-07-01,RS,28171,636
2020-07-01,SC,27279,347
2020-07-01,SE,26612,725
2020-07-01,SP,289935,15030
2020-07-01,TO,11454,209
2020-07-02,AC,14048,378
2020-07-02,AL,37328,1091
2020-07-02,AM,73530,2862
2020-07-02,AP,29153,427
2020-07-02,BA,79349,1947
2020-07-02,CE,116519,6307
2020-07-02,DF,52281,631
2020-07-02,ES,50242,1728
2020-07-02,GO,26318,572
2020-07-02,MA,86025,2119
2020-07-02,MG,50707,1059
2020-07-02,MS,9388,107
2020-07-02,MT,18242,694
2020-07-02,PA,110411,5050
2020-07-02,PB,49541,1044
2020-07-02,PE,61119,4968
2020-07-02,PI,24376,726
2020-07-02,PR,26304,706
2020-07-02,RJ,116823,10332
2020-07-02,RN,33487,1177
2020-07-02,RO,21970,530
2020-07-02,RR,18323,358
2020-07-02,RS,29195,663
2020-07-02,SC,28575,362
2020-07-02,SE,26612,725
2020-07-02,SP,302179,15351
2020-07-02,TO,11736,211
2020-07-03,AC,14112,387
2020-07-03,AL,38404,1113
2020-07-03,AM,74537,2887
2020-07-03,AP,29574,438
2020-07-03,BA,82314,2001
2020-07-03,CE,118311,6373
2020-07-03,DF,53996,643
2020-07-03,ES,51689,1758
2020-07-03,GO,27502,602
2020-07-03,MA,88214,2153
2020-07-03,MG,53351,1110
2020-07-03,MS,9910,114
2020-07-03,MT,19424,729
2020-07-03,PA,112531,5069
2020-07-03,PB,50770,1062
2020-07-03,PE,62362,5068
2020-07-03,PI,25561,762
2020-07-03,PR,28167,728
2020-07-03,RJ,118956,10500
2020-07-03,RN,34322,1205
2020-07-03,RO,22241,533
2020-07-03,RR,18769,364
2020-07-03,RS,30371,690
2020-07-03,SC,30261,376
2020-07-03,SE,28186,764
2020-07-03,SP,310702,15694
2020-07-03,TO,12282,215
2020-07-04,AC,14487,391
2020-07-04,AL,39255,1134
2020-07-04,AM,75945,2918
2020-07-04,AP,29809,441
2020-07-04,BA,85485,2050
2020-07-04,CE,121464,6441
2020-07-04,DF,55760,671
2020-07-04,ES,52824,1781
2020-07-04,GO,28526,621
2020-07-04,MA,89057,2185
2020-07-04,MG,55958,1183
2020-07-04,MS,10089,117
2020-07-04,MT,20216,771
2020-07-04,PA,113811,5096
2020-07-04,PB,52311,1082
2020-07-04,PE,63457,5116
2020-07-04,PI,26079,784
2020-07-04,PR,30571,763
2020-07-04,RJ,120440,10624
2020-07-04,RN,34645,1213
2020-07-04,RO,22957,548
2020-07-04,RR,18922,368
2020-07-04,RS,31619,715
2020-07-04,SC,31931,383
2020-07-04,SE,29761,783
2020-07-04,SP,312530,15996
2020-07-04,TO,12476,220
2020-07-05,AC,14622,391
2020-07-05,AL,39935,1153
2020-07-05,AM,76014,2929
2020-07-05,AP,29883,442
2020-07-05,BA,87048,2107
2020-07-05,CE,121986,6441
2020-07-05,DF,57854,699
2020-07-05,ES,53393,1804
2020-07-05,GO,28526,621
2020-07-05,MA,89714,2219
2020-07-05,MG,58283,1201
2020-07-05,MS,10253,122
2020-07-05,MT,20963,807
2020-07-05,PA,114535,5105
2020-07-05,PB,52733,1099
2020-07-05,PE,65129,5143
2020-07-05,PI,26511,809
2020-07-05,PR,31460,795
2020-07-05,RJ,121292,10667
2020-07-05,RN,35056,1254
2020-07-05,RO,23479,555
2020-07-05,RR,18948,371
2020-07-05,RS,31955,727
2020-07-05,SC,32969,393
2020-07-05,SE,30217,798
2020-07-05,SP,320179,16078
2020-07-05,TO,12640,224
2020-07-06,AC,14688,394
2020-07-06,AL,40569,1172
2020-07-06,AM,76427,2938
2020-07-06,AP,30004,449
2020-07-06,BA,88279,2168
2020-07-06,CE,123394,6504
2020-07-06,DF,60383,726
2020-07-06,ES,54547,1838
2020-07-06,GO,30187,654
2020-07-06,MA,90251,2250
2020-07-06,MG,59626,1230
2020-07-06,MS,10687,128
2020-07-06,MT,21958,841
2020-07-06,PA,116152,5128
2020-07-06,PB,53151,1118
2020-07-06,PE,65642,5163
2020-07-06,PI,27514,834
2020-07-06,PR,32770,820
2020-07-06,RJ,121879,10698
2020-07-06,RN,35897,1297
2020-07-06,RO,23921,558
2020-07-06,RR,19088,376
2020-07-06,RS,32401,759
2020-07-06,SC,33822,406
2020-07-06,SE,30718,826
2020-07-06,SP,323070,16134
2020-07-06,TO,13004,228
2020-07-07,AC,14941,399
2020-07-07,AL,41524,1192
2020-07-07,AM,79167,2952
2020-07-07,AP,30294,455
2020-07-07,BA,91954,2216
2020-07-07,CE,126142,6563
2020-07-07,DF,62694,767
2020-07-07,ES,56703,1880
2020-07-07,GO,32001,726
2020-07-07,MA,92088,2286
2020-07-07,MG,60897,1282
2020-07-07,MS,11063,134
2020-07-07,MT,23383,879
2020-07-07,PA,118744,5169
2020-07-07,PB,54807,1145
2020-07-07,PE,66151,5234
2020-07-07,PI,28411,858
2020-07-07,PR,34309,851
2020-07-07,RJ,124086,10881
2020-07-07,RN,36587,1332
2020-07-07,RO,24564,577
2020-07-07,RR,19284,386
2020-07-07,RS,33800,793
2020-07-07,SC,35343,420
2020-07-07,SE,31640,851
2020-07-07,SP,332708,16475
2020-07-07,TO,13440,233
2020-07-08,AC,15167,404
2020-07-08,AL,42322,1213
2020-07-08,AM,80082,2967
2020-07-08,AP,30524,462
2020-07-08,BA,95536,2277
2020-07-08,CE,129598,6678
2020-07-08,DF,64314,801
2020-07-08,ES,58841,1912
2020-07-08,GO,33367,748
2020-07-08,MA,92939,2324
2020-07-08,MG,64035,1355
2020-07-08,MS,11671,136
2020-07-08,MT,24680,904
2020-07-08,PA,120731,5196
2020-07-08,PB,56349,1171
2020-07-08,PE,67604,5323
2020-07-08,PI,29745,884
2020-07-08,PR,35715,895
2020-07-08,RJ,126329,10970
2020-07-08,RN,37137,1351
2020-07-08,RO,25067,585
2020-07-08,RR,20154,393
2020-07-08,RS,35557,825
2020-07-08,SC,36810,432
2020-07-08,SE,32490,875
2020-07-08,SP,341365,16788
2020-07-08,TO,13845,240
2020-07-09,AC,15465,411
2020-07-09,AL,43191,1230
2020-07-09,AM,81318,2985
2020-07-09,AP,30763,467
2020-07-09,BA,98319,2328
2020-07-09,CE,131324,6774
2020-07-09,DF,65677,823
2020-07-09,ES,60009,1930
2020-07-09,GO,34627,795
2020-07-09,MA,95323,2357
2020-07-09,MG,66864,1445
2020-07-09,MS,12261,146
2020-07-09,MT,26266,944
2020-07-09,PA,122674,5224
2020-07-09,PB,57619,1196
2020-07-09,PE,68767,5409
2020-07-09,PI,31269,896
2020-07-09,PR,37424,931
2020-07-09,RJ,128324,11115
2020-07-09,RN,38342,1362
2020-07-09,RO,25402,589
2020-07-09,RR,21220,393
2020-07-09,RS,36434,870
2020-07-09,SC,38408,447
2020-07-09,SE,33416,901
2020-07-09,SP,349715,17118
2020-07-09,TO,14509,245
2020-07-10,AC,15768,417
2020-07-10,AL,43959,1246
2020-07-10,AM,82507,3008
2020-07-10,AP,31080,470
2020-07-10,BA,101186,2383
2020-07-10,CE,134610,6842
2020-07-10,DF,67297,856
2020-07-10,ES,61361,1967
2020-07-10,GO,35706,835
2020-07-10,MA,96718,2392
2020-07-10,MG,70086,1504
2020-07-10,MS,12969,153
2020-07-10,MT,27505,1010
2020-07-10,PA,124934,5274
2020-07-10,PB,59123,1229
2020-07-10,PE,70100,5482
2020-07-10,PI,32465,914
2020-07-10,PR,39512,978
2020-07-10,RJ,129443,11280
2020-07-10,RN,38704,1386
2020-07-10,RO,26000,606
2020-07-10,RR,21849,396
2020-07-10,RS,37490,919
2020-07-10,SC,40106,459
2020-07-10,SE,34713,931
2020-07-10,SP,359110,17442
2020-07-10,TO,14939,251
2020-07-11,AC,16080,419
2020-07-11,AL,44633,1264
2020-07-11,AM,83230,3023
2020-07-11,AP,31279,473
2020-07-11,BA,104188,2436
2020-07-11,CE,136001,6867
2020-07-11,DF,68406,871
2020-07-11,ES,62393,1995
2020-07-11,GO,36273,847
2020-07-11,MA,98398,2426
2020-07-11,MG,73813,1550
2020-07-11,MS,13197,161
2020-07-11,MT,28394,1030
2020-07-11,PA,125714,5289
2020-07-11,PB,60426,1250
2020-07-11,PE,71370,5556
2020-07-11,PI,32963,936
2020-07-11,PR,40797,1016
2020-07-11,RJ,129675,11406
2020-07-11,RN,39421,1394
2020-07-11,RO,26496,617
2020-07-11,RR,22225,396
2020-07-11,RS,38720,943
2020-07-11,SC,42026,485
2020-07-11,SE,36046,954
2020-07-11,SP,366890,17702
2020-07-11,TO,15132,255
2020-07-12,AC,16190,426
2020-07-12,AL,45330,1281
2020-07-12,AM,83526,3039
2020-07-12,AP,31364,474
2020-07-12,BA,105763,2483
2020-07-12,CE,136790,6869
2020-07-12,DF,70712,902
2020-07-12,ES,62873,2010
2020-07-12,GO,36556,851
2020-07-12,MA,98952,2463
2020-07-12,MG,75851,1576
2020-07-12,MS,13461,167
2020-07-12,MT,28658,1060
2020-07-12,PA,126509,5293
2020-07-12,PB,60789,1284
2020-07-12,PE,72470,5595
2020-07-12,PI,33359,960
2020-07-12,PR,42537,1045
2020-07-12,RJ,129684,11415
2020-07-12,RN,39908,1410
2020-07-12,RO,26728,628
2020-07-12,RR,22627,397
2020-07-12,RS,39240,962
2020-07-12,SC,43031,497
2020-07-12,SE,37631,984
2020-07-12,SP,371997,17848
2020-07-12,TO,15307,259
2020-07-13,AC,16260,430
2020-07-13,AL,46296,1297
2020-07-13,AM,84412,3048
2020-07-13,AP,31552,478
2020-07-13,BA,106891,2535
2020-07-13,CE,137234,6975
2020-07-13,DF,72284,930
2020-07-13,ES,63881,2040
2020-07-13,GO,37333,880
2020-07-13,MA,99830,2501
2020-07-13,MG,76822,1615
2020-07-13,MS,13934,177
2020-07-13,MT,28792,1085
2020-07-13,PA,128570,5318
2020-07-13,PB,61113,1302
2020-07-13,PE,72901,5652
2020-07-13,PI,34156,992
2020-07-13,PR,43582,1089
2020-07-13,RJ,132044,11474
2020-07-13,RN,40455,1449
2020-07-13,RO,27050,647
2020-07-13,RR,22968,398
2020-07-13,RS,39656,995
2020-07-13,SC,43815,517
2020-07-13,SE,38221,1012
2020-07-13,SP,374607,17907
2020-07-13,TO,15723,267
2020-07-14,AC,16479,436
2020-07-14,AL,47005,1314
2020-07-14,AM,85800,3064
2020-07-14,AP,31885,483
2020-07-14,BA,110029,2584
2020-07-14,CE,139437,6977
2020-07-14,DF,73654,960
2020-07-14,ES,65213,2082
2020-07-14,GO,38299,910
2020-07-14,MA,101467,2536
2020-07-14,MG,78643,1688
2020-07-14,MS,14631,183
2020-07-14,MT,29279,1144
2020-07-14,PA,130834,5337
2020-07-14,PB,62467,1342
2020-07-14,PE,73576,5715
2020-07-14,PI,35445,1019
2020-07-14,PR,45363,1146
2020-07-14,RJ,132822,11624
2020-07-14,RN,40767,1479
2020-07-14,RO,27528,663
2020-07-14,RR,23681,403
2020-07-14,RS,40993,1060
2020-07-14,SC,46050,534
2020-07-14,SE,39167,1033
2020-07-14,SP,386607,18324
2020-07-14,TO,16031,271
2020-07-15,AC,16672,446
2020-07-15,AL,47864,1331
2020-07-15,AM,86944,3080
2020-07-15,AP,32408,488
2020-07-15,BA,112993,2638
2020-07-15,CE,141832,7081
2020-07-15,DF,75379,1001
2020-07-15,ES,66352,2097
2020-07-15,GO,39474,959
2020-07-15,MA,102469,2572
2020-07-15,MG,82010,1752
2020-07-15,MS,15330,191
2020-07-15,MT,30319,1174
2020-07-15,PA,133039,5385
2020-07-15,PB,63944,1383
2020-07-15,PE,74960,5772
2020-07-15,PI,36542,1043
2020-07-15,PR,47124,1200
2020-07-15,RJ,134449,11757
2020-07-15,RN,41096,1507
2020-07-15,RO,27917,668
2020-07-15,RR,24397,415
2020-07-15,RS,42239,1101
2020-07-15,SC,47976,569
2020-07-15,SE,40139,1054
2020-07-15,SP,393176,18640
2020-07-15,TO,16672,278
2020-07-16,AC,16865,447
2020-07-16,AL,48734,1348
2020-07-16,AM,88025,3095
2020-07-16,AP,33004,493
2020-07-16,BA,116373,2693
2020-07-16,CE,144058,7139
2020-07-16,DF,77621,1037
2020-07-16,ES,68118,2136
2020-07-16,GO,40544,1018
2020-07-16,MA,104126,2608
2020-07-16,MG,84470,1834
2020-07-16,MS,15805,203
2020-07-16,MT,31655,1234
2020-07-16,PA,135164,5448
2020-07-16,PB,65428,1418
2020-07-16,PE,76091,5836
2020-07-16,PI,37057,1065
2020-07-16,PR,49405,1246
2020-07-16,RJ,134573,11849
2020-07-16,RN,41424,1532
2020-07-16,RO,28654,677
2020-07-16,RR,25007,425
2020-07-16,RS,45344,1141
2020-07-16,SC,49781,588
2020-07-16,SE,41226,1071
2020-07-16,SP,402048,19038
2020-07-16,TO,16954,283
2020-07-17,AC,16965,452
2020-07-17,AL,49253,1365
2020-07-17,AM,88822,3118
2020-07-17,AP,33436,499
2020-07-17,BA,118657,2738
2020-07-17,CE,146064,7166
2020-07-17,DF,79400,1060
2020-07-17,ES,69463,2174
2020-07-17,GO,40718,1051
2020-07-17,MA,105183,2640
2020-07-17,MG,87271,1904
2020-07-17,MS,16006,216
2020-07-17,MT,32321,1290
2020-07-17,PA,136947,5478
2020-07-17,PB,66352,1446
2020-07-17,PE,77423,5869
2020-07-17,PI,38568,1083
2020-07-17,PR,51321,1292
2020-07-17,RJ,135230,11919
2020-07-17,RN,43573,1577
2020-07-17,RO,29117,686
2020-07-17,RR,25373,429
2020-07-17,RS,46710,1174
2020-07-17,SC,51549,646
2020-07-17,SE,41888,1088
2020-07-17,SP,407415,19377
2020-07-17,TO,17209,288
2020-07-18,AC,17202,457
2020-07-18,AL,49583,1381
2020-07-18,AM,90534,3129
2020-07-18,AP,33585,505
2020-07-18,BA,120238,2793
2020-07-18,CE,146972,7178
2020-07-18,DF,81163,1075
2020-07-18,ES,70131,2202
2020-07-18,GO,40795,1086
2020-07-18,MA,106092,2676
2020-07-18,MG,90875,1964
2020-07-18,MS,16403,222
2020-07-18,MT,32707,1311
2020-07-18,PA,137484,5523
2020-07-18,PB,66976,1477
2020-07-18,PE,78509,5928
2020-07-18,PI,39296,1100
2020-07-18,PR,53553,1308
2020-07-18,RJ,135230,11919
2020-07-18,RN,43766,1577
2020-07-18,RO,29117,686
2020-07-18,RR,25467,429
2020-07-18,RS,46847,1229
2020-07-18,SC,52531,662
2020-07-18,SE,43072,1111
2020-07-18,SP,412027,19647
2020-07-18,TO,17773,294
2020-07-19,AC,17295,460
2020-07-19,AL,50079,1397
2020-07-19,AM,90913,3149
2020-07-19,AP,33705,507
2020-07-19,BA,122169,2840
2020-07-19,CE,147378,7179
2020-07-19,DF,82412,1085
2020-07-19,ES,70609,2222
2020-07-19,GO,40782,1106
2020-07-19,MA,106325,2708
2020-07-19,MG,92972,1982
2020-07-19,MS,16637,228
2020-07-19,MT,34349,1342
2020-07-19,PA,138396,5538
2020-07-19,PB,67387,1486
2020-07-19,PE,79452,5984
2020-07-19,PI,39606,1118
2020-07-19,PR,54629,1327
2020-07-19,RJ,138524,12114
2020-07-19,RN,44083,1590
2020-07-19,RO,29117,686
2020-07-19,RR,25686,431
2020-07-19,RS,47113,1252
2020-07-19,SC,53336,685
2020-07-19,SE,45243,1125
2020-07-19,SP,415049,19732
2020-07-19,TO,17898,299
2020-07-20,AC,17462,465
2020-07-20,AL,50307,1413
2020-07-20,AM,91389,3146
2020-07-20,AP,34145,515
2020-07-20,BA,123292,2891
2020-07-20,CE,147818,7256
2020-07-20,DF,84287,1112
2020-07-20,ES,71703,2256
2020-07-20,GO,41433,1145
2020-07-20,MA,106906,2740
2020-07-20,MG,94132,2004
2020-07-20,MS,17386,248
2020-07-20,MT,35673,1386
2020-07-20,PA,140393,5554
2020-07-20,PB,67685,1517
2020-07-20,PE,80115,6036
2020-07-20,PI,40276,1140
2020-07-20,PR,55909,1357
2020-07-20,RJ,141005,12161
2020-07-20,RN,44340,1628
2020-07-20,RO,29801,710
2020-07-20,RR,25985,435
2020-07-20,RS,47449,1285
2020-07-20,SC,54414,694
2020-07-20,SE,46059,1156
2020-07-20,SP,416434,19788
2020-07-20,TO,18354,308
2020-07-21,AC,17700,469
2020-07-21,AL,50951,1428
2020-07-21,AM,92164,3169
2020-07-21,AP,34405,533
2020-07-21,BA,126844,2936
2020-07-21,CE,151072,7305
2020-07-21,DF,86076,1158
2020-07-21,ES,72605,2280
2020-07-21,GO,45254,1178
2020-07-21,MA,108154,2778
2020-07-21,MG,95566,2071
2020-07-21,MS,18889,257
2020-07-21,MT,37429,1432
2020-07-21,PA,142358,5581
2020-07-21,PB,68844,1558
2020-07-21,PE,80441,6089
2020-07-21,PI,41815,1158
2020-07-21,PR,57538,1415
2020-07-21,RJ,145121,12293
2020-07-21,RN,45313,1642
2020-07-21,RO,30642,727
2020-07-21,RR,26954,451
2020-07-21,RS,49840,1349
2020-07-21,SC,56475,738
2020-07-21,SE,47110,1182
2020-07-21,SP,422669,20171
2020-07-21,TO,18850,315
2020-07-22,AC,17979,470
2020-07-22,AL,51680,1443
2020-07-22,AM,92721,3183
2020-07-22,AP,34660,544
2020-07-22,BA,133245,2988
2020-07-22,CE,154381,7329
2020-07-22,DF,87801,1176
2020-07-22,ES,73755,2308
2020-07-22,GO,48682,1237
2020-07-22,MA,109731,2810
2020-07-22,MG,98741,2166
2020-07-22,MS,19671,266
2020-07-22,MT,38931,1474
2020-07-22,PA,144467,5616
2020-07-22,PB,70972,1581
2020-07-22,PE,81382,6152
2020-07-22,PI,43179,1184
2020-07-22,PR,59927,1486
2020-07-22,RJ,148623,12443
2020-07-22,RN,46187,1656
2020-07-22,RO,32944,758
2020-07-22,RR,27932,458
2020-07-22,RS,53073,1397
2020-07-22,SC,59556,765
2020-07-22,SE,48140,1211
2020-07-22,SP,439446,20532
2020-07-22,TO,19423,326
2020-07-23,AC,18157,474
2020-07-23,AL,52529,1457
2020-07-23,AM,94219,3193
2020-07-23,AP,34838,548
2020-07-23,BA,138358,3044
2020-07-23,CE,156265,7411
2020-07-23,DF,90023,1218
2020-07-23,ES,74610,2341
2020-07-23,GO,51423,1295
2020-07-23,MA,111488,2840
2020-07-23,MG,102568,2238
2020-07-23,MS,20303,281
2020-07-23,MT,41016,1498
2020-07-23,PA,146252,5646
2020-07-23,PB,73104,1618
2020-07-23,PE,83240,6211
2020-07-23,PI,44349,1215
2020-07-23,PR,62004,1545
2020-07-23,RJ,151549,12535
2020-07-23,RN,46814,1672
2020-07-23,RO,34080,784
2020-07-23,RR,28874,465
2020-07-23,RS,54841,1456
2020-07-23,SC,62282,812
2020-07-23,SE,49397,1247
2020-07-23,SP,452007,20894
2020-07-23,TO,19965,334
2020-07-24,AC,18393,480
2020-07-24,AL,53713,1471
2020-07-24,AM,95424,3199
2020-07-24,AP,35026,552
2020-07-24,BA,142767,3096
2020-07-24,CE,159953,7456
2020-07-24,DF,92414,1244
2020-07-24,ES,75854,2373
2020-07-24,GO,54154,1353
2020-07-24,MA,112683,2871
2020-07-24,MG,106812,2315
2020-07-24,MS,21015,292
2020-07-24,MT,42433,1533
2020-07-24,PA,147923,5689
2020-07-24,PB,74550,1653
2020-07-24,PE,85042,6237
2020-07-24,PI,45389,1228
2020-07-24,PR,64259,1598
2020-07-24,RJ,154879,12654
2020-07-24,RN,47061,1678
2020-07-24,RO,34873,801
2020-07-24,RR,29394,473
2020-07-24,RS,57007,1494
2020-07-24,SC,65017,844
2020-07-24,SE,51132,1284
2020-07-24,SP,463218,21206
2020-07-24,TO,20920,340
2020-07-25,AC,18657,483
2020-07-25,AL,54730,1486
2020-07-25,AM,96094,3210
2020-07-25,AP,35162,554
2020-07-25,BA,146399,3140
2020-07-25,CE,161844,7480
2020-07-25,DF,94187,1275
2020-07-25,ES,76598,2386
2020-07-25,GO,55567,1380
2020-07-25,MA,113563,2898
2020-07-25,MG,110093,2404
2020-07-25,MS,21514,305
2020-07-25,MT,43093,1566
2020-07-25,PA,148463,5716
2020-07-25,PB,75723,1675
2020-07-25,PE,86752,6299
2020-07-25,PI,46044,1243
2020-07-25,PR,65593,1653
2020-07-25,RJ,156293,12808
2020-07-25,RN,47099,1678
2020-07-25,RO,35573,810
2020-07-25,RR,29829,473
2020-07-25,RS,59118,1554
2020-07-25,SC,67333,880
2020-07-25,SE,52264,1303
2020-07-25,SP,479481,21517
2020-07-25,TO,21767,346
2020-07-26,AC,18745,486
2020-07-26,AL,55376,1500
2020-07-26,AM,96463,3217
2020-07-26,AP,35220,554
2020-07-26,BA,148179,3182
2020-07-26,CE,162086,7494
2020-07-26,DF,96332,1308
2020-07-26,ES,77201,2411
2020-07-26,GO,56250,1395
2020-07-26,MA,113891,2923
2020-07-26,MG,112571,2429
2020-07-26,MS,21802,319
2020-07-26,MT,43474,1592
2020-07-26,PA,148823,5729
2020-07-26,PB,76153,1698
2020-07-26,PE,88466,6352
2020-07-26,PI,46584,1259
2020-07-26,PR,67220,1671
2020-07-26,RJ,156325,12835
2020-07-26,RN,47430,1703
2020-07-26,RO,35810,814
2020-07-26,RR,29902,474
2020-07-26,RS,59779,1571
2020-07-26,SC,68730,907
2020-07-26,SE,52603,1314
2020-07-26,SP,483982,21606
2020-07-26,TO,22106,350
2020-07-27,AC,18783,493
2020-07-27,AL,56204,1514
2020-07-27,AM,97079,3224
2020-07-27,AP,35364,556
2020-07-27,BA,149109,3227
2020-07-27,CE,162429,7509
2020-07-27,DF,98480,1339
2020-07-27,ES,78180,2437
2020-07-27,GO,59043,1457
2020-07-27,MA,114585,2943
2020-07-27,MG,113718,2461
2020-07-27,MS,22443,328
2020-07-27,MT,44979,1639
2020-07-27,PA,150616,5753
2020-07-27,PB,76693,1727
2020-07-27,PE,89132,6376
2020-07-27,PI,47551,1278
2020-07-27,PR,68001,1703
2020-07-27,RJ,157834,12876
2020-07-27,RN,48515,1720
2020-07-27,RO,36148,830
2020-07-27,RR,30316,479
2020-07-27,RS,60044,1611
2020-07-27,SC,70138,924
2020-07-27,SE,53612,1340
2020-07-27,SP,487654,21676
2020-07-27,TO,22851,357
2020-07-28,AC,19132,500
2020-07-28,AL,57142,1527
2020-07-28,AM,98118,3236
2020-07-28,AP,35697,558
2020-07-28,BA,153313,3270
2020-07-28,CE,165703,7616
2020-07-28,DF,100726,1391
2020-07-28,ES,79468,2463
2020-07-28,GO,61613,1501
2020-07-28,MA,115988,2959
2020-07-28,MG,116645,2551
2020-07-28,MS,23411,342
2020-07-28,MT,46860,1674
2020-07-28,PA,151849,5716
2020-07-28,PB,78175,1745
2020-07-28,PE,89678,6421
2020-07-28,PI,48962,1292
2020-07-28,PR,69393,1743
2020-07-28,RJ,159639,13033
2020-07-28,RN,49194,1741
2020-07-28,RO,36849,840
2020-07-28,RR,30996,493
2020-07-28,RS,62347,1680
2020-07-28,SC,73771,960
2020-07-28,SE,55009,1359
2020-07-28,SP,500301,22059
2020-07-28,TO,23517,364
2020-07-29,AC,19366,510
2020-07-29,AL,58124,1540
2020-07-29,AM,99093,3246
2020-07-29,AP,35973,559
2020-07-29,BA,157334,3321
2020-07-29,CE,169138,7648
2020-07-29,DF,102342,1419
2020-07-29,ES,80647,2490
2020-07-29,GO,64250,1554
2020-07-29,MA,117694,2978
2020-07-29,MG,119394,2608
2020-07-29,MS,24287,357
2020-07-29,MT,48657,1725
2020-07-29,PA,153350,5699
2020-07-29,PB,79898,1766
2020-07-29,PE,91536,6484
2020-07-29,PI,50198,1304
2020-07-29,PR,70920,1814
2020-07-29,RJ,161647,13198
2020-07-29,RN,49812,1757
2020-07-29,RO,37634,855
2020-07-29,RR,31455,501
2020-07-29,RS,64496,1750
2020-07-29,SC,77001,1002
2020-07-29,SE,56214,1390
2020-07-29,SP,514197,22389
2020-07-29,TO,24278,368
2020-07-30,AC,19573,521
2020-07-30,AL,58979,1554
2020-07-30,AM,100140,3252
2020-07-30,AP,36272,561
2020-07-30,BA,161630,3391
2020-07-30,CE,171565,7664
2020-07-30,DF,104442,1444
2020-07-30,ES,81886,2514
2020-07-30,GO,66899,1606
2020-07-30,MA,119262,2996
2020-07-30,MG,123415,2692
2020-07-30,MS,24936,376
2020-07-30,MT,50447,1767
2020-07-30,PA,154685,5728
2020-07-30,PB,81108,1785
2020-07-30,PE,93373,6526
2020-07-30,PI,51477,1329
2020-07-30,PR,73488,1861
2020-07-30,RJ,163642,13348
2020-07-30,RN,50563,1783
2020-07-30,RO,38407,864
2020-07-30,RR,32016,505
2020-07-30,RS,66473,1825
2020-07-30,SC,80904,1043
2020-07-30,SE,57684,1408
2020-07-30,SP,529006,22710
2020-07-30,TO,24824,381
2020-07-31,AC,19625,531
2020-07-31,AL,59725,1567
2020-07-31,AM,100940,3268
2020-07-31,AP,36468,565
2020-07-31,BA,166154,3463
2020-07-31,CE,174662,7692
2020-07-31,DF,106292,1469
2020-07-31,ES,83292,2545
2020-07-31,GO,69249,1677
2020-07-31,MA,120661,3013
2020-07-31,MG,127106,2769
2020-07-31,MS,25739,389
2020-07-31,MT,51865,1819
2020-07-31,PA,156053,5750
2020-07-31,PB,82794,1811
2020-07-31,PE,95005,6557
2020-07-31,PI,52458,1354
2020-07-31,PR,76112,1920
2020-07-31,RJ,165495,13477
2020-07-31,RN,51700,1885
2020-07-31,RO,38992,872
2020-07-31,RR,32723,513
2020-07-31,RS,66692,1876
2020-07-31,SC,84073,1102
2020-07-31,SE,58713,1434
2020-07-31,SP,542304,22997
2020-07-31,TO,25346,390
2020-08-01,AC,19930,535
2020-08-01,AL,60992,1581
2020-08-01,AM,101777,3278
2020-08-01,AP,36595,568
2020-08-01,BA,168926,3517
2020-08-01,CE,176371,7704
2020-08-01,DF,107922,1490
2020-08-01,ES,83814,2566
2020-08-01,GO,69820,1691
2020-08-01,MA,121581,3032
2020-08-01,MG,129985,2861
2020-08-01,MS,26003,404
2020-08-01,MT,52922,1849
2020-08-01,PA,156285,5773
2020-08-01,PB,83461,1833
2020-08-01,PE,96746,6597
2020-08-01,PI,52993,1369
2020-08-01,PR,77930,1975
2020-08-01,RJ,167213,13556
2020-08-01,RN,51988,1889
2020-08-01,RO,39504,881
2020-08-01,RR,33151,513
2020-08-01,RS,70456,1947
2020-08-01,SC,86922,1154
2020-08-01,SE,59724,1448
2020-08-01,SP,552318,23236
2020-08-01,TO,26434,395
2020-08-02,AC,19966,537
2020-08-02,AL,62240,1594
2020-08-02,AM,102124,3283
2020-08-02,AP,36639,571
2020-08-02,BA,170476,3572
2020-08-02,CE,176773,7710
2020-08-02,DF,110028,1523
2020-08-02,ES,84255,2578
2020-08-02,GO,70176,1701
2020-08-02,MA,121953,3050
2020-08-02,MG,132801,2891
2020-08-02,MS,26645,421
2020-08-02,MT,53363,1886
2020-08-02,PA,156505,5784
2020-08-02,PB,84008,1850
2020-08-02,PE,97970,6634
2020-08-02,PI,53224,1385
2020-08-02,PR,79605,2005
2020-08-02,RJ,167225,13572
2020-08-02,RN,52184,1900
2020-08-02,RO,39893,884
2020-08-02,RR,33188,513
2020-08-02,RS,71040,1974
2020-08-02,SC,87982,1175
2020-08-02,SE,60035,1465
2020-08-02,SP,558685,23317
2020-08-02,TO,26998,402
2020-08-03,AC,20339,539
2020-08-03,AL,62778,1607
2020-08-03,AM,102386,3288
2020-08-03,AP,36804,576
2020-08-03,BA,171391,3624
2020-08-03,CE,176972,7761
2020-08-03,DF,112044,1546
2020-08-03,ES,85215,2601
2020-08-03,GO,70252,1716
2020-08-03,MA,122482,3069
2020-08-03,MG,133743,2894
2020-08-03,MS,27678,432
2020-08-03,MT,54920,1907
2020-08-03,PA,158277,5799
2020-08-03,PB,84211,1870
2020-08-03,PE,98401,6669
2020-08-03,PI,54443,1401
2020-08-03,PR,80865,2050
2020-08-03,RJ,168064,13604
2020-08-03,RN,52724,1932
2020-08-03,RO,40016,888
2020-08-03,RR,33194,528
2020-08-03,RS,71479,2016
2020-08-03,SC,88889,1196
2020-08-03,SE,60479,1489
2020-08-03,SP,560218,23365
2020-08-03,TO,27664,408
2020-08-04,AC,20710,545
2020-08-04,AL,63351,1621
2020-08-04,AM,103269,3299
2020-08-04,AP,36999,581
2020-08-04,BA,175390,3678
2020-08-04,CE,179976,7821
2020-08-04,DF,113924,1572
2020-08-04,ES,86209,2628
2020-08-04,GO,75010,1817
2020-08-04,MA,123887,3085
2020-08-04,MG,135728,3043
2020-08-04,MS,28315,442
2020-08-04,MT,56607,1940
2020-08-04,PA,160695,5818
2020-08-04,PB,85760,1901
2020-08-04,PE,98833,6717
2020-08-04,PI,55718,1416
2020-08-04,PR,82718,2128
2020-08-04,RJ,168911,13715
2020-08-04,RN,53649,1939
2020-08-04,RO,41239,898
2020-08-04,RR,34296,532
2020-08-04,RS,73618,2099
2020-08-04,SC,92157,1235
2020-08-04,SE,61069,1509
2020-08-04,SP,575589,23702
2020-08-04,TO,28312,415
2020-08-05,AC,21033,547
2020-08-05,AL,64194,1633
2020-08-05,AM,104250,3317
2020-08-05,AP,37318,588
2020-08-05,BA,179738,3736
2020-08-05,CE,182453,7873
2020-08-05,DF,115966,1605
2020-08-05,ES,87243,2646
2020-08-05,GO,78403,1888
2020-08-05,MA,125459,3103
2020-08-05,MG,139661,3195
2020-08-05,MS,29101,458
2020-08-05,MT,58506,1981
2020-08-05,PA,162822,5835
2020-08-05,PB,87071,1922
2020-08-05,PE,100321,6758
2020-08-05,PI,57100,1436
2020-08-05,PR,85317,2164
2020-08-05,RJ,172679,13855
2020-08-05,RN,54268,1960
2020-08-05,RO,42021,918
2020-08-05,RR,34929,538
2020-08-05,RS,76563,2163
2020-08-05,SC,95410,1306
2020-08-05,SE,61986,1525
2020-08-05,SP,585265,24109
2020-08-05,TO,29539,428
2020-08-06,AC,21263,552
2020-08-06,AL,65093,1643
2020-08-06,AM,105054,3335
2020-08-06,AP,37735,594
2020-08-06,BA,183691,3789
2020-08-06,CE,184100,7921
2020-08-06,DF,118000,1651
2020-08-06,ES,88543,2667
2020-08-06,GO,81719,1924
2020-08-06,MA,127065,3120
2020-08-06,MG,142828,3304
2020-08-06,MS,29988,481
2020-08-06,MT,60154,2018
2020-08-06,PA,164759,5854
2020-08-06,PB,87867,1945
2020-08-06,PE,101395,6828
2020-08-06,PI,58390,1452
2020-08-06,PR,87269,2224
2020-08-06,RJ,174064,13941
2020-08-06,RN,54881,1971
2020-08-06,RO,42725,923
2020-08-06,RR,35540,544
2020-08-06,RS,78837,2231
2020-08-06,SC,98634,1357
2020-08-06,SE,63728,1558
2020-08-06,SP,598670,24448
2020-08-06,TO,30358,437
2020-08-07,AC,21376,556
2020-08-07,AL,65916,1654
2020-08-07,AM,105857,3345
2020-08-07,AP,37964,599
2020-08-07,BA,187893,3843
2020-08-07,CE,186563,7946
2020-08-07,DF,119903,1682
2020-08-07,ES,89923,2698
2020-08-07,GO,84175,1974
2020-08-07,MA,128846,3138
2020-08-07,MG,147323,3381
2020-08-07,MS,30707,492
2020-08-07,MT,62785,2067
2020-08-07,PA,167099,5871
2020-08-07,PB,89117,1965
2020-08-07,PE,102872,6867
2020-08-07,PI,59571,1469
2020-08-07,PR,89966,2345
2020-08-07,RJ,175696,14028
2020-08-07,RN,55315,1976
2020-08-07,RO,43390,934
2020-08-07,RR,35933,547
2020-08-07,RS,79026,2282
2020-08-07,SC,101582,1400
2020-08-07,SE,63728,1558
2020-08-07,SP,608379,24735
2020-08-07,TO,31103,444
2020-08-08,AC,21498,559
2020-08-08,AL,66748,1665
2020-08-08,AM,106428,3364
2020-08-08,AP,38139,601
2020-08-08,BA,191401,3899
2020-08-08,CE,188289,7954
2020-08-08,DF,121824,1712
2020-08-08,ES,91146,2720
2020-08-08,GO,84963,2017
2020-08-08,MA,129700,3154
2020-08-08,MG,150723,3449
2020-08-08,MS,31344,509
2020-08-08,MT,63061,2089
2020-08-08,PA,167642,5885
2020-08-08,PB,89893,1983
2020-08-08,PE,104113,6920
2020-08-08,PI,59982,1480
2020-08-08,PR,91127,2319
2020-08-08,RJ,178524,14070
2020-08-08,RN,55315,1976
2020-08-08,RO,43866,940
2020-08-08,RR,36387,547
2020-08-08,RS,83595,2346
2020-08-08,SC,104749,1419
2020-08-08,SE,64271,1577
2020-08-08,SP,621731,25016
2020-08-08,TO,31663,451
2020-08-09,AC,21587,561
2020-08-09,AL,67613,1677
2020-08-09,AM,106950,3359
2020-08-09,AP,38208,602
2020-08-09,BA,193029,3953
2020-08-09,CE,188638,7979
2020-08-09,DF,123057,1731
2020-08-09,ES,91791,2735
2020-08-09,GO,85154,2020
2020-08-09,MA,130136,3169
2020-08-09,MG,153927,3537
2020-08-09,MS,31739,523
2020-08-09,MT,63416,2110
2020-08-09,PA,168151,5893
2020-08-09,PB,90082,2000
2020-08-09,PE,105381,6970
2020-08-09,PI,60178,1503
2020-08-09,PR,92866,2345
2020-08-09,RJ,178850,14080
2020-08-09,RN,55617,1983
2020-08-09,RO,44010,943
2020-08-09,RR,36449,547
2020-08-09,RS,83991,2360
2020-08-09,SC,105935,1445
2020-08-09,SE,64693,1589
2020-08-09,SP,627126,25114
2020-08-09,TO,32289,461
2020-08-10,AC,21619,562
2020-08-10,AL,68237,1694
2020-08-10,AM,107197,3384
2020-08-10,AP,38399,603
2020-08-10,BA,194097,4011
2020-08-10,CE,189023,7994
2020-08-10,DF,126069,1762
2020-08-10,ES,93069,2764
2020-08-10,GO,88573,2072
2020-08-10,MA,130566,3187
2020-08-10,MG,155075,3597
2020-08-10,MS,32562,544
2020-08-10,MT,65198,2167
2020-08-10,PA,169613,5901
2020-08-10,PB,90366,2023
2020-08-10,PE,105381,6970
2020-08-10,PI,61144,1526
2020-08-10,PR,94373,2398
2020-08-10,RJ,180016,14108
2020-08-10,RN,58132,2019
2020-08-10,RO,44372,944
2020-08-10,RR,37006,551
2020-08-10,RS,84034,2417
2020-08-10,SC,106928,1541
2020-08-10,SE,64974,1614
2020-08-10,SP,628415,25151
2020-08-10,TO,33047,474
2020-08-11,AC,21757,565
2020-08-11,AL,68935,1700
2020-08-11,AM,108105,3405
2020-08-11,AP,38636,604
2020-08-11,BA,198767,4067
2020-08-11,CE,191540,8043
2020-08-11,DF,127484,1815
2020-08-11,ES,94478,2783
2020-08-11,GO,91849,2122
2020-08-11,MA,132060,3204
2020-08-11,MG,156551,3613
2020-08-11,MS,33509,558
2020-08-11,MT,67061,2189
2020-08-11,PA,171878,5909
2020-08-11,PB,91819,2046
2020-08-11,PE,105982,7008
2020-08-11,PI,62465,1548
2020-08-11,PR,95943,2445
2020-08-11,RJ,182563,14212
2020-08-11,RN,57921,2025
2020-08-11,RO,45468,966
2020-08-11,RR,37579,555
2020-08-11,RS,87415,2472
2020-08-11,SC,109522,1619
2020-08-11,SE,65455,1633
2020-08-11,SP,639562,25571
2020-08-11,TO,33766,482
2020-08-12,AC,21993,569
2020-08-12,AL,69751,1711
2020-08-12,AM,108920,3417
2020-08-12,AP,38801,606
2020-08-12,BA,203020,4135
2020-08-12,CE,192652,8076
2020-08-12,DF,129184,1870
2020-08-12,ES,95753,2805
2020-08-12,GO,95177,2182
2020-08-12,MA,133265,3215
2020-08-12,MG,160485,3783
2020-08-12,MS,34559,570
2020-08-12,MT,68924,2221
2020-08-12,PA,173625,5917
2020-08-12,PB,92897,2071
2020-08-12,PE,107375,7049
2020-08-12,PI,63662,1566
2020-08-12,PR,97785,2516
2020-08-12,RJ,185610,14295
2020-08-12,RN,57272,2042
2020-08-12,RO,46061,981
2020-08-12,RR,38270,561
2020-08-12,RS,90049,2540
2020-08-12,SC,112401,1637
2020-08-12,SE,65865,1653
2020-08-12,SP,655181,25869
2020-08-12,TO,34409,493
2020-08-13,AC,22242,574
2020-08-13,AL,70629,1721
2020-08-13,AM,109802,3435
2020-08-13,AP,39015,609
2020-08-13,BA,206955,4202
2020-08-13,CE,195298,8113
2020-08-13,DF,131170,1905
2020-08-13,ES,96949,2823
2020-08-13,GO,98422,2238
2020-08-13,MA,134193,3228
2020-08-13,MG,164915,3846
2020-08-13,MS,35434,591
2020-08-13,MT,70658,2245
2020-08-13,PA,175608,5924
2020-08-13,PB,93794,2092
2020-08-13,PE,108842,7084
2020-08-13,PI,64595,1581
2020-08-13,PR,99667,2576
2020-08-13,RJ,188085,14412
2020-08-13,RN,57664,2047
2020-08-13,RO,46676,993
2020-08-13,RR,38897,565
2020-08-13,RS,92560,2584
2020-08-13,SC,115032,1696
2020-08-13,SE,66810,1670
2020-08-13,SP,674455,26324
2020-08-13,TO,35403,500
2020-08-14,AC,22435,576
2020-08-14,AL,71232,1732
2020-08-14,AM,110777,3455
2020-08-14,AP,39244,612
2020-08-14,BA,210993,4271
2020-08-14,CE,196667,8127
2020-08-14,DF,133166,1935
2020-08-14,ES,98106,2849
2020-08-14,GO,100897,2286
2020-08-14,MA,135324,3240
2020-08-14,MG,168428,3943
2020-08-14,MS,36542,598
2020-08-14,MT,72269,2285
2020-08-14,PA,177010,5932
2020-08-14,PB,94660,2113
2020-08-14,PE,110409,7111
2020-08-14,PI,65638,1594
2020-08-14,PR,101844,2612
2020-08-14,RJ,189891,14507
2020-08-14,RN,57860,2068
2020-08-14,RO,47288,1001
2020-08-14,RR,39397,568
2020-08-14,RS,95142,2631
2020-08-14,SC,118183,1742
2020-08-14,SE,67225,1684
2020-08-14,SP,686122,26613
2020-08-14,TO,36478,506
2020-08-15,AC,22516,576
2020-08-15,AL,72076,1742
2020-08-15,AM,111241,3463
2020-08-15,AP,39431,613
2020-08-15,BA,214379,4338
2020-08-15,CE,197381,8129
2020-08-15,DF,135014,1958
2020-08-15,ES,98765,2864
2020-08-15,GO,101290,2314
2020-08-15,MA,136280,3253
2020-08-15,MG,171514,4044
2020-08-15,MS,36836,626
2020-08-15,MT,72761,2319
2020-08-15,PA,177969,5940
2020-08-15,PB,95588,2138
2020-08-15,PE,111773,7156
2020-08-15,PI,66078,1608
2020-08-15,PR,103771,2665
2020-08-15,RJ,190614,14526
2020-08-15,RN,57860,2068
2020-08-15,RO,47652,1012
2020-08-15,RR,39623,568
2020-08-15,RS,97445,2647
2020-08-15,SC,120001,1767
2020-08-15,SE,67701,1696
2020-08-15,SP,697530,26780
2020-08-15,TO,36989,511
2020-08-16,AC,22548,576
2020-08-16,AL,72734,1753
2020-08-16,AM,111912,3483
2020-08-16,AP,39518,613
2020-08-16,BA,216030,4406
2020-08-16,CE,197691,8133
2020-08-16,DF,136467,1976
2020-08-16,ES,99580,2875
2020-08-16,GO,101919,2330
2020-08-16,MA,136853,3264
2020-08-16,MG,174402,4132
2020-08-16,MS,37425,640
2020-08-16,MT,73269,2340
2020-08-16,PA,178375,5945
2020-08-16,PB,96033,2162
2020-08-16,PE,112958,7188
2020-08-16,PI,66315,1619
2020-08-16,PR,105106,2691
2020-08-16,RJ,194279,14562
2020-08-16,RN,58095,2087
2020-08-16,RO,47837,1013
2020-08-16,RR,39665,568
2020-08-16,RS,97877,2689
2020-08-16,SC,120880,1797
2020-08-16,SE,67997,1705
2020-08-16,SP,699493,26852
2020-08-16,TO,37856,516
2020-08-17,AC,22605,582
2020-08-17,AL,72938,1763
2020-08-17,AM,112263,3505
2020-08-17,AP,39703,617
2020-08-17,BA,217115,4475
2020-08-17,CE,198252,8172
2020-08-17,DF,138735,2042
2020-08-17,ES,100859,2908
2020-08-17,GO,104588,2378
2020-08-17,MA,137408,3277
2020-08-17,MG,175715,4223
2020-08-17,MS,38393,657
2020-08-17,MT,74509,2368
2020-08-17,PA,180090,5975
2020-08-17,PB,96223,2183
2020-08-17,PE,113183,7210
2020-08-17,PI,67226,1637
2020-08-17,PR,106379,2733
2020-08-17,RJ,194651,14566
2020-08-17,RN,58504,2108
2020-08-17,RO,48232,1017
2020-08-17,RR,40183,574
2020-08-17,RS,98007,2744
2020-08-17,SC,121666,1839
2020-08-17,SE,68313,1717
2020-08-17,SP,702665,26899
2020-08-17,TO,38845,531
2020-08-18,AC,22933,590
2020-08-18,AL,73701,1774
2020-08-18,AM,112881,3524
2020-08-18,AP,39957,619
2020-08-18,BA,221041,4542
2020-08-18,CE,199828,8202
2020-08-18,DF,140170,2097
2020-08-18,ES,101874,2938
2020-08-18,GO,107910,2464
2020-08-18,MA,139185,3289
2020-08-18,MG,177787,4306
2020-08-18,MS,39381,668
2020-08-18,MT,75877,2384
2020-08-18,PA,182231,6015
2020-08-18,PB,97497,2203
2020-08-18,PE,113788,7252
2020-08-18,PI,68475,1653
2020-08-18,PR,108237,2781
2020-08-18,RJ,199480,14728
2020-08-18,RN,58864,2132
2020-08-18,RO,48923,1026
2020-08-18,RR,40501,575
2020-08-18,RS,101217,2822
2020-08-18,SC,124313,1883
2020-08-18,SE,68699,1729
2020-08-18,SP,711530,27315
2020-08-18,TO,39832,536
2020-08-19,AC,23146,591
2020-08-19,AL,74140,1784
2020-08-19,AM,113592,3537
2020-08-19,AP,40211,622
2020-08-19,BA,224659,4611
2020-08-19,CE,201201,8241
2020-08-19,DF,141762,2148
2020-08-19,ES,103090,2963
2020-08-19,GO,110704,2516
2020-08-19,MA,140571,3302
2020-08-19,MG,181158,4436
2020-08-19,MS,40201,686
2020-08-19,MT,77276,2421
2020-08-19,PA,184253,6027
2020-08-19,PB,98494,2223
2020-08-19,PE,115217,7280
2020-08-19,PI,69839,1660
2020-08-19,PR,109896,2808
2020-08-19,RJ,202993,14913
2020-08-19,RN,59335,2139
2020-08-19,RO,49721,1037
2020-08-19,RR,40989,576
2020-08-19,RS,103891,2881
2020-08-19,SC,126850,1918
2020-08-19,SE,69067,1745
2020-08-19,SP,721377,27591
2020-08-19,TO,40786,547
2020-08-20,AC,23322,595
2020-08-20,AL,74622,1793
2020-08-20,AM,114335,3551
2020-08-20,AP,40603,626
2020-08-20,BA,228596,4685
2020-08-20,CE,202422,8245
2020-08-20,DF,143759,2200
2020-08-20,ES,104169,2980
2020-08-20,GO,111985,2625
2020-08-20,MA,141860,3315
2020-08-20,MG,185062,4543
2020-08-20,MS,40711,696
2020-08-20,MT,78733,2457
2020-08-20,PA,186646,6037
2020-08-20,PB,99445,2244
2020-08-20,PE,116359,7303
2020-08-20,PI,70536,1672
2020-08-20,PR,112245,2891
2020-08-20,RJ,205916,15074
2020-08-20,RN,59388,2160
2020-08-20,RO,50147,1045
2020-08-20,RR,41191,576
2020-08-20,RS,104068,2948
2020-08-20,SC,129072,1960
2020-08-20,SE,69502,1757
2020-08-20,SP,730828,27905
2020-08-20,TO,41848,556
2020-08-21,AC,23337,598
2020-08-21,AL,74839,1802
2020-08-21,AM,114792,3556
2020-08-21,AP,40875,627
2020-08-21,BA,229743,4757
2020-08-21,CE,202999,8268
2020-08-21,DF,145452,2242
2020-08-21,ES,104988,3002
2020-08-21,GO,114705,2688
2020-08-21,MA,143103,3328
2020-08-21,MG,188623,4663
2020-08-21,MS,41888,722
2020-08-21,MT,80134,2492
2020-08-21,PA,188644,6047
2020-08-21,PB,100290,2268
2020-08-21,PE,117431,7335
2020-08-21,PI,71510,1701
2020-08-21,PR,114588,2928
2020-08-21,RJ,207036,15202
2020-08-21,RN,59590,2171
2020-08-21,RO,50514,1050
2020-08-21,RR,41527,579
2020-08-21,RS,104335,2993
2020-08-21,SC,130349,1995
2020-08-21,SE,69845,1761
2020-08-21,SP,735960,28155
2020-08-21,TO,42839,573
2020-08-22,AC,23665,598
2020-08-22,AL,75470,1810
2020-08-22,AM,115369,3557
2020-08-22,AP,41031,630
2020-08-22,BA,234204,4832
2020-08-22,CE,204931,8288
2020-08-22,DF,147127,2257
2020-08-22,ES,105633,3016
2020-08-22,GO,116058,2735
2020-08-22,MA,143873,3340
2020-08-22,MG,191507,4737
2020-08-22,MS,42498,738
2020-08-22,MT,80938,2510
2020-08-22,PA,189289,6057
2020-08-22,PB,100970,2288
2020-08-22,PE,118027,7364
2020-08-22,PI,71899,1714
2020-08-22,PR,116848,2961
2020-08-22,RJ,210464,15267
2020-08-22,RN,59590,2171
2020-08-22,RO,50995,1061
2020-08-22,RR,41730,579
2020-08-22,RS,108839,3046
2020-08-22,SC,132008,2027
2020-08-22,SE,70252,1771
2020-08-22,SP,749244,28392
2020-08-22,TO,43596,585
2020-08-23,AC,23719,600
2020-08-23,AL,75857,1818
2020-08-23,AM,115615,3563
2020-08-23,AP,41120,631
2020-08-23,BA,236050,4905
2020-08-23,CE,205441,8289
2020-08-23,DF,148998,2274
2020-08-23,ES,105892,3026
2020-08-23,GO,116664,2743
2020-08-23,MA,144400,3352
2020-08-23,MG,194614,4790
2020-08-23,MS,43065,749
2020-08-23,MT,81253,2525
2020-08-23,PA,189582,6062
2020-08-23,PB,101132,2308
2020-08-23,PE,119140,7390
2020-08-23,PI,72165,1724
2020-08-23,PR,117959,2977
2020-08-23,RJ,210948,15292
2020-08-23,RN,59846,2179
2020-08-23,RO,51421,1065
2020-08-23,RR,41770,579
2020-08-23,RS,109873,3062
2020-08-23,SC,132492,2042
2020-08-23,SE,70472,1782
2020-08-23,SP,754129,28467
2020-08-23,TO,44273,593
2020-08-24,AC,23729,604
2020-08-24,AL,76495,1827
2020-08-24,AM,115792,3578
2020-08-24,AP,41254,637
2020-08-24,BA,237208,4981
2020-08-24,CE,205875,8335
2020-08-24,DF,150519,2316
2020-08-24,ES,106494,3045
2020-08-24,GO,120223,2804
2020-08-24,MA,144895,3365
2020-08-24,MG,195920,4805
2020-08-24,MS,44324,767
2020-08-24,MT,82532,2551
2020-08-24,PA,191609,6078
2020-08-24,PB,101303,2330
2020-08-24,PE,119357,7399
2020-08-24,PI,72956,1741
2020-08-24,PR,119004,3010
2020-08-24,RJ,211360,15392
2020-08-24,RN,60358,2198
2020-08-24,RO,51791,1073
2020-08-24,RR,42044,582
2020-08-24,RS,109953,3102
2020-08-24,SC,133533,2066
2020-08-24,SE,70606,1793
2020-08-24,SP,756480,28505
2020-08-24,TO,45400,610
2020-08-25,AC,23936,607
2020-08-25,AL,76894,1836
2020-08-25,AM,116579,3588
2020-08-25,AP,41553,642
2020-08-25,BA,240939,5051
2020-08-25,CE,207631,8346
2020-08-25,DF,153690,2344
2020-08-25,ES,107191,3068
2020-08-25,GO,123306,2862
2020-08-25,MA,145921,3377
2020-08-25,MG,198736,4847
2020-08-25,MS,45359,783
2020-08-25,MT,84277,2591
2020-08-25,PA,193564,6097
2020-08-25,PB,102208,2350
2020-08-25,PE,119958,7425
2020-08-25,PI,74096,1754
2020-08-25,PR,120537,3062
2020-08-25,RJ,214003,15560
2020-08-25,RN,60639,2221
2020-08-25,RO,52514,1087
2020-08-25,RR,42359,582
2020-08-25,RS,112763,3161
2020-08-25,SC,135690,2116
2020-08-25,SE,70926,1808
2020-08-25,SP,765670,28912
2020-08-25,TO,46364,621
2020-08-26,AC,24119,607
2020-08-26,AL,77317,1844
2020-08-26,AM,117412,3600
2020-08-26,AP,41981,647
2020-08-26,BA,245021,5116
2020-08-26,CE,209363,8362
2020-08-26,DF,155253,2399
2020-08-26,ES,107909,3086
2020-08-26,GO,126420,2933
2020-08-26,MA,147676,3390
2020-08-26,MG,201973,4948
2020-08-26,MS,46261,800
2020-08-26,MT,85709,2611
2020-08-26,PA,195297,6102
2020-08-26,PB,103213,2371
2020-08-26,PE,121078,7460
2020-08-26,PI,75160,1765
2020-08-26,PR,122241,3102
2020-08-26,RJ,216675,15700
2020-08-26,RN,61090,2225
2020-08-26,RO,53119,1100
2020-08-26,RR,42690,586
2020-08-26,RS,115984,3235
2020-08-26,SC,137560,2142
2020-08-26,SE,71222,1822
2020-08-26,SP,776135,29194
2020-08-26,TO,47558,635
2020-08-27,AC,24269,607
2020-08-27,AL,77755,1853
2020-08-27,AM,118083,3616
2020-08-27,AP,42285,652
2020-08-27,BA,247853,5178
2020-08-27,CE,211053,8374
2020-08-27,DF,156863,2425
2020-08-27,ES,108662,3105
2020-08-27,GO,128241,2987
2020-08-27,MA,148923,3402
2020-08-27,MG,205942,5049
2020-08-27,MS,47152,823
2020-08-27,MT,87484,2649
2020-08-27,PA,196874,6106
2020-08-27,PB,104096,2388
2020-08-27,PE,122147,7480
2020-08-27,PI,76033,1785
2020-08-27,PR,124074,3153
2020-08-27,RJ,219198,15859
2020-08-27,RN,61416,2240
2020-08-27,RO,53805,1109
2020-08-27,RR,42997,587
2020-08-27,RS,118315,3275
2020-08-27,SC,139638,2170
2020-08-27,SE,71599,1830
2020-08-27,SP,784453,29415
2020-08-27,TO,48580,649
2020-08-28,AC,24462,608
2020-08-28,AL,78174,1861
2020-08-28,AM,118844,3629
2020-08-28,AP,42625,657
2020-08-28,BA,250977,5243
2020-08-28,CE,213238,8380
2020-08-28,DF,158180,2440
2020-08-28,ES,109493,3117
2020-08-28,GO,130208,3044
2020-08-28,MA,150144,3412
2020-08-28,MG,209465,5167
2020-08-28,MS,48023,840
2020-08-28,MT,89140,2677
2020-08-28,PA,198246,6109
2020-08-28,PB,104803,2404
2020-08-28,PE,123146,7512
2020-08-28,PI,76916,1804
2020-08-28,PR,126964,3194
2020-08-28,RJ,219198,15859
2020-08-28,RN,61704,2248
2020-08-28,RO,54205,1114
2020-08-28,RR,43299,587
2020-08-28,RS,120739,3323
2020-08-28,SC,141692,2193
2020-08-28,SE,72039,1837
2020-08-28,SP,796209,29694
2020-08-28,TO,49651,658
2020-08-29,AC,24601,608
2020-08-29,AL,78483,1870
2020-08-29,AM,119859,3634
2020-08-29,AP,42771,659
2020-08-29,BA,254790,5302
2020-08-29,CE,214094,8382
2020-08-29,DF,159526,2450
2020-08-29,ES,110025,3129
2020-08-29,GO,130541,3066
2020-08-29,MA,150895,3424
2020-08-29,MG,212565,5270
2020-08-29,MS,48522,851
2020-08-29,MT,89962,2706
2020-08-29,PA,199171,6115
2020-08-29,PB,105531,2422
2020-08-29,PE,124151,7547
2020-08-29,PI,77405,1825
2020-08-29,PR,128967,3234
2020-08-29,RJ,222957,16016
2020-08-29,RN,61704,2248
2020-08-29,RO,54496,1125
2020-08-29,RR,43470,587
2020-08-29,RS,124416,3385
2020-08-29,SC,146404,2218
2020-08-29,SE,72280,1839
2020-08-29,SP,801422,29944
2020-08-29,TO,50373,664
2020-08-30,AC,24638,609
2020-08-30,AL,78637,1878
2020-08-30,AM,120060,3639
2020-08-30,AP,42892,660
2020-08-30,BA,256062,5344
2020-08-30,CE,214457,8384
2020-08-30,DF,160796,2469
2020-08-30,ES,110351,3135
2020-08-30,GO,130977,3089
2020-08-30,MA,151212,3436
2020-08-30,MG,215050,5326
2020-08-30,MS,48937,862
2020-08-30,MT,90337,2725
2020-08-30,PA,199556,6146
2020-08-30,PB,105661,2435
2020-08-30,PE,125094,7574
2020-08-30,PI,77405,1825
2020-08-30,PR,130603,3251
2020-08-30,RJ,223302,16027
2020-08-30,RN,61961,2264
2020-08-30,RO,54679,1129
2020-08-30,RR,43518,587
2020-08-30,RS,124482,3395
2020-08-30,SC,146864,2235
2020-08-30,SE,72417,1844
2020-08-30,SP,803404,29978
2020-08-30,TO,50694,673
2020-08-31,AC,24647,612
2020-08-31,AL,78804,1887
2020-08-31,AM,120296,3649
2020-08-31,AP,43193,661
2020-08-31,BA,256727,5397
2020-08-31,CE,214953,8409
2020-08-31,DF,162042,2521
2020-08-31,ES,111263,3158
2020-08-31,GO,133796,3159
2020-08-31,MA,151615,3446
2020-08-31,MG,216557,5335
2020-08-31,MS,49820,889
2020-08-31,MT,91346,2751
2020-08-31,PA,200985,6176
2020-08-31,PB,105778,2450
2020-08-31,PE,125539,7593
2020-08-31,PI,77859,1843
2020-08-31,PR,131906,3290
2020-08-31,RJ,223631,16065
2020-08-31,RN,62204,2273
2020-08-31,RO,55153,1148
2020-08-31,RR,43707,593
2020-08-31,RS,125813,3435
2020-08-31,SC,177777,2260
2020-08-31,SE,72528,1857
2020-08-31,SP,804342,30014
2020-08-31,TO,51629,687
2020-09-01,AC,24840,616
2020-09-01,AL,79258,1895
2020-09-01,AM,120919,3661
2020-09-01,AP,43514,663
2020-09-01,BA,259418,5448
2020-09-01,CE,217295,8459
2020-09-01,DF,163498,2573
2020-09-01,ES,112072,3184
2020-09-01,GO,136741,3242
2020-09-01,MA,152681,3457
2020-09-01,MG,218781,5364
2020-09-01,MS,50645,903
2020-09-01,MT,92856,2786
2020-09-01,PA,202436,6201
2020-09-01,PB,106605,2465
2020-09-01,PE,127287,7614
2020-09-01,PI,78922,1846
2020-09-01,PR,133574,3345
2020-09-01,RJ,226800,16217
2020-09-01,RN,62645,2283
2020-09-01,RO,55768,1155
2020-09-01,RR,44036,595
2020-09-01,RS,127799,3501
2020-09-01,SC,180474,2301
2020-09-01,SE,72721,1867
2020-09-01,SP,814375,30375
2020-09-01,TO,52125,701
2020-09-02,AC,25027,618
2020-09-02,AL,79550,1902
2020-09-02,AM,121793,3819
2020-09-02,AP,43800,668
2020-09-02,BA,262299,5502
2020-09-02,CE,218414,8481
2020-09-02,DF,164649,2609
2020-09-02,ES,112827,3204
2020-09-02,GO,140192,3323
2020-09-02,MA,154468,3467
2020-09-02,MG,222048,5505
2020-09-02,MS,51575,914
2020-09-02,MT,94302,2816
2020-09-02,PA,203969,6215
2020-09-02,PB,107384,2483
2020-09-02,PE,128724,7656
2020-09-02,PI,79719,1855
2020-09-02,PR,135609,3399
2020-09-02,RJ,228332,16315
2020-09-02,RN,63071,2286
2020-09-02,RO,56411,1161
2020-09-02,RR,44334,596
2020-09-02,RS,131461,3543
2020-09-02,SC,182522,2325
2020-09-02,SE,72931,1873
2020-09-02,SP,826331,30673
2020-09-02,TO,52938,712
2020-09-03,AC,25135,622
2020-09-03,AL,79797,1910
2020-09-03,AM,122520,3828
2020-09-03,AP,44064,669
2020-09-03,BA,265739,5549
2020-09-03,CE,220040,8532
2020-09-03,DF,165903,2641
2020-09-03,ES,113759,3221
2020-09-03,GO,143793,3385
2020-09-03,MA,155717,3478
2020-09-03,MG,224987,5591
2020-09-03,MS,52406,939
2020-09-03,MT,95430,2845
2020-09-03,PA,205291,6228
2020-09-03,PB,108182,2501
2020-09-03,PE,130199,7619
2020-09-03,PI,81626,1884
2020-09-03,PR,137865,3449
2020-09-03,RJ,230271,16394
2020-09-03,RN,63507,2289
2020-09-03,RO,56618,1165
2020-09-03,RR,44665,598
2020-09-03,RS,134610,3590
2020-09-03,SC,184204,2352
2020-09-03,SE,73182,1877
2020-09-03,SP,837978,30905
2020-09-03,TO,54013,730
2020-09-04,AC,25249,623
2020-09-04,AL,80103,1917
2020-09-04,AM,123187,3834
2020-09-04,AP,44454,670
2020-09-04,BA,268137,5590
2020-09-04,CE,222105,8563
2020-09-04,DF,167200,2681
2020-09-04,ES,114700,3235
2020-09-04,GO,146441,3440
2020-09-04,MA,157052,3488
2020-09-04,MG,228013,5708
2020-09-04,MS,53328,953
2020-09-04,MT,96980,2873
2020-09-04,PA,206864,6240
2020-09-04,PB,108925,2517
2020-09-04,PE,131230,7645
2020-09-04,PI,81626,1884
2020-09-04,PR,139780,3505
2020-09-04,RJ,232489,16467
2020-09-04,RN,63912,2293
2020-09-04,RO,57352,1172
2020-09-04,RR,44975,598
2020-09-04,RS,137217,3650
2020-09-04,SC,186596,2376
2020-09-04,SE,73383,1880
2020-09-04,SP,845016,31091
2020-09-04,TO,55075,745
2020-09-05,AC,25408,624
2020-09-05,AL,80462,1924
2020-09-05,AM,123726,3841
2020-09-05,AP,44682,671
2020-09-05,BA,270177,5627
2020-09-05,CE,222179,8565
2020-09-05,DF,168605,2700
2020-09-05,ES,115172,3242
2020-09-05,GO,147485,3450
2020-09-05,MA,157844,3499
2020-09-05,MG,231878,5708
2020-09-05,MS,53491,966
2020-09-05,MT,97636,2893
2020-09-05,PA,207638,6249
2020-09-05,PB,109530,2529
2020-09-05,PE,131961,7670
2020-09-05,PI,82006,1893
2020-09-05,PR,141648,3537
2020-09-05,RJ,232747,16526
2020-09-05,RN,63912,2293
2020-09-05,RO,57865,1180
2020-09-05,RR,45137,598
2020-09-05,RS,143485,3714
2020-09-05,SC,188361,2400
2020-09-05,SE,73631,1885
2020-09-05,SP,853085,31313
2020-09-05,TO,55513,748
2020-09-06,AC,25443,624
2020-09-06,AL,80717,1930
2020-09-06,AM,123811,3847
2020-09-06,AP,44770,672
2020-09-06,BA,271255,5658
2020-09-06,CE,222412,8566
2020-09-06,DF,169617,2710
2020-09-06,ES,115505,3256
2020-09-06,GO,147717,3466
2020-09-06,MA,158050,3508
2020-09-06,MG,234804,5837
2020-09-06,MS,54125,970
2020-09-06,MT,97819,2907
2020-09-06,PA,208259,6257
2020-09-06,PB,109673,2543
2020-09-06,PE,132152,7702
2020-09-06,PI,82282,1901
2020-09-06,PR,143074,3551
2020-09-06,RJ,232818,16568
2020-09-06,RN,64029,2302
2020-09-06,RO,58066,1185
2020-09-06,RR,45253,598
2020-09-06,RS,143914,3739
2020-09-06,SC,189028,2405
2020-09-06,SE,73740,1893
2020-09-06,SP,855722,31353
2020-09-06,TO,55906,754
2020-09-07,AC,25469,624
2020-09-07,AL,80786,1936
2020-09-07,AM,123905,3849
2020-09-07,AP,44863,673
2020-09-07,BA,271963,5693
2020-09-07,CE,222473,8567
2020-09-07,DF,170806,2720
2020-09-07,ES,115793,3268
2020-09-07,GO,147933,3481
2020-09-07,MA,158310,3518
2020-09-07,MG,236012,5851
2020-09-07,MS,54363,987
2020-09-07,MT,98206,2932
2020-09-07,PA,208560,6269
2020-09-07,PB,109706,2550
2020-09-07,PE,132420,7721
2020-09-07,PI,82564,1915
2020-09-07,PR,143853,3577
2020-09-07,RJ,233052,16593
2020-09-07,RN,64097,2304
2020-09-07,RO,58237,1187
2020-09-07,RR,45302,598
2020-09-07,RS,143952,3756
2020-09-07,SC,189477,2422
2020-09-07,SE,73846,1898
2020-09-07,SP,857330,31377
2020-09-07,TO,56223,758
2020-09-08,AC,25494,630
2020-09-08,AL,80866,1943
2020-09-08,AM,124223,3855
2020-09-08,AP,44999,675
2020-09-08,BA,272814,5734
2020-09-08,CE,222884,8588
2020-09-08,DF,171739,2763
2020-09-08,ES,116578,3286
2020-09-08,GO,150865,3484
2020-09-08,MA,159163,3529
2020-09-08,MG,236663,5877
2020-09-08,MS,55345,1007
2020-09-08,MT,99484,2960
2020-09-08,PA,209808,6280
2020-09-08,PB,109860,2563
2020-09-08,PE,132590,7741
2020-09-08,PI,83502,1924
2020-09-08,PR,145257,3615
2020-09-08,RJ,233373,16646
2020-09-08,RN,64354,2304
2020-09-08,RO,58559,1193
2020-09-08,RR,45505,605
2020-09-08,RS,144502,3800
2020-09-08,SC,190397,2442
2020-09-08,SE,73971,1909
2020-09-08,SP,858783,31430
2020-09-08,TO,56684,762
2020-09-09,AC,25668,631
2020-09-09,AL,81092,1949
2020-09-09,AM,124959,3863
2020-09-09,AP,45251,675
2020-09-09,BA,275088,5774
2020-09-09,CE,223863,8634
2020-09-09,DF,172708,2813
2020-09-09,ES,117270,3298
2020-09-09,GO,154755,3605
2020-09-09,MA,160239,3539
2020-09-09,MG,238515,5935
2020-09-09,MS,56046,1024
2020-09-09,MT,100895,2992
2020-09-09,PA,211061,6289
2020-09-09,PB,110727,2578
2020-09-09,PE,133579,7764
2020-09-09,PI,84508,1931
2020-09-09,PR,146333,3660
2020-09-09,RJ,233873,16770
2020-09-09,RN,64740,2310
2020-09-09,RO,59196,1207
2020-09-09,RR,45855,607
2020-09-09,RS,147576,3882
2020-09-09,SC,192982,2460
2020-09-09,SE,74121,1920
2020-09-09,SP,866576,31821
2020-09-09,TO,57899,773
2020-09-10,AC,25877,635
2020-09-10,AL,81330,1957
2020-09-10,AM,125660,3874
2020-09-10,AP,45529,676
2020-09-10,BA,277327,5818
2020-09-10,CE,224847,8657
2020-09-10,DF,173631,2843
2020-09-10,ES,118138,3314
2020-09-10,GO,158548,3701
2020-09-10,MA,160968,3550
2020-09-10,MG,242533,6009
2020-09-10,MS,58304,1035
2020-09-10,MT,102328,3025
2020-09-10,PA,212428,6299
2020-09-10,PB,111495,2590
2020-09-10,PE,134619,7792
2020-09-10,PI,85225,1947
2020-09-10,PR,148333,3710
2020-09-10,RJ,234813,16871
2020-09-10,RN,65099,2316
2020-09-10,RO,59620,1217
2020-09-10,RR,46102,609
2020-09-10,RS,151392,3929
2020-09-10,SC,194176,2483
2020-09-10,SE,74386,1933
2020-09-10,SP,874754,32104
2020-09-10,TO,58658,784
2020-09-11,AC,26004,636
2020-09-11,AL,81440,1965
2020-09-11,AM,126423,3883
2020-09-11,AP,45665,677
2020-09-11,BA,279509,5866
2020-09-11,CE,226021,8683
2020-09-11,DF,174549,2867
2020-09-11,ES,118814,3332
2020-09-11,GO,162204,3761
2020-09-11,MA,161994,3560
2020-09-11,MG,246149,6114
2020-09-11,MS,58671,1055
2020-09-11,MT,103929,3044
2020-09-11,PA,213655,6307
2020-09-11,PB,112018,2604
2020-09-11,PE,135643,7817
2020-09-11,PI,86085,1958
2020-09-11,PR,150668,3781
2020-09-11,RJ,240453,16883
2020-09-11,RN,65266,2321
2020-09-11,RO,60038,1231
2020-09-11,RR,46348,610
2020-09-11,RS,153475,3997
2020-09-11,SC,195701,2497
2020-09-11,SE,74645,1939
2020-09-11,SP,882809,32338
2020-09-11,TO,59395,799
2020-09-12,AC,26148,637
2020-09-12,AL,82028,1972
2020-09-12,AM,126939,3888
2020-09-12,AP,45789,678
2020-09-12,BA,281665,5912
2020-09-12,CE,227075,8685
2020-09-12,DF,175646,2883
2020-09-12,ES,119354,3338
2020-09-12,GO,162936,3793
2020-09-12,MA,162476,3569
2020-09-12,MG,250190,6200
2020-09-12,MS,59077,1065
2020-09-12,MT,104671,3063
2020-09-12,PA,214376,6344
2020-09-12,PB,112706,2616
2020-09-12,PE,136413,7852
2020-09-12,PI,86396,1967
2020-09-12,PR,152913,3801
2020-09-12,RJ,240776,16985
2020-09-12,RN,65521,2323
2020-09-12,RO,60362,1240
2020-09-12,RR,46478,610
2020-09-12,RS,156264,4039
2020-09-12,SC,197064,2515
2020-09-12,SE,74765,1945
2020-09-12,SP,890690,32567
2020-09-12,TO,59722,806
2020-09-13,AC,26166,640
2020-09-13,AL,82230,1979
2020-09-13,AM,127132,3892
2020-09-13,AP,45853,678
2020-09-13,BA,282517,5961
2020-09-13,CE,227449,8686
2020-09-13,DF,176837,2899
2020-09-13,ES,119548,3346
2020-09-13,GO,163535,3805
2020-09-13,MA,162583,3580
2020-09-13,MG,252263,6276
2020-09-13,MS,59408,1085
2020-09-13,MT,104913,3082
2020-09-13,PA,214806,6368
2020-09-13,PB,112961,2627
2020-09-13,PE,136672,7874
2020-09-13,PI,86538,1973
2020-09-13,PR,154171,3823
2020-09-13,RJ,242491,16990
2020-09-13,RN,65584,2325
2020-09-13,RO,60484,1246
2020-09-13,RR,46545,610
2020-09-13,RS,156903,4055
2020-09-13,SC,197745,2529
2020-09-13,SE,74833,1949
2020-09-13,SP,892257,32606
2020-09-13,TO,60035,814
2020-09-14,AC,26176,640
2020-09-14,AL,82332,1985
2020-09-14,AM,127407,3898
2020-09-14,AP,45955,680
2020-09-14,BA,283235,5999
2020-09-14,CE,227799,8698
2020-09-14,DF,177921,2930
2020-09-14,ES,120252,3359
2020-09-14,GO,168026,3877
2020-09-14,MA,162998,3590
2020-09-14,MG,253997,6286
2020-09-14,MS,60297,1106
2020-09-14,MT,106077,3107
2020-09-14,PA,216318,6387
2020-09-14,PB,113163,2639
2020-09-14,PE,136853,7888
2020-09-14,PI,87213,1988
2020-09-14,PR,154820,3853
2020-09-14,RJ,242811,17003
2020-09-14,RN,65873,2334
2020-09-14,RO,60746,1253
2020-09-14,RR,46848,611
2020-09-14,RS,157907,4080
2020-09-14,SC,198640,2543
2020-09-14,SE,75046,1956
2020-09-14,SP,893349,32642
2020-09-14,TO,60725,822
2020-09-15,AC,26287,642
2020-09-15,AL,82595,1991
2020-09-15,AM,128150,3907
2020-09-15,AP,46117,682
2020-09-15,BA,285448,6040
2020-09-15,CE,229250,8749
2020-09-15,DF,178747,2970
2020-09-15,ES,120974,3376
2020-09-15,GO,171120,3927
2020-09-15,MA,163802,3601
2020-09-15,MG,255606,6328
2020-09-15,MS,60963,1122
2020-09-15,MT,107486,3124
2020-09-15,PA,217500,6405
2020-09-15,PB,113903,2649
2020-09-15,PE,137869,7914
2020-09-15,PI,87959,1996
2020-09-15,PR,155820,3918
2020-09-15,RJ,244418,17180
2020-09-15,RN,66159,2338
2020-09-15,RO,61260,1269
2020-09-15,RR,47164,611
2020-09-15,RS,160940,4174
2020-09-15,SC,200241,2569
2020-09-15,SE,75203,1962
2020-09-15,SP,901271,32963
2020-09-15,TO,61271,831
2020-09-16,AC,26463,643
2020-09-16,AL,82983,1996
2020-09-16,AM,128851,3920
2020-09-16,AP,46266,685
2020-09-16,BA,287685,6085
2020-09-16,CE,230406,8764
2020-09-16,DF,179823,3000
2020-09-16,ES,121710,3388
2020-09-16,GO,174796,3971
2020-09-16,MA,164770,3611
2020-09-16,MG,258595,6419
2020-09-16,MS,61794,1133
2020-09-16,MT,108890,3156
2020-09-16,PA,218458,6421
2020-09-16,PB,114582,2659
2020-09-16,PE,138568,7933
2020-09-16,PI,88671,2007
2020-09-16,PR,157330,3971
2020-09-16,RJ,246182,17342
2020-09-16,RN,66551,2341
2020-09-16,RO,61619,1277
2020-09-16,RR,47398,611
2020-09-16,RS,164373,4216
2020-09-16,SC,201682,2593
2020-09-16,SE,75342,1965
2020-09-16,SP,909428,33253
2020-09-16,TO,61683,840
2020-09-17,AC,26716,646
2020-09-17,AL,83035,2002
2020-09-17,AM,129501,3931
2020-09-17,AP,46372,688
2020-09-17,BA,289655,6132
2020-09-17,CE,231510,8781
2020-09-17,DF,180844,3022
2020-09-17,ES,122471,3399
2020-09-17,GO,178413,4057
2020-09-17,MA,165499,3622
2020-09-17,MG,262001,6500
2020-09-17,MS,62817,1148
2020-09-17,MT,110147,3178
2020-09-17,PA,219220,6438
2020-09-17,PB,115359,2670
2020-09-17,PE,139325,7954
2020-09-17,PI,89443,2012
2020-09-17,PR,159799,4018
2020-09-17,RJ,246843,17453
2020-09-17,RN,66884,2349
2020-09-17,RO,62158,1289
2020-09-17,RR,47692,613
2020-09-17,RS,167781,4268
2020-09-17,SC,202934,2609
2020-09-17,SE,75560,1968
2020-09-17,SP,916821,33472
2020-09-17,TO,62498,850
2020-09-18,AC,26942,647
2020-09-18,AL,83298,2008
2020-09-18,AM,130359,3950
2020-09-18,AP,46601,690
2020-09-18,BA,292019,6181
2020-09-18,CE,232950,8795
2020-09-18,DF,181919,3037
2020-09-18,ES,123273,3404
2020-09-18,GO,182554,4120
2020-09-18,MA,166580,3632
2020-09-18,MG,265185,6574
2020-09-18,MS,63466,1162
2020-09-18,MT,111628,3200
2020-09-18,PA,220205,6451
2020-09-18,PB,115966,2684
2020-09-18,PE,140235,7971
2020-09-18,PI,90061,2025
2020-09-18,PR,161922,4067
2020-09-18,RJ,249798,17575
2020-09-18,RN,67193,2356
2020-09-18,RO,62495,1294
2020-09-18,RR,48088,613
2020-09-18,RS,170749,4318
2020-09-18,SC,204166,2627
2020-09-18,SE,75664,1972
2020-09-18,SP,924532,33678
2020-09-18,TO,63167,866
2020-09-19,AC,27061,648
2020-09-19,AL,83950,2014
2020-09-19,AM,131573,3956
2020-09-19,AP,46738,691
2020-09-19,BA,294210,6221
2020-09-19,CE,233600,8801
2020-09-19,DF,183096,3048
2020-09-19,ES,123720,3408
2020-09-19,GO,183481,4142
2020-09-19,MA,167333,3643
2020-09-19,MG,268009,6656
2020-09-19,MS,63848,1172
2020-09-19,MT,112242,3214
2020-09-19,PA,220519,6460
2020-09-19,PB,116588,2695
2020-09-19,PE,141042,8004
2020-09-19,PI,90370,2037
2020-09-19,PR,163479,4093
2020-09-19,RJ,251261,17634
2020-09-19,RN,67193,2356
2020-09-19,RO,62697,1297
2020-09-19,RR,48302,613
2020-09-19,RS,174140,4371
2020-09-19,SC,205250,2635
2020-09-19,SE,75772,1976
2020-09-19,SP,931673,33927
2020-09-19,TO,63423,866
2020-09-20,AC,27079,649
2020-09-20,AL,84508,2019
2020-09-20,AM,131757,3959
2020-09-20,AP,46863,691
2020-09-20,BA,295303,6265
2020-09-20,CE,233891,8815
2020-09-20,DF,183749,3062
2020-09-20,ES,124291,3422
2020-09-20,GO,184021,4158
2020-09-20,MA,167657,3653
2020-09-20,MG,270053,6714
2020-09-20,MS,64033,1179
2020-09-20,MT,112607,3231
2020-09-20,PA,220775,6468
2020-09-20,PB,116736,2707
2020-09-20,PE,141517,8016
2020-09-20,PI,90617,2038
2020-09-20,PR,164888,4110
2020-09-20,RJ,251909,17677
2020-09-20,RN,67447,2360
2020-09-20,RO,62863,1300
2020-09-20,RR,48330,613
2020-09-20,RS,174777,4384
2020-09-20,SC,205620,2639
2020-09-20,SE,75873,1981
2020-09-20,SP,935300,33952
2020-09-20,TO,63544,867
2020-09-21,AC,27106,649
2020-09-21,AL,84720,2024
2020-09-21,AM,131920,3964
2020-09-21,AP,46946,693
2020-09-21,BA,295996,6313
2020-09-21,CE,234120,8834
2020-09-21,DF,184555,3097
2020-09-21,ES,125185,3432
2020-09-21,GO,186596,4216
2020-09-21,MA,167948,3664
2020-09-21,MG,271194,6727
2020-09-21,MS,64959,1191
2020-09-21,MT,114041,3245
2020-09-21,PA,221639,6477
2020-09-21,PB,116879,2719
2020-09-21,PE,141777,8025
2020-09-21,PI,91355,2051
2020-09-21,PR,165494,4146
2020-09-21,RJ,252046,17727
2020-09-21,RN,67689,2363
2020-09-21,RO,63267,1305
2020-09-21,RR,48542,616
2020-09-21,RS,175349,4409
2020-09-21,SC,206332,2656
2020-09-21,SE,76073,1987
2020-09-21,SP,937332,33984
2020-09-21,TO,64273,877
2020-09-22,AC,27246,651
2020-09-22,AL,85008,2029
2020-09-22,AM,132687,3967
2020-09-22,AP,47135,695
2020-09-22,BA,297805,6359
2020-09-22,CE,235222,8850
2020-09-22,DF,185349,3131
2020-09-22,ES,125871,3444
2020-09-22,GO,190362,4250
2020-09-22,MA,168913,3674
2020-09-22,MG,273233,6764
2020-09-22,MS,65611,1204
2020-09-22,MT,115403,3269
2020-09-22,PA,223021,6489
2020-09-22,PB,117495,2729
2020-09-22,PE,142488,8055
2020-09-22,PI,92030,2061
2020-09-22,PR,167678,4185
2020-09-22,RJ,253756,17798
2020-09-22,RN,68000,2364
2020-09-22,RO,63781,1312
2020-09-22,RR,48919,616
2020-09-22,RS,177485,4472
2020-09-22,SC,207692,2671
2020-09-22,SE,76193,1993
2020-09-22,SP,945422,34266
2020-09-22,TO,64787,890
2020-09-23,AC,27397,652
2020-09-23,AL,85559,2034
2020-09-23,AM,133413,3984
2020-09-23,AP,47364,697
2020-09-23,BA,299415,6408
2020-09-23,CE,236591,8876
2020-09-23,DF,186054,3148
2020-09-23,ES,126606,3452
2020-09-23,GO,193827,4307
2020-09-23,MA,169690,3683
2020-09-23,MG,276314,6897
2020-09-23,MS,66426,1217
2020-09-23,MT,116700,3287
2020-09-23,PA,224302,6502
2020-09-23,PB,118048,2741
2020-09-23,PE,143165,8085
2020-09-23,PI,92801,2073
2020-09-23,PR,168923,4244
2020-09-23,RJ,254885,17911
2020-09-23,RN,68298,2374
2020-09-23,RO,64306,1320
2020-09-23,RR,49216,635
2020-09-23,RS,179436,4515
2020-09-23,SC,208900,2686
2020-09-23,SE,76353,1999
2020-09-23,SP,951973,34492
2020-09-23,TO,65354,901
2020-09-24,AC,27556,653
2020-09-24,AL,85753,2040
2020-09-24,AM,134289,3992
2020-09-24,AP,47516,698
2020-09-24,BA,301248,6455
2020-09-24,CE,237147,8891
2020-09-24,DF,186945,3164
2020-09-24,ES,127368,3459
2020-09-24,GO,196862,4390
2020-09-24,MA,170186,3693
2020-09-24,MG,278901,6983
2020-09-24,MS,67196,1234
2020-09-24,MT,117944,3299
2020-09-24,PA,225624,6514
2020-09-24,PB,118567,2762
2020-09-24,PE,143703,8110
2020-09-24,PI,93399,2085
2020-09-24,PR,170508,4280
2020-09-24,RJ,257985,18037
2020-09-24,RN,68572,2376
2020-09-24,RO,64481,1323
2020-09-24,RR,49474,637
2020-09-24,RS,181217,4544
2020-09-24,SC,210048,2704
2020-09-24,SE,76603,2004
2020-09-24,SP,958240,34677
2020-09-24,TO,65994,910
2020-09-25,AC,27710,654
2020-09-25,AL,85937,2046
2020-09-25,AM,135205,4000
2020-09-25,AP,47657,699
2020-09-25,BA,303058,6503
2020-09-25,CE,237857,8905
2020-09-25,DF,187895,3175
2020-09-25,ES,128265,3485
2020-09-25,GO,199325,4474
2020-09-25,MA,170923,3703
2020-09-25,MG,283479,7056
2020-09-25,MS,67834,1249
2020-09-25,MT,119122,3325
2020-09-25,PA,226826,6534
2020-09-25,PB,119134,2778
2020-09-25,PE,144268,8129
2020-09-25,PI,94179,2091
2020-09-25,PR,171932,4318
2020-09-25,RJ,259488,18166
2020-09-25,RN,68743,2380
2020-09-25,RO,64732,1328
2020-09-25,RR,49681,637
2020-09-25,RS,183115,4574
2020-09-25,SC,211105,2723
2020-09-25,SE,76727,2010
2020-09-25,SP,964921,34877
2020-09-25,TO,66516,917
2020-09-26,AC,27859,656
2020-09-26,AL,86124,2052
2020-09-26,AM,136169,4022
2020-09-26,AP,47745,702
2020-09-26,BA,305186,6552
2020-09-26,CE,238582,8918
2020-09-26,DF,188608,3183
2020-09-26,ES,128722,3492
2020-09-26,GO,199717,4505
2020-09-26,MA,171480,3714
2020-09-26,MG,286350,7181
2020-09-26,MS,68092,1263
2020-09-26,MT,119765,3344
2020-09-26,PA,227756,6546
2020-09-26,PB,119731,2788
2020-09-26,PE,144940,8156
2020-09-26,PI,94540,2095
2020-09-26,PR,174011,4344
2020-09-26,RJ,259670,18247
2020-09-26,RN,68743,2380
2020-09-26,RO,64923,1333
2020-09-26,RR,49911,637
2020-09-26,RS,185119,4615
2020-09-26,SC,212091,2736
2020-09-26,SE,76917,2015
2020-09-26,SP,970888,35063
2020-09-26,TO,66710,919
2020-09-27,AC,27874,657
2020-09-27,AL,86294,2057
2020-09-27,AM,136416,4027
2020-09-27,AP,47795,702
2020-09-27,BA,306036,6599
2020-09-27,CE,239062,8921
2020-09-27,DF,189513,3188
2020-09-27,ES,129192,3504
2020-09-27,GO,200144,4522
2020-09-27,MA,171755,3724
2020-09-27,MG,288619,7228
2020-09-27,MS,68325,1278
2020-09-27,MT,120030,3350
2020-09-27,PA,228068,6551
2020-09-27,PB,119783,2797
2020-09-27,PE,145016,8174
2020-09-27,PI,94733,2101
2020-09-27,PR,175143,4358
2020-09-27,RJ,261860,18278
2020-09-27,RN,69015,2385
2020-09-27,RO,65208,1336
2020-09-27,RR,49968,637
2020-09-27,RS,185516,4627
2020-09-27,SC,212584,2747
2020-09-27,SE,77083,2019
2020-09-27,SP,972237,35108
2020-09-27,TO,66865,922
2020-09-28,AC,27885,657
2020-09-28,AL,86393,2062
2020-09-28,AM,136708,4031
2020-09-28,AP,47935,704
2020-09-28,BA,306629,6648
2020-09-28,CE,239465,8948
2020-09-28,DF,190505,3203
2020-09-28,ES,129796,3524
2020-09-28,GO,204932,4582
2020-09-28,MA,172176,3735
2020-09-28,MG,290137,7240
2020-09-28,MS,68963,1293
2020-09-28,MT,121145,3372
2020-09-28,PA,229175,6560
2020-09-28,PB,119987,2804
2020-09-28,PE,145096,8190
2020-09-28,PI,95227,2107
2020-09-28,PR,175982,4378
2020-09-28,RJ,262006,18291
2020-09-28,RN,69263,2392
2020-09-28,RO,65386,1340
2020-09-28,RR,50185,641
2020-09-28,RS,185778,4648
2020-09-28,SC,213066,2765
2020-09-28,SE,77172,2025
2020-09-28,SP,973142,35125
2020-09-28,TO,66865,922
2020-09-29,AC,28030,657
2020-09-29,AL,86549,2067
2020-09-29,AM,137964,4035
2020-09-29,AP,48054,705
2020-09-29,BA,308252,6697
2020-09-29,CE,240139,8957
2020-09-29,DF,191317,3224
2020-09-29,ES,130714,3538
2020-09-29,GO,207859,4651
2020-09-29,MA,172845,3745
2020-09-29,MG,292291,7259
2020-09-29,MS,69706,1303
2020-09-29,MT,122376,3392
2020-09-29,PA,230449,6573
2020-09-29,PB,120654,2816
2020-09-29,PE,146325,8222
2020-09-29,PI,96086,2122
2020-09-29,PR,177298,4422
2020-09-29,RJ,263699,18388
2020-09-29,RN,69683,2400
2020-09-29,RO,65673,1351
2020-09-29,RR,50449,648
2020-09-29,RS,188253,4724
2020-09-29,SC,214261,2786
2020-09-29,SE,77280,2031
2020-09-29,SP,979519,35391
2020-09-29,TO,68003,939
2020-09-30,AC,28222,659
2020-09-30,AL,86879,2072
2020-09-30,AM,139326,4156
2020-09-30,AP,48254,709
2020-09-30,BA,310526,6744
2020-09-30,CE,241159,8994
2020-09-30,DF,192245,3255
2020-09-30,ES,131490,3545
2020-09-30,GO,211240,4705
2020-09-30,MA,173564,3756
2020-09-30,MG,295169,7360
2020-09-30,MS,70239,1311
2020-09-30,MT,123416,3406
2020-09-30,PA,231743,6582
2020-09-30,PB,121267,2824
2020-09-30,PE,147171,8251
2020-09-30,PI,96849,2127
2020-09-30,PR,178898,4485
2020-09-30,RJ,264783,18487
2020-09-30,RN,69965,2403
2020-09-30,RO,65911,1357
2020-09-30,RR,50681,654
2020-09-30,RS,190572,4782
2020-09-30,SC,215478,2797
2020-09-30,SE,77440,2036
2020-09-30,SP,985628,35622
2020-09-30,TO,68606,948
2020-10-01,AC,28409,661
2020-10-01,AL,87504,2078
2020-10-01,AM,140240,4159
2020-10-01,AP,48385,712
2020-10-01,BA,312050,6795
2020-10-01,CE,242021,9047
2020-10-01,DF,193127,3276
2020-10-01,ES,132350,3551
2020-10-01,GO,213580,4771
2020-10-01,MA,174195,3766
2020-10-01,MG,298607,7436
2020-10-01,MS,70828,1326
2020-10-01,MT,124370,3428
2020-10-01,PA,232803,6585
2020-10-01,PB,121809,2835
2020-10-01,PE,147872,8279
2020-10-01,PI,97498,2132
2020-10-01,PR,180805,4527
2020-10-01,RJ,266235,18567
2020-10-01,RN,70356,2406
2020-10-01,RO,66261,1367
2020-10-01,RR,51013,659
2020-10-01,RS,197186,4815
2020-10-01,SC,216624,2821
2020-10-01,SE,77635,2040
2020-10-01,SP,991725,35804
2020-10-01,TO,69008,957
2020-10-02,AC,28555,664
2020-10-02,AL,87750,2085
2020-10-02,AM,141199,4162
2020-10-02,AP,48529,713
2020-10-02,BA,313404,6844
2020-10-02,CE,242490,9047
2020-10-02,DF,194042,3291
2020-10-02,ES,133025,3565
2020-10-02,GO,215764,4832
2020-10-02,MA,174788,3776
2020-10-02,MG,302082,7502
2020-10-02,MS,71476,1335
2020-10-02,MT,125452,3447
2020-10-02,PA,233802,6593
2020-10-02,PB,122273,2842
2020-10-02,PE,148737,8299
2020-10-02,PI,98108,2144
2020-10-02,PR,182203,4560
2020-10-02,RJ,270395,18665
2020-10-02,RN,70808,2410
2020-10-02,RO,66473,1368
2020-10-02,RR,51298,661
2020-10-02,RS,200427,4852
2020-10-02,SC,217722,2830
2020-10-02,SE,77779,2045
2020-10-02,SP,997333,35956
2020-10-02,TO,69398,966
2020-10-03,AC,28662,667
2020-10-03,AL,87928,2091
2020-10-03,AM,142137,4169
2020-10-03,AP,48602,715
2020-10-03,BA,314711,6890
2020-10-03,CE,242820,9051
2020-10-03,DF,194783,3309
2020-10-03,ES,133744,3572
2020-10-03,GO,215938,4832
2020-10-03,MA,175218,3787
2020-10-03,MG,305527,7569
2020-10-03,MS,71723,1351
2020-10-03,MT,125732,3450
2020-10-03,PA,234033,6600
2020-10-03,PB,122681,2846
2020-10-03,PE,149349,8318
2020-10-03,PI,98344,2149
2020-10-03,PR,183715,4574
2020-10-03,RJ,271575,18749
2020-10-03,RN,70808,2410
2020-10-03,RO,66576,1371
2020-10-03,RR,51368,661
2020-10-03,RS,202587,4898
2020-10-03,SC,218633,2842
2020-10-03,SE,78002,2051
2020-10-03,SP,1003429,36136
2020-10-03,TO,69419,968
2020-10-04,AC,28672,667
2020-10-04,AL,88098,2097
2020-10-04,AM,142382,4176
2020-10-04,AP,48628,716
2020-10-04,BA,315440,6925
2020-10-04,CE,243091,9054
2020-10-04,DF,195413,3325
2020-10-04,ES,134296,3580
2020-10-04,GO,216582,4867
2020-10-04,MA,175388,3796
2020-10-04,MG,307199,7643
2020-10-04,MS,71993,1365
2020-10-04,MT,126264,3482
2020-10-04,PA,234129,6606
2020-10-04,PB,122713,2851
2020-10-04,PE,149417,8333
2020-10-04,PI,98603,2156
2020-10-04,PR,184476,4589
2020-10-04,RJ,271701,18769
2020-10-04,RN,71045,2411
2020-10-04,RO,66623,1371
2020-10-04,RR,51368,661
2020-10-04,RS,202719,4908
2020-10-04,SC,219218,2847
2020-10-04,SE,78195,2055
2020-10-04,SP,1003902,36178
2020-10-04,TO,69478,972
2020-10-05,AC,28687,667
2020-10-05,AL,88135,2103
2020-10-05,AM,142573,4185
2020-10-05,AP,48701,718
2020-10-05,BA,316005,6953
2020-10-05,CE,254588,9067
2020-10-05,DF,195967,3346
2020-10-05,ES,135001,3594
2020-10-05,GO,219323,4927
2020-10-05,MA,175753,3807
2020-10-05,MG,308466,7656
2020-10-05,MS,72546,1376
2020-10-05,MT,127065,3494
2020-10-05,PA,234884,6614
2020-10-05,PB,122890,2861
2020-10-05,PE,149454,8340
2020-10-05,PI,99276,2169
2020-10-05,PR,184806,4619
2020-10-05,RJ,273338,18780
2020-10-05,RN,71299,2415
2020-10-05,RO,66783,1375
2020-10-05,RR,51450,661
2020-10-05,RS,203497,4952
2020-10-05,SC,220044,2858
2020-10-05,SE,78380,2061
2020-10-05,SP,1004579,36220
2020-10-05,TO,69587,975
2020-10-06,AC,28805,668
2020-10-06,AL,88283,2109
2020-10-06,AM,143571,4193
2020-10-06,AP,48814,721
2020-10-06,BA,318147,6985
2020-10-06,CE,256032,9090
2020-10-06,DF,196787,3364
2020-10-06,ES,135850,3604
2020-10-06,GO,222589,4989
2020-10-06,MA,176283,3817
2020-10-06,MG,310124,7704
2020-10-06,MS,73027,1385
2020-10-06,MT,128071,3513
2020-10-06,PA,235948,6623
2020-10-06,PB,123564,2872
2020-10-06,PE,150217,8356
2020-10-06,PI,99960,2180
2020-10-06,PR,186159,4673
2020-10-06,RJ,275415,18883
2020-10-06,RN,72154,2421
2020-10-06,RO,67014,1384
2020-10-06,RR,51635,666
2020-10-06,RS,205375,4989
2020-10-06,SC,221442,2872
2020-10-06,SE,78525,2067
2020-10-06,SP,1010839,36490
2020-10-06,TO,69969,985
2020-10-07,AC,28818,668
2020-10-07,AL,88426,2115
2020-10-07,AM,144492,4202
2020-10-07,AP,48963,722
2020-10-07,BA,319981,7021
2020-10-07,CE,257409,9104
2020-10-07,DF,197369,3378
2020-10-07,ES,136590,3617
2020-10-07,GO,225054,5065
2020-10-07,MA,176995,3828
2020-10-07,MG,313032,7811
2020-10-07,MS,73548,1395
2020-10-07,MT,129038,3525
2020-10-07,PA,236830,6629
2020-10-07,PB,124315,2884
2020-10-07,PE,151139,8379
2020-10-07,PI,100548,2188
2020-10-07,PR,187729,4703
2020-10-07,RJ,277439,18969
2020-10-07,RN,72604,2422
2020-10-07,RO,67181,1385
2020-10-07,RR,51879,666
2020-10-07,RS,207706,5035
2020-10-07,SC,222652,2880
2020-10-07,SE,78692,2072
2020-10-07,SP,1016755,36669
2020-10-07,TO,70347,996
2020-10-08,AC,28834,669
2020-10-08,AL,88538,2121
2020-10-08,AM,145367,4215
2020-10-08,AP,49085,724
2020-10-08,BA,321798,7049
2020-10-08,CE,258356,9124
2020-10-08,DF,198192,3391
2020-10-08,ES,137330,3628
2020-10-08,GO,226656,5118
2020-10-08,MA,177584,3838
2020-10-08,MG,315041,7897
2020-10-08,MS,74092,1409
2020-10-08,MT,130094,3533
2020-10-08,PA,237478,6636
2020-10-08,PB,124749,2894
2020-10-08,PE,151736,8387
2020-10-08,PI,101123,2197
2020-10-08,PR,188199,4712
2020-10-08,RJ,280144,19110
2020-10-08,RN,72706,2425
2020-10-08,RO,67323,1390
2020-10-08,RR,52131,670
2020-10-08,RS,209623,5068
2020-10-08,SC,224103,2892
2020-10-08,SE,78957,2078
2020-10-08,SP,1022404,36884
2020-10-08,TO,70704,1002
2020-10-09,AC,29017,674
2020-10-09,AL,88653,2126
2020-10-09,AM,146233,4223
2020-10-09,AP,49215,725
2020-10-09,BA,323210,7075
2020-10-09,CE,258742,9129
2020-10-09,DF,198807,3398
2020-10-09,ES,138099,3640
2020-10-09,GO,228426,5160
2020-10-09,MA,178192,3849
2020-10-09,MG,318090,7992
2020-10-09,MS,74567,1425
2020-10-09,MT,130860,3549
2020-10-09,PA,237925,6645
2020-10-09,PB,125285,2904
2020-10-09,PE,152414,8397
2020-10-09,PI,101951,2206
2020-10-09,PR,189603,4736
2020-10-09,RJ,282080,19222
2020-10-09,RN,72900,2425
2020-10-09,RO,67479,1392
2020-10-09,RR,52440,670
2020-10-09,RS,211773,5100
2020-10-09,SC,225637,2893
2020-10-09,SE,79245,2083
2020-10-09,SP,1028190,37068
2020-10-09,TO,71048,1009
2020-10-10,AC,29031,674
2020-10-10,AL,88790,2132
2020-10-10,AM,147038,4235
2020-10-10,AP,49303,725
2020-10-10,BA,324964,7099
2020-10-10,CE,259767,9133
2020-10-10,DF,199569,3412
2020-10-10,ES,138462,3646
2020-10-10,GO,228714,5189
2020-10-10,MA,178549,3860
2020-10-10,MG,321140,8061
2020-10-10,MS,74675,1433
2020-10-10,MT,131175,3560
2020-10-10,PA,237938,6654
2020-10-10,PB,125713,2914
2020-10-10,PE,152998,8408
2020-10-10,PI,102268,2217
2020-10-10,PR,191135,4755
2020-10-10,RJ,283407,19284
2020-10-10,RN,72900,2425
2020-10-10,RO,67812,1396
2020-10-10,RR,52637,670
2020-10-10,RS,213782,5135
2020-10-10,SC,226614,2908
2020-10-10,SE,79501,2089
2020-10-10,SP,1034816,37223
2020-10-10,TO,71136,1011
2020-10-11,AC,29050,674
2020-10-11,AL,88826,2138
2020-10-11,AM,147457,4239
2020-10-11,AP,49386,725
2020-10-11,BA,325957,7128
2020-10-11,CE,260154,9134
2020-10-11,DF,200035,3424
2020-10-11,ES,138933,3650
2020-10-11,GO,228974,5199
2020-10-11,MA,178765,3869
2020-10-11,MG,322936,8127
2020-10-11,MS,74839,1440
2020-10-11,MT,131343,3568
2020-10-11,PA,237958,6656
2020-10-11,PB,125877,2922
2020-10-11,PE,153144,8411
2020-10-11,PI,102500,2230
2020-10-11,PR,192143,4768
2020-10-11,RJ,283675,19308
2020-10-11,RN,73350,2427
2020-10-11,RO,67940,1398
2020-10-11,RR,52659,670
2020-10-11,RS,214158,5141
2020-10-11,SC,227213,2917
2020-10-11,SE,79896,2095
2020-10-11,SP,1037660,37256
2020-10-11,TO,71195,1012
2020-10-12,AC,29063,675
2020-10-12,AL,88880,2144
2020-10-12,AM,147465,4247
2020-10-12,AP,49424,726
2020-10-12,BA,326634,7159
2020-10-12,CE,260336,9135
2020-10-12,DF,200412,3439
2020-10-12,ES,139755,3659
2020-10-12,GO,229149,5209
2020-10-12,MA,178890,3876
2020-10-12,MG,323967,8130
2020-10-12,MS,75076,1449
2020-10-12,MT,131532,3581
2020-10-12,PA,237996,6657
2020-10-12,PB,125933,2930
2020-10-12,PE,153222,8414
2020-10-12,PI,102813,2237
2020-10-12,PR,193974,4784
2020-10-12,RJ,283858,19312
2020-10-12,RN,73423,2430
2020-10-12,RO,67973,1398
2020-10-12,RR,52701,670
2020-10-12,RS,214584,5148
2020-10-12,SC,228008,2918
2020-10-12,SE,79975,2102
2020-10-12,SP,1038344,37279
2020-10-12,TO,71269,1012
2020-10-13,AC,29272,675
2020-10-13,AL,88954,2151
2020-10-13,AM,147864,4254
2020-10-13,AP,49593,727
2020-10-13,BA,327327,7188
2020-10-13,CE,260642,9140
2020-10-13,DF,201230,3466
2020-10-13,ES,140701,3680
2020-10-13,GO,231182,5252
2020-10-13,MA,179170,3885
2020-10-13,MG,324626,8145
2020-10-13,MS,75561,1464
2020-10-13,MT,132260,3605
2020-10-13,PA,238835,6661
2020-10-13,PB,126073,2944
2020-10-13,PE,153299,8417
2020-10-13,PI,103461,2249
2020-10-13,PR,194692,4805
2020-10-13,RJ,284053,19336
2020-10-13,RN,73981,2435
2020-10-13,RO,68126,1406
2020-10-13,RR,52848,676
2020-10-13,RS,214970,5167
2020-10-13,SC,228403,2927
2020-10-13,SE,80234,2107
2020-10-13,SP,1039029,37314
2020-10-13,TO,71624,1021
2020-10-14,AC,29301,676
2020-10-14,AL,89082,2157
2020-10-14,AM,148518,4268
2020-10-14,AP,49745,728
2020-10-14,BA,329787,7214
2020-10-14,CE,261504,9184
2020-10-14,DF,202058,3488
2020-10-14,ES,141548,3689
2020-10-14,GO,233318,5289
2020-10-14,MA,179654,3896
2020-10-14,MG,325972,8171
2020-10-14,MS,76001,1469
2020-10-14,MT,133168,3623
2020-10-14,PA,239519,6667
2020-10-14,PB,126791,2958
2020-10-14,PE,154041,8438
2020-10-14,PI,104329,2261
2020-10-14,PR,195605,4822
2020-10-14,RJ,285205,19440
2020-10-14,RN,74642,2443
2020-10-14,RO,68393,1411
2020-10-14,RR,53353,677
2020-10-14,RS,216932,5237
2020-10-14,SC,229910,2940
2020-10-14,SE,80427,2113
2020-10-14,SP,1045060,37541
2020-10-14,TO,71984,1030
2020-10-15,AC,29406,677
2020-10-15,AL,89192,2162
2020-10-15,AM,149366,4289
2020-10-15,AP,49890,729
2020-10-15,BA,331362,7243
2020-10-15,CE,262831,9199
2020-10-15,DF,202786,3499
2020-10-15,ES,142419,3694
2020-10-15,GO,235228,5333
2020-10-15,MA,180154,3906
2020-10-15,MG,328402,8267
2020-10-15,MS,76547,1478
2020-10-15,MT,133856,3639
2020-10-15,PA,240223,6670
2020-10-15,PB,127456,2970
2020-10-15,PE,154866,8456
2020-10-15,PI,105156,2269
2020-10-15,PR,196616,4880
2020-10-15,RJ,286282,19555
2020-10-15,RN,76966,2556
2020-10-15,RO,68612,1416
2020-10-15,RR,53726,680
2020-10-15,RS,218835,5282
2020-10-15,SC,231412,2952
2020-10-15,SE,80733,2118
2020-10-15,SP,1051613,37690
2020-10-15,TO,72335,1035
2020-10-16,AC,29598,679
2020-10-16,AL,89278,2167
2020-10-16,AM,149784,4305
2020-10-16,AP,50072,730
2020-10-16,BA,332898,7267
2020-10-16,CE,264172,9202
2020-10-16,DF,203576,3526
2020-10-16,ES,143093,3704
2020-10-16,GO,236726,5374
2020-10-16,MA,180560,3914
2020-10-16,MG,331433,8345
2020-10-16,MS,77011,1486
2020-10-16,MT,134696,3649
2020-10-16,PA,240966,6676
2020-10-16,PB,128032,2977
2020-10-16,PE,155520,8469
2020-10-16,PI,105838,2278
2020-10-16,PR,197941,4913
2020-10-16,RJ,289440,19654
2020-10-16,RN,77155,2560
2020-10-16,RO,68823,1421
2020-10-16,RR,54019,681
2020-10-16,RS,220563,5312
2020-10-16,SC,232933,2962
2020-10-16,SE,80925,2124
2020-10-16,SP,1057240,37870
2020-10-16,TO,72571,1042
2020-10-17,AC,29693,679
2020-10-17,AL,89365,2172
2020-10-17,AM,151186,4325
2020-10-17,AP,50150,731
2020-10-17,BA,334697,7288
2020-10-17,CE,264245,9207
2020-10-17,DF,204304,3539
2020-10-17,ES,143954,3709
2020-10-17,GO,236814,5374
2020-10-17,MA,180887,3923
2020-10-17,MG,333998,8405
2020-10-17,MS,77123,1493
2020-10-17,MT,135082,3658
2020-10-17,PA,241242,6677
2020-10-17,PB,128416,2985
2020-10-17,PE,155923,8480
2020-10-17,PI,106200,2286
2020-10-17,PR,198744,4921
2020-10-17,RJ,289569,19715
2020-10-17,RN,77155,2560
2020-10-17,RO,68907,1421
2020-10-17,RR,54181,681
2020-10-17,RS,222692,5342
2020-10-17,SC,234765,2966
2020-10-17,SE,81119,2129
2020-10-17,SP,1062634,37992
2020-10-17,TO,72594,1044
2020-10-18,AC,29718,679
2020-10-18,AL,89493,2177
2020-10-18,AM,151597,4332
2020-10-18,AP,50191,731
2020-10-18,BA,335351,7316
2020-10-18,CE,265102,9210
2020-10-18,DF,204957,3545
2020-10-18,ES,144415,3713
2020-10-18,GO,236814,5374
2020-10-18,MA,181051,3930
2020-10-18,MG,335683,8446
2020-10-18,MS,77490,1497
2020-10-18,MT,135247,3663
2020-10-18,PA,241262,6682
2020-10-18,PB,128435,2993
2020-10-18,PE,156029,8487
2020-10-18,PI,106394,2295
2020-10-18,PR,199524,4923
2020-10-18,RJ,290878,19765
2020-10-18,RN,78860,2561
2020-10-18,RO,68907,1421
2020-10-18,RR,54226,681
2020-10-18,RS,223016,5347
2020-10-18,SC,235159,2967
2020-10-18,SE,81564,2134
2020-10-18,SP,1063602,38020
2020-10-18,TO,72724,1048
2020-10-19,AC,29765,679
2020-10-19,AL,89528,2182
2020-10-19,AM,151858,4350
2020-10-19,AP,50263,734
2020-10-19,BA,336232,7342
2020-10-19,CE,265875,9217
2020-10-19,DF,205709,3561
2020-10-19,ES,145415,3728
2020-10-19,GO,239808,5432
2020-10-19,MA,181545,3939
2020-10-19,MG,336648,8453
2020-10-19,MS,77943,1512
2020-10-19,MT,135799,3678
2020-10-19,PA,242129,6686
2020-10-19,PB,128549,3001
2020-10-19,PE,156130,8490
2020-10-19,PI,106908,2304
2020-10-19,PR,200664,4937
2020-10-19,RJ,291413,19770
2020-10-19,RN,79025,2562
2020-10-19,RO,69213,1427
2020-10-19,RR,54459,686
2020-10-19,RS,224020,5388
2020-10-19,SC,236224,2976
2020-10-19,SE,82040,2139
2020-10-19,SP,1064039,38035
2020-10-19,TO,73065,1055
2020-10-20,AC,29865,682
2020-10-20,AL,89644,2187
2020-10-20,AM,152796,4363
2020-10-20,AP,50382,734
2020-10-20,BA,337994,7363
2020-10-20,CE,266316,9227
2020-10-20,DF,206265,3575
2020-10-20,ES,146233,3740
2020-10-20,GO,240724,5466
2020-10-20,MA,182020,3949
2020-10-20,MG,338107,8483
2020-10-20,MS,78360,1518
2020-10-20,MT,136579,3690
2020-10-20,PA,243118,6690
2020-10-20,PB,129045,3010
2020-10-20,PE,156794,8505
2020-10-20,PI,107580,2314
2020-10-20,PR,201877,4999
2020-10-20,RJ,292621,19836
2020-10-20,RN,79649,2565
2020-10-20,RO,69332,1429
2020-10-20,RR,54676,689
2020-10-20,RS,225694,5452
2020-10-20,SC,237781,2991
2020-10-20,SE,82301,2145
2020-10-20,SP,1068962,38246
2020-10-20,TO,73314,1063
2020-10-21,AC,29925,682
2020-10-21,AL,89746,2192
2020-10-21,AM,154465,4372
2020-10-21,AP,50594,736
2020-10-21,BA,339215,7384
2020-10-21,CE,267721,9243
2020-10-21,DF,207080,3587
2020-10-21,ES,147395,3755
2020-10-21,GO,242134,5491
2020-10-21,MA,182483,3960
2020-10-21,MG,340502,8554
2020-10-21,MS,78710,1524
2020-10-21,MT,137426,3703
2020-10-21,PA,244229,6697
2020-10-21,PB,129414,3020
2020-10-21,PE,157418,8519
2020-10-21,PI,108346,2322
2020-10-21,PR,203050,5035
2020-10-21,RJ,293940,19945
2020-10-21,RN,79704,2567
2020-10-21,RO,69531,1429
2020-10-21,RR,54905,690
2020-10-21,RS,227463,5482
2020-10-21,SC,238833,2998
2020-10-21,SE,82826,2151
2020-10-21,SP,1073261,38371
2020-10-21,TO,73566,1072
2020-10-22,AC,30028,685
2020-10-22,AL,89847,2196
2020-10-22,AM,155230,4396
2020-10-22,AP,50822,738
2020-10-22,BA,340665,7407
2020-10-22,CE,268345,9243
2020-10-22,DF,207670,3600
2020-10-22,ES,148055,3767
2020-10-22,GO,244712,5527
2020-10-22,MA,182944,3968
2020-10-22,MG,343159,8621
2020-10-22,MS,79120,1538
2020-10-22,MT,138178,3711
2020-10-22,PA,245278,6704
2020-10-22,PB,129731,3029
2020-10-22,PE,157777,8527
2020-10-22,PI,109051,2327
2020-10-22,PR,204326,5047
2020-10-22,RJ,295021,20021
2020-10-22,RN,79827,2567
2020-10-22,RO,69806,1430
2020-10-22,RR,55269,691
2020-10-22,RS,228762,5518
2020-10-22,SC,241044,3011
2020-10-22,SE,83139,2157
2020-10-22,SP,1076939,38482
2020-10-22,TO,73902,1078
2020-10-23,AC,30121,686
2020-10-23,AL,89994,2201
2020-10-23,AM,156196,4426
2020-10-23,AP,50968,740
2020-10-23,BA,342526,7432
2020-10-23,CE,269255,9245
2020-10-23,DF,208235,3613
2020-10-23,ES,149149,3773
2020-10-23,GO,246521,5563
2020-10-23,MA,183461,3978
2020-10-23,MG,345188,8686
2020-10-23,MS,79599,1548
2020-10-23,MT,139002,3718
2020-10-23,PA,246605,6717
2020-10-23,PB,130225,3038
2020-10-23,PE,158496,8531
2020-10-23,PI,109829,2340
2020-10-23,PR,205481,5084
2020-10-23,RJ,296797,20115
2020-10-23,RN,80031,2571
2020-10-23,RO,70041,1431
2020-10-23,RR,55613,691
2020-10-23,RS,230944,5554
2020-10-23,SC,243116,3015
2020-10-23,SE,83407,2163
2020-10-23,SP,1083641,38608
2020-10-23,TO,74118,1082
2020-10-24,AC,30217,686
2020-10-24,AL,90124,2206
2020-10-24,AM,156975,4433
2020-10-24,AP,51074,741
2020-10-24,BA,344014,7453
2020-10-24,CE,270070,9248
2020-10-24,DF,208761,3623
2020-10-24,ES,149654,3780
2020-10-24,GO,247143,5567
2020-10-24,MA,183763,3987
2020-10-24,MG,347006,8732
2020-10-24,MS,79901,1553
2020-10-24,MT,139525,3727
2020-10-24,PA,247388,6722
2020-10-24,PB,130658,3047
2020-10-24,PE,159220,8542
2020-10-24,PI,110103,2347
2020-10-24,PR,206822,5092
2020-10-24,RJ,298823,20171
2020-10-24,RN,80031,2571
2020-10-24,RO,70350,1434
2020-10-24,RR,55862,691
2020-10-24,RS,234076,5581
2020-10-24,SC,244978,3024
2020-10-24,SE,83646,2168
2020-10-24,SP,1089255,38726
2020-10-24,TO,74184,1084
2020-10-25,AC,30304,687
2020-10-25,AL,90177,2211
2020-10-25,AM,157324,4446
2020-10-25,AP,51127,741
2020-10-25,BA,344705,7475
2020-10-25,CE,270378,9259
2020-10-25,DF,209369,3633
2020-10-25,ES,150317,3787
2020-10-25,GO,247507,5578
2020-10-25,MA,183938,3994
2020-10-25,MG,348804,8770
2020-10-25,MS,80064,1555
2020-10-25,MT,139655,3734
2020-10-25,PA,248024,6725
2020-10-25,PB,130781,3054
2020-10-25,PE,159377,8552
2020-10-25,PI,110278,2352
2020-10-25,PR,207549,5102
2020-10-25,RJ,299380,20203
2020-10-25,RN,80241,2572
2020-10-25,RO,70461,1436
2020-10-25,RR,55951,691
2020-10-25,RS,234076,5581
2020-10-25,SC,246086,3028
2020-10-25,SE,83794,2172
2020-10-25,SP,1091980,38747
2020-10-25,TO,74229,1084
2020-10-26,AC,30317,689
2020-10-26,AL,90254,2216
2020-10-26,AM,157668,4460
2020-10-26,AP,51192,741
2020-10-26,BA,345949,7497
2020-10-26,CE,270867,9293
2020-10-26,DF,210145,3641
2020-10-26,ES,151276,3799
2020-10-26,GO,249341,5618
2020-10-26,MA,184122,4003
2020-10-26,MG,349512,8779
2020-10-26,MS,80538,1566
2020-10-26,MT,140273,3749
2020-10-26,PA,249235,6729
2020-10-26,PB,130916,3062
2020-10-26,PE,159476,8564
2020-10-26,PI,110864,2363
2020-10-26,PR,208251,5107
2020-10-26,RJ,302746,20213
2020-10-26,RN,80403,2573
2020-10-26,RO,70600,1442
2020-10-26,RR,56182,691
2020-10-26,RS,235673,5615
2020-10-26,SC,247477,3041
2020-10-26,SE,83863,2178
2020-10-26,SP,1092843,38753
2020-10-26,TO,74500,1089
2020-10-27,AC,30380,690
2020-10-27,AL,90384,2221
2020-10-27,AM,158718,4478
2020-10-27,AP,51427,743
2020-10-27,BA,347721,7519
2020-10-27,CE,271565,9323
2020-10-27,DF,210774,3653
2020-10-27,ES,152216,3817
2020-10-27,GO,251717,5648
2020-10-27,MA,184668,4014
2020-10-27,MG,351033,8789
2020-10-27,MS,81033,1570
2020-10-27,MT,141013,3761
2020-10-27,PA,250336,6733
2020-10-27,PB,131435,3070
2020-10-27,PE,160354,8575
2020-10-27,PI,111543,2368
2020-10-27,PR,209541,5129
2020-10-27,RJ,304906,20292
2020-10-27,RN,81014,2578
2020-10-27,RO,70887,1448
2020-10-27,RR,56469,692
2020-10-27,RS,238396,5665
2020-10-27,SC,249899,3059
2020-10-27,SE,83965,2184
2020-10-27,SP,1098207,38885
2020-10-27,TO,74837,1092
2020-10-28,AC,30545,691
2020-10-28,AL,90497,2226
2020-10-28,AM,159583,4491
2020-10-28,AP,51523,744
2020-10-28,BA,349711,7546
2020-10-28,CE,272290,9326
2020-10-28,DF,211442,3661
2020-10-28,ES,153004,3826
2020-10-28,GO,253510,5654
2020-10-28,MA,185000,4024
2020-10-28,MG,353311,8872
2020-10-28,MS,81443,1581
2020-10-28,MT,141619,3773
2020-10-28,PA,251292,6736
2020-10-28,PB,131979,3076
2020-10-28,PE,161161,8587
2020-10-28,PI,112200,2382
2020-10-28,PR,210901,5147
2020-10-28,RJ,306672,20376
2020-10-28,RN,81295,2582
2020-10-28,RO,71121,1449
2020-10-28,RR,56733,692
2020-10-28,RS,240694,5699
2020-10-28,SC,252551,3068
2020-10-28,SE,84048,2190
2020-10-28,SP,1103582,39007
2020-10-28,TO,75106,1095
2020-10-29,AC,30638,692
2020-10-29,AL,90564,2230
2020-10-29,AM,160596,4516
2020-10-29,AP,51875,746
2020-10-29,BA,351277,7571
2020-10-29,CE,273194,9335
2020-10-29,DF,212140,3670
2020-10-29,ES,154131,3841
2020-10-29,GO,255088,5732
2020-10-29,MA,185341,4034
2020-10-29,MG,355226,8916
2020-10-29,MS,81998,1588
2020-10-29,MT,142304,3786
2020-10-29,PA,252389,6738
2020-10-29,PB,132231,3083
2020-10-29,PE,161740,8599
2020-10-29,PI,112765,2392
2020-10-29,PR,211861,5174
2020-10-29,RJ,308017,20462
2020-10-29,RN,81423,2584
2020-10-29,RO,71351,1454
2020-10-29,RR,57002,692
2020-10-29,RS,243402,5729
2020-10-29,SC,254488,3077
2020-10-29,SE,84171,2195
2020-10-29,SP,1108860,39119
2020-10-29,TO,75425,1097
2020-10-30,AC,30758,693
2020-10-30,AL,90671,2234
2020-10-30,AM,161434,4528
2020-10-30,AP,52030,747
2020-10-30,BA,352700,7600
2020-10-30,CE,273743,9344
2020-10-30,DF,212762,3676
2020-10-30,ES,154736,3847
2020-10-30,GO,255362,5753
2020-10-30,MA,185714,4044
2020-10-30,MG,358971,9015
2020-10-30,MS,82344,1592
2020-10-30,MT,142593,3791
2020-10-30,PA,252919,6743
2020-10-30,PB,132730,3091
2020-10-30,PE,162402,8609
2020-10-30,PI,113291,2400
2020-10-30,PR,212730,5205
2020-10-30,RJ,309496,20565
2020-10-30,RN,81518,2586
2020-10-30,RO,71496,1455
2020-10-30,RR,57284,692
2020-10-30,RS,246227,5768
2020-10-30,SC,256356,3094
2020-10-30,SE,84237,2201
2020-10-30,SP,1113788,39255
2020-10-30,TO,75569,1097
2020-10-31,AC,30796,693
2020-10-31,AL,90789,2238
2020-10-31,AM,161683,4543
2020-10-31,AP,52175,748
2020-10-31,BA,353157,7622
2020-10-31,CE,274185,9353
2020-10-31,DF,213245,3683
2020-10-31,ES,155721,3855
2020-10-31,GO,255646,5755
2020-10-31,MA,185827,4053
2020-10-31,MG,358971,9015
2020-10-31,MS,82618,1602
2020-10-31,MT,142902,3798
2020-10-31,PA,253080,6751
2020-10-31,PB,133149,3101
2020-10-31,PE,162893,8627
2020-10-31,PI,113546,2404
2020-10-31,PR,213482,5216
2020-10-31,RJ,309977,20600
2020-10-31,RN,81518,2586
2020-10-31,RO,71666,1457
2020-10-31,RR,57407,692
2020-10-31,RS,247576,5797
2020-10-31,SC,258940,3114
2020-10-31,SE,84326,2206
2020-10-31,SP,1116127,39311
2020-10-31,TO,75625,1097
2020-11-01,AC,30951,693
2020-11-01,AL,90820,2242
2020-11-01,AM,161974,4555
2020-11-01,AP,52500,748
2020-11-01,BA,354043,7645
2020-11-01,CE,274341,9360
2020-11-01,DF,213456,3688
2020-11-01,ES,156018,3862
2020-11-01,GO,255959,5762
2020-11-01,MA,185917,4061
2020-11-01,MG,359991,9038
2020-11-01,MS,82884,1609
2020-11-01,MT,143027,3802
2020-11-01,PA,253229,6758
2020-11-01,PB,133220,3107
2020-11-01,PE,162977,8632
2020-11-01,PI,113774,2420
2020-11-01,PR,214210,5222
2020-11-01,RJ,311014,20611
2020-11-01,RN,81836,2591
2020-11-01,RO,71889,1457
2020-11-01,RR,57488,692
2020-11-01,RS,248482,5804
2020-11-01,SC,260057,3122
2020-11-01,SE,84362,2211
2020-11-01,SP,1117147,39331
2020-11-01,TO,75648,1097
2020-11-02,AC,30954,693
2020-11-02,AL,90918,2246
2020-11-02,AM,162139,4565
2020-11-02,AP,52653,749
2020-11-02,BA,354576,7667
2020-11-02,CE,274673,9362
2020-11-02,DF,213636,3695
2020-11-02,ES,156681,3864
2020-11-02,GO,256256,5762
2020-11-02,MA,185986,4070
2020-11-02,MG,360830,9047
2020-11-02,MS,83022,1612
2020-11-02,MT,143241,3807
2020-11-02,PA,253449,6762
2020-11-02,PB,133286,3108
2020-11-02,PE,163039,8638
2020-11-02,PI,113942,2432
2020-11-02,PR,214450,5232
2020-11-02,RJ,311308,20636
2020-11-02,RN,81901,2592
2020-11-02,RO,71953,1457
2020-11-02,RR,57624,692
2020-11-02,RS,249437,5805
2020-11-02,SC,261543,3129
2020-11-02,SE,84491,2217
2020-11-02,SP,1117795,39346
2020-11-02,TO,75680,1100
2020-11-03,AC,30962,695
2020-11-03,AL,91016,2250
2020-11-03,AM,162560,4573
2020-11-03,AP,52832,751
2020-11-03,BA,354983,7690
2020-11-03,CE,275025,9365
2020-11-03,DF,214202,3707
2020-11-03,ES,157750,3876
2020-11-03,GO,257422,5790
2020-11-03,MA,186209,4081
2020-11-03,MG,361156,9050
2020-11-03,MS,83439,1622
2020-11-03,MT,143659,3819
2020-11-03,PA,254384,6767
2020-11-03,PB,133379,3119
2020-11-03,PE,163156,8643
2020-11-03,PI,114530,2441
2020-11-03,PR,215234,5258
2020-11-03,RJ,313089,20651
2020-11-03,RN,82220,2597
2020-11-03,RO,72049,1460
2020-11-03,RR,57789,693
2020-11-03,RS,250064,5844
2020-11-03,SC,263823,3139
2020-11-03,SE,84577,2223
2020-11-03,SP,1118544,39364
2020-11-03,TO,75991,1105
2020-11-04,AC,31218,696
2020-11-04,AL,91142,2254
2020-11-04,AM,163399,4588
2020-11-04,AP,52832,751
2020-11-04,BA,355753,7711
2020-11-04,CE,276012,9385
2020-11-04,DF,214655,3719
2020-11-04,ES,158768,3884
2020-11-04,GO,258331,5825
2020-11-04,MA,186572,4091
2020-11-04,MG,362340,9069
2020-11-04,MS,83616,1629
2020-11-04,MT,144258,3828
2020-11-04,PA,255369,6773
2020-11-04,PB,133958,3130
2020-11-04,PE,163642,8667
2020-11-04,PI,115026,2450
2020-11-04,PR,216266,5269
2020-11-04,RJ,313089,20759
2020-11-04,RN,82420,2603
2020-11-04,RO,72295,1464
2020-11-04,RR,58304,695
2020-11-04,RS,253272,5903
2020-11-04,SC,266637,3163
2020-11-04,SE,84709,2228
2020-11-04,SP,1123299,39549
2020-11-04,TO,76175,1108
2020-11-05,AC,31248,697
2020-11-05,AL,91270,2258
2020-11-05,AM,164070,4607
2020-11-05,AP,52832,751
2020-11-05,BA,359130,7731
2020-11-05,CE,277072,9392
2020-11-05,DF,214955,3728
2020-11-05,ES,159813,3896
2020-11-05,GO,260133,5869
2020-11-05,MA,186904,4101
2020-11-05,MG,364541,9128
2020-11-05,MS,84159,1634
2020-11-05,MT,144900,3841
2020-11-05,PA,256139,6779
2020-11-05,PB,134297,3138
2020-11-05,PE,164222,8687
2020-11-05,PI,115825,2459
2020-11-05,PR,217175,5293
2020-11-05,RJ,313843,20849
2020-11-05,RN,82549,2607
2020-11-05,RO,72630,1470
2020-11-05,RR,58684,695
2020-11-05,RS,254828,5954
2020-11-05,SC,268644,3173
2020-11-05,SE,84810,2231
2020-11-05,SP,1125936,39717
2020-11-05,TO,76590,1109
2020-11-06,AC,31326,697
2020-11-06,AL,91407,2262
2020-11-06,AM,164070,4607
2020-11-06,AP,52832,751
2020-11-06,BA,361136,7754
2020-11-06,CE,277252,9393
2020-11-06,DF,215426,3733
2020-11-06,ES,160890,3910
2020-11-06,GO,261093,5874
2020-11-06,MA,187294,4112
2020-11-06,MG,366303,9199
2020-11-06,MS,84720,1634
2020-11-06,MT,145568,3848
2020-11-06,PA,256898,6784
2020-11-06,PB,134841,3146
2020-11-06,PE,165273,8711
2020-11-06,PI,116526,2464
2020-11-06,PR,218816,5330
2020-11-06,RJ,314809,20849
2020-11-06,RN,82719,2607
2020-11-06,RO,72827,1473
2020-11-06,RR,59065,695
2020-11-06,RS,257785,5973
2020-11-06,SC,270795,3195
2020-11-06,SE,85053,2235
2020-11-06,SP,1125936,39717
2020-11-06,TO,76739,1112
2020-11-07,AC,31575,699
2020-11-07,AL,91603,2266
2020-11-07,AM,165394,4622
2020-11-07,AP,52832,751
2020-11-07,BA,362563,7776
2020-11-07,CE,278053,9395
2020-11-07,DF,215850,3740
2020-11-07,ES,161208,3919
2020-11-07,GO,261347,5874
2020-11-07,MA,187555,4119
2020-11-07,MG,368609,9204
2020-11-07,MS,84930,1634
2020-11-07,MT,145953,3858
2020-11-07,PA,257170,6790
2020-11-07,PB,135325,3150
2020-11-07,PE,165922,8724
2020-11-07,PI,116742,2467
2020-11-07,PR,220408,5362
2020-11-07,RJ,315348,20905
2020-11-07,RN,82719,2607
2020-11-07,RO,73040,1474
2020-11-07,RR,59189,695
2020-11-07,RS,260188,5990
2020-11-07,SC,273652,3202
2020-11-07,SE,85226,2239
2020-11-07,SP,1125936,39717
2020-11-07,TO,76805,1114
2020-11-08,AC,31707,699
2020-11-08,AL,91718,2270
2020-11-08,AM,165664,4625
2020-11-08,AP,53010,751
2020-11-08,BA,363146,7796
2020-11-08,CE,278350,9402
2020-11-08,DF,216389,3752
2020-11-08,ES,162428,3926
2020-11-08,GO,261452,5874
2020-11-08,MA,187652,4125
2020-11-08,MG,369956,9204
2020-11-08,MS,85126,1634
2020-11-08,MT,146100,3859
2020-11-08,PA,257372,6795
2020-11-08,PB,135517,3154
2020-11-08,PE,166333,8732
2020-11-08,PI,117149,2470
2020-11-08,PR,221268,5452
2020-11-08,RJ,316170,20905
2020-11-08,RN,82939,2610
2020-11-08,RO,73311,1476
2020-11-08,RR,59195,695
2020-11-08,RS,260898,5992
2020-11-08,SC,274621,3211
2020-11-08,SE,85377,2243
2020-11-08,SP,1125936,39717
2020-11-08,TO,76860,1114
2020-11-09,AC,31788,701
2020-11-09,AL,91848,2274
2020-11-09,AM,165969,4644
2020-11-09,AP,53330,764
2020-11-09,BA,363986,7818
2020-11-09,CE,278986,9407
2020-11-09,DF,216861,3759
2020-11-09,ES,163072,3938
2020-11-09,GO,262722,5874
2020-11-09,MA,187919,4130
2020-11-09,MG,370991,9204
2020-11-09,MS,85507,1640
2020-11-09,MT,146682,3867
2020-11-09,PA,258311,6799
2020-11-09,PB,135604,3160
2020-11-09,PE,166540,8740
2020-11-09,PI,117732,2482
2020-11-09,PR,222831,5470
2020-11-09,RJ,316575,20905
2020-11-09,RN,83220,2616
2020-11-09,RO,73490,1478
2020-11-09,RR,59273,695
2020-11-09,RS,261656,5997
2020-11-09,SC,275655,3231
2020-11-09,SE,85477,2244
2020-11-09,SP,1125936,39717
2020-11-09,TO,77095,1115
2020-11-10,AC,31926,704
2020-11-10,AL,91939,2278
2020-11-10,AM,166771,4650
2020-11-10,AP,53574,766
2020-11-10,BA,365941,7838
2020-11-10,CE,279322,9416
2020-11-10,DF,217370,3775
2020-11-10,ES,164659,3953
2020-11-10,GO,264271,5874
2020-11-10,MA,188313,4138
2020-11-10,MG,372482,9204
2020-11-10,MS,85990,1645
2020-11-10,MT,147265,3877
2020-11-10,PA,259189,6802
2020-11-10,PB,136029,3166
2020-11-10,PE,167233,8763
2020-11-10,PI,118349,2486
2020-11-10,PR,223870,5497
2020-11-10,RJ,318953,20905
2020-11-10,RN,83309,2620
2020-11-10,RO,73688,1482
2020-11-10,RR,59586,701
2020-11-10,RS,264576,6001
2020-11-10,SC,280541,3243
2020-11-10,SE,85574,2246
2020-11-10,SP,1147451,39717
2020-11-10,TO,77306,1120
2020-11-11,AC,32113,705
2020-11-11,AL,92040,2282
2020-11-11,AM,167486,4655
2020-11-11,AP,53790,770
2020-11-11,BA,367669,7859
2020-11-11,CE,279989,9418
2020-11-11,DF,217793,3788
2020-11-11,ES,165688,3969
2020-11-11,GO,265131,5900
2020-11-11,MA,188677,4146
2020-11-11,MG,374651,9204
2020-11-11,MS,86428,1674
2020-11-11,MT,147870,3888
2020-11-11,PA,260058,6806
2020-11-11,PB,136640,3178
2020-11-11,PE,168093,8773
2020-11-11,PI,118939,2499
2020-11-11,PR,225624,5563
2020-11-11,RJ,320598,20970
2020-11-11,RN,83463,2622
2020-11-11,RO,73990,1486
2020-11-11,RR,59946,705
2020-11-11,RS,267750,6034
2020-11-11,SC,283252,3268
2020-11-11,SE,85643,2247
2020-11-11,SP,1150872,39907
2020-11-11,TO,77528,1125
2020-11-12,AC,32515,707
2020-11-12,AL,92166,2285
2020-11-12,AM,168089,4681
2020-11-12,AP,54056,771
2020-11-12,BA,369259,7882
2020-11-12,CE,282471,9430
2020-11-12,DF,218479,3797
2020-11-12,ES,166999,3982
2020-11-12,GO,266553,5936
2020-11-12,MA,189048,4154
2020-11-12,MG,376537,9259
2020-11-12,MS,87081,1683
2020-11-12,MT,150620,3971
2020-11-12,PA,261131,6808
2020-11-12,PB,137474,3187
2020-11-12,PE,168880,8794
2020-11-12,PI,119456,2516
2020-11-12,PR,227823,5610
2020-11-12,RJ,322383,21090
2020-11-12,RN,83632,2647
2020-11-12,RO,74248,1492
2020-11-12,RR,60156,705
2020-11-12,RS,271340,6125
2020-11-12,SC,284982,3282
2020-11-12,SE,85804,2250
2020-11-12,SP,1156652,40202
2020-11-12,TO,77788,1128
2020-11-13,AC,32661,707
2020-11-13,AL,92328,2288
2020-11-13,AM,168596,4683
2020-11-13,AP,54417,774
2020-11-13,BA,371378,7902
2020-11-13,CE,283463,9435
2020-11-13,DF,219012,3808
2020-11-13,ES,168358,3993
2020-11-13,GO,267319,6029
2020-11-13,MA,189321,4162
2020-11-13,MG,379274,9405
2020-11-13,MS,87602,1688
2020-11-13,MT,151119,3981
2020-11-13,PA,261534,6817
2020-11-13,PB,137942,3193
2020-11-13,PE,169710,8805
2020-11-13,PI,119940,2523
2020-11-13,PR,237736,5688
2020-11-13,RJ,323006,21162
2020-11-13,RN,83762,2649
2020-11-13,RO,74598,1497
2020-11-13,RR,60416,706
2020-11-13,RS,274411,6168
2020-11-13,SC,289787,3298
2020-11-13,SE,85893,2254
2020-11-13,SP,1162782,40202
2020-11-13,TO,77972,1133
2020-11-14,AC,32991,708
2020-11-14,AL,92480,2291
2020-11-14,AM,169165,4693
2020-11-14,AP,54838,777
2020-11-14,BA,372727,7922
2020-11-14,CE,284208,9439
2020-11-14,DF,219712,3813
2020-11-14,ES,168839,3998
2020-11-14,GO,267540,6030
2020-11-14,MA,189501,4171
2020-11-14,MG,381310,9504
2020-11-14,MS,87935,1690
2020-11-14,MT,151354,3985
2020-11-14,PA,261788,6827
2020-11-14,PB,138464,3199
2020-11-14,PE,170553,8815
2020-11-14,PI,120172,2524
2020-11-14,PR,238314,5691
2020-11-14,RJ,326645,21284
2020-11-14,RN,83762,2649
2020-11-14,RO,74981,1501
2020-11-14,RR,60535,706
2020-11-14,RS,277519,6215
2020-11-14,SC,293802,3309
2020-11-14,SE,85980,2257
2020-11-14,SP,1167422,40549
2020-11-14,TO,78077,1137
2020-11-15,AC,33156,708
2020-11-15,AL,92596,2295
2020-11-15,AM,169333,4697
2020-11-15,AP,54979,777
2020-11-15,BA,374009,7943
2020-11-15,CE,285666,9439
2020-11-15,DF,219992,3817
2020-11-15,ES,169928,4009
2020-11-15,GO,267772,6035
2020-11-15,MA,189590,4178
2020-11-15,MG,382882,9507
2020-11-15,MS,88111,1693
2020-11-15,MT,151582,3986
2020-11-15,PA,261899,6832
2020-11-15,PB,138546,3204
2020-11-15,PE,170860,8827
2020-11-15,PI,120266,2530
2020-11-15,PR,239107,5697
2020-11-15,RJ,326956,21294
2020-11-15,RN,84021,2652
2020-11-15,RO,75182,1501
2020-11-15,RR,60579,706
2020-11-15,RS,278707,6219
2020-11-15,SC,295946,3318
2020-11-15,SE,86045,2259
2020-11-15,SP,1168640,40564
2020-11-15,TO,78169,1137
2020-11-16,AC,33295,708
2020-11-16,AL,92642,2298
2020-11-16,AM,169552,4700
2020-11-16,AP,55156,780
2020-11-16,BA,374721,7967
2020-11-16,CE,286674,9443
2020-11-16,DF,220403,3825
2020-11-16,ES,171237,4030
2020-11-16,GO,268997,6060
2020-11-16,MA,189705,4187
2020-11-16,MG,383473,9517
2020-11-16,MS,88965,1697
2020-11-16,MT,152068,3998
2020-11-16,PA,262345,6838
2020-11-16,PB,139168,3211
2020-11-16,PE,171216,8838
2020-11-16,PI,120466,2541
2020-11-16,PR,240783,5728
2020-11-16,RJ,327455,21301
2020-11-16,RN,84522,2652
2020-11-16,RO,75468,1503
2020-11-16,RR,60790,709
2020-11-16,RS,279872,6243
2020-11-16,SC,297400,3330
2020-11-16,SE,86146,2260
2020-11-16,SP,1169377,40576
2020-11-16,TO,78364,1141
2020-11-17,AC,33475,709
2020-11-17,AL,92815,2301
2020-11-17,AM,170458,4723
2020-11-17,AP,55382,782
2020-11-17,BA,375374,7989
2020-11-17,CE,287629,9448
2020-11-17,DF,221031,3837
2020-11-17,ES,172924,4037
2020-11-17,GO,269805,6092
2020-11-17,MA,189936,4195
2020-11-17,MG,385427,9531
2020-11-17,MS,89654,1699
2020-11-17,MT,152674,4001
2020-11-17,PA,263155,6844
2020-11-17,PB,139776,3216
2020-11-17,PE,171890,8854
2020-11-17,PI,120913,2554
2020-11-17,PR,243115,5758
2020-11-17,RJ,330009,21474
2020-11-17,RN,84758,2658
2020-11-17,RO,75652,1508
2020-11-17,RR,61001,709
2020-11-17,RS,283351,6314
2020-11-17,SC,302578,3370
2020-11-17,SE,86273,2263
2020-11-17,SP,1178075,40749
2020-11-17,TO,78618,1144
2020-11-18,AC,33725,709
2020-11-18,AL,92951,2304
2020-11-18,AM,171161,4728
2020-11-18,AP,55652,783
2020-11-18,BA,377445,8013
2020-11-18,CE,288494,9466
2020-11-18,DF,221526,3845
2020-11-18,ES,174238,4058
2020-11-18,GO,270918,6130
2020-11-18,MA,190321,4203
2020-11-18,MG,387751,9605
2020-11-18,MS,90229,1705
2020-11-18,MT,152968,4009
2020-11-18,PA,263935,6851
2020-11-18,PB,140355,3223
2020-11-18,PE,172716,8873
2020-11-18,PI,121428,2556
2020-11-18,PR,246169,5793
2020-11-18,RJ,332396,21698
2020-11-18,RN,84909,2661
2020-11-18,RO,76019,1511
2020-11-18,RR,61245,711
2020-11-18,RS,287204,6356
2020-11-18,SC,306788,3384
2020-11-18,SE,86361,2266
2020-11-18,SP,1184496,40927
2020-11-18,TO,78878,1146
2020-11-19,AC,33976,710
2020-11-19,AL,93123,2308
2020-11-19,AM,172118,4741
2020-11-19,AP,55885,785
2020-11-19,BA,380294,8038
2020-11-19,CE,289550,9473
2020-11-19,DF,222282,3852
2020-11-19,ES,175300,4082
2020-11-19,GO,272094,6201
2020-11-19,MA,190641,4210
2020-11-19,MG,390337,9648
2020-11-19,MS,90765,1713
2020-11-19,MT,153554,4016
2020-11-19,PA,264810,6855
2020-11-19,PB,140982,3232
2020-11-19,PE,173624,8890
2020-11-19,PI,122007,2568
2020-11-19,PR,248853,5827
2020-11-19,RJ,334514,21806
2020-11-19,RN,85244,2667
2020-11-19,RO,76377,1513
2020-11-19,RR,61553,720
2020-11-19,RS,289923,6410
2020-11-19,SC,311393,3405
2020-11-19,SE,86612,2270
2020-11-19,SP,1191290,41074
2020-11-19,TO,79158,1147
2020-11-20,AC,34246,711
2020-11-20,AL,93245,2311
2020-11-20,AM,172858,4761
2020-11-20,AP,56085,787
2020-11-20,BA,382164,8061
2020-11-20,CE,290484,9487
2020-11-20,DF,222836,3857
2020-11-20,ES,176903,4101
2020-11-20,GO,272956,6224
2020-11-20,MA,190953,4218
2020-11-20,MG,393110,9688
2020-11-20,MS,91682,1718
2020-11-20,MT,153800,4025
2020-11-20,PA,265562,6861
2020-11-20,PB,141615,3236
2020-11-20,PE,174312,8899
2020-11-20,PI,122518,2574
2020-11-20,PR,250898,5832
2020-11-20,RJ,336915,21938
2020-11-20,RN,86164,2668
2020-11-20,RO,76729,1515
2020-11-20,RR,61744,720
2020-11-20,RS,293221,6447
2020-11-20,SC,317502,3435
2020-11-20,SE,86847,2274
2020-11-20,SP,1200348,41179
2020-11-20,TO,79420,1148
2020-11-21,AC,34435,713
2020-11-21,AL,93359,2314
2020-11-21,AM,173346,4771
2020-11-21,AP,56236,789
2020-11-21,BA,383945,8081
2020-11-21,CE,291312,9487
2020-11-21,DF,223378,3862
2020-11-21,ES,177486,4114
2020-11-21,GO,273234,6244
2020-11-21,MA,191127,4224
2020-11-21,MG,395534,9732
2020-11-21,MS,92467,1722
2020-11-21,MT,154042,4026
2020-11-21,PA,266008,6865
2020-11-21,PB,142265,3244
2020-11-21,PE,175258,8920
2020-11-21,PI,122744,2579
2020-11-21,PR,254487,5846
2020-11-21,RJ,337277,21971
2020-11-21,RN,86164,2668
2020-11-21,RO,77064,1516
2020-11-21,RR,61838,720
2020-11-21,RS,296904,6487
2020-11-21,SC,323390,3459
2020-11-21,SE,87089,2274
2020-11-21,SP,1205435,41256
2020-11-21,TO,79514,1148
2020-11-22,AC,34626,713
2020-11-22,AL,93440,2317
2020-11-22,AM,173477,4779
2020-11-22,AP,56548,789
2020-11-22,BA,384903,8102
2020-11-22,CE,291617,9485
2020-11-22,DF,223658,3867
2020-11-22,ES,178159,4128
2020-11-22,GO,273308,6245
2020-11-22,MA,191204,4232
2020-11-22,MG,396933,9777
2020-11-22,MS,92970,1727
2020-11-22,MT,154126,4033
2020-11-22,PA,266273,6871
2020-11-22,PB,142457,3248
2020-11-22,PE,175730,8923
2020-11-22,PI,122929,2584
2020-11-22,PR,255698,5853
2020-11-22,RJ,338203,21974
2020-11-22,RN,87158,2670
2020-11-22,RO,77348,1518
2020-11-22,RR,62015,720
2020-11-22,RS,297827,6494
2020-11-22,SC,326208,3471
2020-11-22,SE,87248,2275
2020-11-22,SP,1209588,41267
2020-11-22,TO,79612,1148
2020-11-23,AC,34849,714
2020-11-23,AL,93569,2321
2020-11-23,AM,173780,4797
2020-11-23,AP,56922,792
2020-11-23,BA,386321,8123
2020-11-23,CE,293249,9514
2020-11-23,DF,224517,3882
2020-11-23,ES,179517,4149
2020-11-23,GO,274139,6263
2020-11-23,MA,191366,4241
2020-11-23,MG,398014,9794
2020-11-23,MS,93747,1738
2020-11-23,MT,154652,4041
2020-11-23,PA,266780,6875
2020-11-23,PB,142588,3256
2020-11-23,PE,176158,8926
2020-11-23,PI,123378,2591
2020-11-23,PR,257438,5879
2020-11-23,RJ,338688,22028
2020-11-23,RN,87366,2674
2020-11-23,RO,77615,1522
2020-11-23,RR,62139,721
2020-11-23,RS,298670,6524
2020-11-23,SC,327961,3494
2020-11-23,SE,87477,2279
2020-11-23,SP,1210625,41276
2020-11-23,TO,79894,1151
2020-11-24,AC,35053,715
2020-11-24,AL,93708,2324
2020-11-24,AM,174579,4818
2020-11-24,AP,57343,795
2020-11-24,BA,387786,8143
2020-11-24,CE,294116,9522
2020-11-24,DF,225013,3898
2020-11-24,ES,181306,4172
2020-11-24,GO,275529,6281
2020-11-24,MA,191721,4248
2020-11-24,MG,399536,9804
2020-11-24,MS,94652,1742
2020-11-24,MT,155373,4051
2020-11-24,PA,267700,6880
2020-11-24,PB,142898,3261
2020-11-24,PE,176939,8951
2020-11-24,PI,124076,2596
2020-11-24,PR,261018,5930
2020-11-24,RJ,340833,22141
2020-11-24,RN,88462,2675
2020-11-24,RO,78189,1529
2020-11-24,RR,62414,722
2020-11-24,RS,301766,6573
2020-11-24,SC,332076,3530
2020-11-24,SE,87800,2283
2020-11-24,SP,1215844,41455
2020-11-24,TO,80218,1153
2020-11-25,AC,35188,721
2020-11-25,AL,93915,2326
2020-11-25,AM,175298,4826
2020-11-25,AP,57698,799
2020-11-25,BA,390909,8165
2020-11-25,CE,295275,9532
2020-11-25,DF,225873,3906
2020-11-25,ES,182855,4186
2020-11-25,GO,276135,6300
2020-11-25,MA,192129,4256
2020-11-25,MG,403542,9858
2020-11-25,MS,95193,1748
2020-11-25,MT,156128,4055
2020-11-25,PA,268524,6884
2020-11-25,PB,143615,3268
2020-11-25,PE,178086,8971
2020-11-25,PI,124494,2603
2020-11-25,PR,264838,5978
2020-11-25,RJ,343995,22256
2020-11-25,RN,89170,2676
2020-11-25,RO,78470,1534
2020-11-25,RR,62603,723
2020-11-25,RS,306335,6639
2020-11-25,SC,337009,3561
2020-11-25,SE,88100,2288
2020-11-25,SP,1224744,41601
2020-11-25,TO,80450,1155
2020-11-26,AC,35304,722
2020-11-26,AL,94060,2329
2020-11-26,AM,176214,4856
2020-11-26,AP,58043,802
2020-11-26,BA,392381,8185
2020-11-26,CE,297793,9565
2020-11-26,DF,226697,3910
2020-11-26,ES,184801,4207
2020-11-26,GO,276943,6305
2020-11-26,MA,192501,4263
2020-11-26,MG,406880,9904
2020-11-26,MS,95721,1754
2020-11-26,MT,156712,4060
2020-11-26,PA,269057,6892
2020-11-26,PB,144378,3276
2020-11-26,PE,178639,8987
2020-11-26,PI,125155,2608
2020-11-26,PR,269258,6043
2020-11-26,RJ,346024,22394
2020-11-26,RN,93048,2688
2020-11-26,RO,78788,1535
2020-11-26,RR,62757,724
2020-11-26,RS,308647,6686
2020-11-26,SC,343007,3608
2020-11-26,SE,88661,2292
2020-11-26,SP,1229267,41773
2020-11-26,TO,80717,1157
2020-11-27,AC,35756,722
2020-11-27,AL,94392,2331
2020-11-27,AM,177142,4869
2020-11-27,AP,58300,805
2020-11-27,BA,394300,8207
2020-11-27,CE,298312,9598
2020-11-27,DF,227581,3915
2020-11-27,ES,186574,4224
2020-11-27,GO,278738,6339
2020-11-27,MA,192845,4272
2020-11-27,MG,409731,9948
2020-11-27,MS,97605,1757
2020-11-27,MT,157271,4064
2020-11-27,PA,269870,6901
2020-11-27,PB,144741,3283
2020-11-27,PE,179308,8999
2020-11-27,PI,125675,2617
2020-11-27,PR,272984,6078
2020-11-27,RJ,347348,22448
2020-11-27,RN,93481,2695
2020-11-27,RO,78788,1535
2020-11-27,RR,62816,727
2020-11-27,RS,311123,6725
2020-11-27,SC,346427,3667
2020-11-27,SE,88999,2296
2020-11-27,SP,1233587,41902
2020-11-27,TO,81266,1160
2020-11-28,AC,35920,723
2020-11-28,AL,94613,2334
2020-11-28,AM,177800,4876
2020-11-28,AP,58835,806
2020-11-28,BA,398504,8227
2020-11-28,CE,299590,9607
2020-11-28,DF,228075,3920
2020-11-28,ES,188342,4245
2020-11-28,GO,278880,6348
2020-11-28,MA,193053,4279
2020-11-28,MG,412996,9990
2020-11-28,MS,98363,1766
2020-11-28,MT,157500,4071
2020-11-28,PA,270368,6907
2020-11-28,PB,145110,3288
2020-11-28,PE,181392,9019
2020-11-28,PI,126721,2622
2020-11-28,PR,276185,6107
2020-11-28,RJ,352760,22539
2020-11-28,RN,94482,2695
2020-11-28,RO,79765,1553
2020-11-28,RR,63234,727
2020-11-28,RS,318936,6768
2020-11-28,SC,355950,3701
2020-11-28,SE,89507,2300
2020-11-28,SP,1238094,42048
2020-11-28,TO,81469,1162
2020-11-29,AC,36080,723
2020-11-29,AL,94859,2336
2020-11-29,AM,177991,4885
2020-11-29,AP,58956,806
2020-11-29,BA,401419,8247
2020-11-29,CE,300134,9607
2020-11-29,DF,228702,3925
2020-11-29,ES,188929,4252
2020-11-29,GO,278960,6349
2020-11-29,MA,193066,4287
2020-11-29,MG,415247,10031
2020-11-29,MS,99061,1769
2020-11-29,MT,157599,4078
2020-11-29,PA,270548,6915
2020-11-29,PB,145212,3292
2020-11-29,PE,181841,9030
2020-11-29,PI,127014,2624
2020-11-29,PR,277707,6122
2020-11-29,RJ,353316,22561
2020-11-29,RN,95556,2699
2020-11-29,RO,80055,1555
2020-11-29,RR,63322,727
2020-11-29,RS,320778,6776
2020-11-29,SC,358997,3721
2020-11-29,SE,89998,2304
2020-11-29,SP,1240473,42076
2020-11-29,TO,81632,1164
2020-11-30,AC,36259,723
2020-11-30,AL,94984,2339
2020-11-30,AM,178200,4894
2020-11-30,AP,59131,807
2020-11-30,BA,403071,8268
2020-11-30,CE,301251,9628
2020-11-30,DF,229146,3930
2020-11-30,ES,190001,4279
2020-11-30,GO,279892,6373
2020-11-30,MA,193170,4296
2020-11-30,MG,416335,10041
2020-11-30,MS,100151,1780
2020-11-30,MT,158160,4086
2020-11-30,PA,271228,6918
2020-11-30,PB,145253,3295
2020-11-30,PE,182406,9037
2020-11-30,PI,127686,2634
2020-11-30,PR,280084,6154
2020-11-30,RJ,354354,22590
2020-11-30,RN,96096,2706
2020-11-30,RO,80538,1561
2020-11-30,RR,63572,728
2020-11-30,RS,322058,6813
2020-11-30,SC,364344,3762
2020-11-30,SE,90148,2308
2020-11-30,SP,1241653,42095
2020-11-30,TO,81972,1167
2020-12-01,AC,36563,726
2020-12-01,AL,95152,2341
2020-12-01,AM,179265,4896
2020-12-01,AP,59423,810
2020-12-01,BA,406189,8293
2020-12-01,CE,301606,9638
2020-12-01,DF,230122,3939
2020-12-01,ES,191973,4296
2020-12-01,GO,281635,6386
2020-12-01,MA,193550,4305
2020-12-01,MG,419655,10051
2020-12-01,MS,101102,1793
2020-12-01,MT,158903,4096
2020-12-01,PA,272125,6927
2020-12-01,PB,145794,3305
2020-12-01,PE,184259,9056
2020-12-01,PI,128432,2644
2020-12-01,PR,285323,6215
2020-12-01,RJ,357982,22683
2020-12-01,RN,97132,2715
2020-12-01,RO,80802,1567
2020-12-01,RR,63899,734
2020-12-01,RS,326425,6900
2020-12-01,SC,372545,3809
2020-12-01,SE,90386,2312
2020-12-01,SP,1250590,42290
2020-12-01,TO,82295,1170
2020-12-02,AC,36746,727
2020-12-02,AL,95388,2344
2020-12-02,AM,179963,4912
2020-12-02,AP,59850,814
2020-12-02,BA,409417,8315
2020-12-02,CE,301802,9640
2020-12-02,DF,230905,3955
2020-12-02,ES,193825,4324
2020-12-02,GO,283442,6401
2020-12-02,MA,193883,4313
2020-12-02,MG,424155,10121
2020-12-02,MS,102236,1804
2020-12-02,MT,159714,4105
2020-12-02,PA,273126,6933
2020-12-02,PB,146528,3316
2020-12-02,PE,185607,9082
2020-12-02,PI,129096,2650
2020-12-02,PR,288546,6243
2020-12-02,RJ,361397,22764
2020-12-02,RN,97302,2722
2020-12-02,RO,81322,1579
2020-12-02,RR,64174,739
2020-12-02,RS,331279,6973
2020-12-02,SC,378621,3855
2020-12-02,SE,90920,2316
2020-12-02,SP,1259704,42456
2020-12-02,TO,82651,1173
2020-12-03,AC,36899,730
2020-12-03,AL,95643,2346
2020-12-03,AM,180842,4932
2020-12-03,AP,60391,819
2020-12-03,BA,412685,8336
2020-12-03,CE,303168,9657
2020-12-03,DF,231426,3962
2020-12-03,ES,195437,4349
2020-12-03,GO,284568,6420
2020-12-03,MA,194320,4322
2020-12-03,MG,428790,10187
2020-12-03,MS,103433,1818
2020-12-03,MT,160284,4108
2020-12-03,PA,273753,6939
2020-12-03,PB,147274,3326
2020-12-03,PE,187038,9098
2020-12-03,PI,129825,2658
2020-12-03,PR,293969,6314
2020-12-03,RJ,365185,22891
2020-12-03,RN,97547,2726
2020-12-03,RO,81733,1586
2020-12-03,RR,64317,740
2020-12-03,RS,337003,7043
2020-12-03,SC,383577,3898
2020-12-03,SE,91718,2320
2020-12-03,SP,1267912,42637
2020-12-03,TO,82995,1175
2020-12-04,AC,37152,731
2020-12-04,AL,95898,2349
2020-12-04,AM,181631,4936
2020-12-04,AP,60751,823
2020-12-04,BA,416734,8360
2020-12-04,CE,303868,9683
2020-12-04,DF,232781,3968
2020-12-04,ES,197104,4374
2020-12-04,GO,285824,6438
2020-12-04,MA,194800,4330
2020-12-04,MG,433081,10227
2020-12-04,MS,104727,1827
2020-12-04,MT,160967,4123
2020-12-04,PA,274545,6944
2020-12-04,PB,148003,3338
2020-12-04,PE,188132,9119
2020-12-04,PI,130539,2666
2020-12-04,PR,297411,6359
2020-12-04,RJ,367641,23017
2020-12-04,RN,98035,2736
2020-12-04,RO,82064,1589
2020-12-04,RR,64685,744
2020-12-04,RS,342035,7104
2020-12-04,SC,389751,3939
2020-12-04,SE,91793,2324
2020-12-04,SP,1276149,42788
2020-12-04,TO,83300,1179
2020-12-05,AC,37277,732
2020-12-05,AL,96300,2351
2020-12-05,AM,182337,4946
2020-12-05,AP,61053,826
2020-12-05,BA,419044,8388
2020-12-05,CE,304443,9693
2020-12-05,DF,233376,3978
2020-12-05,ES,198947,4385
2020-12-05,GO,285971,6455
2020-12-05,MA,195020,4335
2020-12-05,MG,438304,10283
2020-12-05,MS,105223,1833
2020-12-05,MT,161351,4130
2020-12-05,PA,275049,6950
2020-12-05,PB,148712,3345
2020-12-05,PE,189650,9140
2020-12-05,PI,130984,2673
2020-12-05,PR,300271,6421
2020-12-05,RJ,370267,23099
2020-12-05,RN,98035,2736
2020-12-05,RO,82408,1593
2020-12-05,RR,64905,744
2020-12-05,RS,346801,7166
2020-12-05,SC,393602,3980
2020-12-05,SE,91854,2329
2020-12-05,SP,1285087,42969
2020-12-05,TO,83411,1182
2020-12-06,AC,37321,732
2020-12-06,AL,96632,2354
2020-12-06,AM,182668,4951
2020-12-06,AP,61177,827
2020-12-06,BA,423124,8418
2020-12-06,CE,304640,9704
2020-12-06,DF,233731,3985
2020-12-06,ES,200257,4397
2020-12-06,GO,286044,6460
2020-12-06,MA,195086,4339
2020-12-06,MG,441315,10336
2020-12-06,MS,105246,1841
2020-12-06,MT,161554,4135
2020-12-06,PA,275551,6954
2020-12-06,PB,149385,3359
2020-12-06,PE,190415,9148
2020-12-06,PI,131454,2680
2020-12-06,PR,301510,6433
2020-12-06,RJ,371075,23131
2020-12-06,RN,99023,2752
2020-12-06,RO,82909,1596
2020-12-06,RR,65015,744
2020-12-06,RS,349035,7183
2020-12-06,SC,396188,4011
2020-12-06,SE,94451,2333
2020-12-06,SP,1287762,43015
2020-12-06,TO,83544,1184
2020-12-07,AC,37428,736
2020-12-07,AL,96784,2357
2020-12-07,AM,182875,4964
2020-12-07,AP,61393,831
2020-12-07,BA,424704,8445
2020-12-07,CE,308273,9737
2020-12-07,DF,234376,4001
2020-12-07,ES,202147,4431
2020-12-07,GO,287245,6480
2020-12-07,MA,195221,4344
2020-12-07,MG,442186,10341
2020-12-07,MS,107235,1852
2020-12-07,MT,162162,4147
2020-12-07,PA,276221,6959
2020-12-07,PB,149989,3367
2020-12-07,PE,191161,9170
2020-12-07,PI,132095,2691
2020-12-07,PR,304220,6471
2020-12-07,RJ,371376,23151
2020-12-07,RN,99304,2764
2020-12-07,RO,83392,1604
2020-12-07,RR,65084,744
2020-12-07,RS,350569,7235
2020-12-07,SC,399691,4041
2020-12-07,SE,95174,2337
2020-12-07,SP,1288878,43040
2020-12-07,TO,83948,1187
2020-12-08,AC,37556,737
2020-12-08,AL,96973,2360
2020-12-08,AM,183830,4969
2020-12-08,AP,61607,834
2020-12-08,BA,428034,8474
2020-12-08,CE,309168,9738
2020-12-08,DF,235480,4011
2020-12-08,ES,204565,4455
2020-12-08,GO,288822,6504
2020-12-08,MA,195589,4349
2020-12-08,MG,444800,10345
2020-12-08,MS,108549,1870
2020-12-08,MT,162923,4159
2020-12-08,PA,277020,6963
2020-12-08,PB,150575,3380
2020-12-08,PE,192397,9186
2020-12-08,PI,132718,2695
2020-12-08,PR,308811,6539
2020-12-08,RJ,374753,23270
2020-12-08,RN,100318,2770
2020-12-08,RO,83959,1610
2020-12-08,RR,65218,745
2020-12-08,RS,354683,7316
2020-12-08,SC,406003,4132
2020-12-08,SE,95493,2341
2020-12-08,SP,1296801,43282
2020-12-08,TO,84281,1190
2020-12-09,AC,37672,742
2020-12-09,AL,97248,2363
2020-12-09,AM,184268,4973
2020-12-09,AP,61925,839
2020-12-09,BA,431786,8502
2020-12-09,CE,312068,9762
2020-12-09,DF,236322,4032
2020-12-09,ES,206984,4485
2020-12-09,GO,290107,6520
2020-12-09,MA,195958,4355
2020-12-09,MG,448880,10429
2020-12-09,MS,109785,1888
2020-12-09,MT,163861,4165
2020-12-09,PA,278066,6972
2020-12-09,PB,151312,3391
2020-12-09,PE,193530,9200
2020-12-09,PI,133336,2704
2020-12-09,PR,313880,6608
2020-12-09,RJ,378084,23430
2020-12-09,RN,101692,2781
2020-12-09,RO,84405,1617
2020-12-09,RR,65595,749
2020-12-09,RS,359544,7388
2020-12-09,SC,411631,4183
2020-12-09,SE,96346,2346
2020-12-09,SP,1306585,43461
2020-12-09,TO,84637,1192
2020-12-10,AC,37902,744
2020-12-10,AL,97562,2366
2020-12-10,AM,185089,4978
2020-12-10,AP,62221,842
2020-12-10,BA,436662,8531
2020-12-10,CE,313761,9772
2020-12-10,DF,237114,4043
2020-12-10,ES,208508,4514
2020-12-10,GO,292282,6531
2020-12-10,MA,196446,4362
2020-12-10,MG,453364,10499
2020-12-10,MS,111335,1897
2020-12-10,MT,164599,4176
2020-12-10,PA,278858,6980
2020-12-10,PB,152073,3407
2020-12-10,PE,195118,9229
2020-12-10,PI,133870,2714
2020-12-10,PR,317861,6653
2020-12-10,RJ,381644,23546
2020-12-10,RN,102836,2798
2020-12-10,RO,84919,1628
2020-12-10,RR,65974,753
2020-12-10,RS,363979,7452
2020-12-10,SC,416752,4224
2020-12-10,SE,96990,2351
2020-12-10,SP,1316371,43661
2020-12-10,TO,84963,1195
2020-12-11,AC,38150,747
2020-12-11,AL,97948,2369
2020-12-11,AM,185932,4987
2020-12-11,AP,62764,846
2020-12-11,BA,440545,8561
2020-12-11,CE,314674,9774
2020-12-11,DF,237945,4051
2020-12-11,ES,210584,4544
2020-12-11,GO,293418,6549
2020-12-11,MA,196848,4368
2020-12-11,MG,459537,10565
2020-12-11,MS,112876,1913
2020-12-11,MT,165450,4185
2020-12-11,PA,279600,6989
2020-12-11,PB,152962,3420
2020-12-11,PE,197063,9244
2020-12-11,PI,134429,2720
2020-12-11,PR,322920,6700
2020-12-11,RJ,384942,23630
2020-12-11,RN,103355,2803
2020-12-11,RO,85253,1634
2020-12-11,RR,66221,755
2020-12-11,RS,369142,7513
2020-12-11,SC,421044,4284
2020-12-11,SE,97562,2356
2020-12-11,SP,1325162,43802
2020-12-11,TO,85272,1198
2020-12-12,AC,38363,749
2020-12-12,AL,98177,2372
2020-12-12,AM,186274,4998
2020-12-12,AP,63042,849
2020-12-12,BA,443465,8589
2020-12-12,CE,314674,9774
2020-12-12,DF,238634,4059
2020-12-12,ES,212304,4560
2020-12-12,GO,293418,6549
2020-12-12,MA,197006,4375
2020-12-12,MG,464545,10645
2020-12-12,MS,113298,1931
2020-12-12,MT,165871,4194
2020-12-12,PA,280272,6998
2020-12-12,PB,153556,3430
2020-12-12,PE,198426,9271
2020-12-12,PI,134717,2722
2020-12-12,PR,327299,6760
2020-12-12,RJ,388431,23718
2020-12-12,RN,103916,2803
2020-12-12,RO,85410,1638
2020-12-12,RR,66407,755
2020-12-12,RS,372699,7578
2020-12-12,SC,426095,4334
2020-12-12,SE,98472,2361
2020-12-12,SP,1333763,43971
2020-12-12,TO,85385,1201
2020-12-13,AC,38412,750
2020-12-13,AL,98612,2376
2020-12-13,AM,186828,5001
2020-12-13,AP,63313,849
2020-12-13,BA,444661,8610
2020-12-13,CE,315936,9786
2020-12-13,DF,239096,4066
2020-12-13,ES,213124,4571
2020-12-13,GO,293418,6549
2020-12-13,MA,197056,4380
2020-12-13,MG,468023,10701
2020-12-13,MS,113981,1949
2020-12-13,MT,166111,4202
2020-12-13,PA,280714,7003
2020-12-13,PB,153649,3439
2020-12-13,PE,198684,9284
2020-12-13,PI,134892,2723
2020-12-13,PR,329782,6764
2020-12-13,RJ,389125,23722
2020-12-13,RN,104829,2819
2020-12-13,RO,85854,1642
2020-12-13,RR,66454,755
2020-12-13,RS,376590,7587
2020-12-13,SC,427401,4365
2020-12-13,SE,99151,2365
2020-12-13,SP,1334703,44018
2020-12-13,TO,85549,1203
2020-12-14,AC,38628,753
2020-12-14,AL,98928,2380
2020-12-14,AM,187279,5011
2020-12-14,AP,63601,854
2020-12-14,BA,447126,8635
2020-12-14,CE,316681,9802
2020-12-14,DF,240132,4086
2020-12-14,ES,215538,4609
2020-12-14,GO,294282,6573
2020-12-14,MA,197267,4386
2020-12-14,MG,469003,10711
2020-12-14,MS,114631,1967
2020-12-14,MT,166841,4215
2020-12-14,PA,281667,7013
2020-12-14,PB,153917,3452
2020-12-14,PE,199046,9299
2020-12-14,PI,135239,2735
2020-12-14,PR,332158,6803
2020-12-14,RJ,389893,23740
2020-12-14,RN,105388,2835
2020-12-14,RO,86118,1645
2020-12-14,RR,66515,761
2020-12-14,RS,378893,7681
2020-12-14,SC,432050,4420
2020-12-14,SE,99753,2370
2020-12-14,SP,1337016,44050
2020-12-14,TO,85731,1206
2020-12-15,AC,38712,755
2020-12-15,AL,99238,2384
2020-12-15,AM,187930,5026
2020-12-15,AP,63989,858
2020-12-15,BA,451240,8665
2020-12-15,CE,319989,9857
2020-12-15,DF,240869,4095
2020-12-15,ES,217938,4630
2020-12-15,GO,296190,6586
2020-12-15,MA,197684,4393
2020-12-15,MG,473225,10719
2020-12-15,MS,116612,1978
2020-12-15,MT,167782,4225
2020-12-15,PA,282719,7018
2020-12-15,PB,154734,3469
2020-12-15,PE,199780,9324
2020-12-15,PI,135769,2743
2020-12-15,PR,339695,6919
2020-12-15,RJ,391350,23887
2020-12-15,RN,106643,2842
2020-12-15,RO,86909,1655
2020-12-15,RR,66574,764
2020-12-15,RS,382251,7766
2020-12-15,SC,435547,4504
2020-12-15,SE,100371,2374
2020-12-15,SP,1341428,44282
2020-12-15,TO,86180,1208
2020-12-16,AC,38938,756
2020-12-16,AL,100011,2389
2020-12-16,AM,188918,5036
2020-12-16,AP,64303,861
2020-12-16,BA,456106,8691
2020-12-16,CE,320685,9875
2020-12-16,DF,241400,4107
2020-12-16,ES,220927,4663
2020-12-16,GO,298211,6631
2020-12-16,MA,198147,4401
2020-12-16,MG,477697,10855
2020-12-16,MS,118003,1993
2020-12-16,MT,168826,4234
2020-12-16,PA,283839,7035
2020-12-16,PB,156122,3487
2020-12-16,PE,201851,9339
2020-12-16,PI,136423,2749
2020-12-16,PR,359892,7117
2020-12-16,RJ,395386,24109
2020-12-16,RN,106920,2853
2020-12-16,RO,87397,1668
2020-12-16,RR,66977,766
2020-12-16,RS,388704,7862
2020-12-16,SC,442624,4517
2020-12-16,SE,101148,2381
2020-12-16,SP,1341428,44282
2020-12-16,TO,86585,1210
2020-12-17,AC,39166,756
2020-12-17,AL,100307,2394
2020-12-17,AM,189812,5049
2020-12-17,AP,64549,864
2020-12-17,BA,461026,8720
2020-12-17,CE,321891,9897
2020-12-17,DF,242299,4123
2020-12-17,ES,223219,4696
2020-12-17,GO,299447,6651
2020-12-17,MA,198500,4408
2020-12-17,MG,483369,10933
2020-12-17,MS,119079,2009
2020-12-17,MT,169730,4245
2020-12-17,PA,284774,7042
2020-12-17,PB,157396,3507
2020-12-17,PE,203497,9361
2020-12-17,PI,137027,2755
2020-12-17,PR,366281,7172
2020-12-17,RJ,398879,24204
2020-12-17,RN,107476,2869
2020-12-17,RO,87863,1681
2020-12-17,RR,67184,769
2020-12-17,RS,394816,7944
2020-12-17,SC,448162,4598
2020-12-17,SE,101706,2387
2020-12-17,SP,1361731,44681
2020-12-17,TO,86971,1212
2020-12-18,AC,39341,757
2020-12-18,AL,100619,2399
2020-12-18,AM,190968,5062
2020-12-18,AP,64752,870
2020-12-18,BA,464083,8748
2020-12-18,CE,322861,9909
2020-12-18,DF,243212,4132
2020-12-18,ES,225358,4727
2020-12-18,GO,300229,6659
2020-12-18,MA,198843,4413
2020-12-18,MG,488934,11009
2020-12-18,MS,120395,2032
2020-12-18,MT,170594,4257
2020-12-18,PA,285632,7051
2020-12-18,PB,158449,3523
2020-12-18,PE,205262,9383
2020-12-18,PI,137607,2764
2020-12-18,PR,370775,7213
2020-12-18,RJ,402480,24351
2020-12-18,RN,108223,2878
2020-12-18,RO,88410,1689
2020-12-18,RR,67359,772
2020-12-18,RS,400537,8007
2020-12-18,SC,453322,4652
2020-12-18,SE,101810,2394
2020-12-18,SP,1371653,44878
2020-12-18,TO,87295,1214
2020-12-19,AC,39869,758
2020-12-19,AL,100978,2404
2020-12-19,AM,191674,5076
2020-12-19,AP,65109,875
2020-12-19,BA,468003,8777
2020-12-19,CE,323506,9912
2020-12-19,DF,243834,4138
2020-12-19,ES,227245,4747
2020-12-19,GO,300284,6663
2020-12-19,MA,199094,4420
2020-12-19,MG,494187,11093
2020-12-19,MS,121461,2051
2020-12-19,MT,171060,4261
2020-12-19,PA,286130,7057
2020-12-19,PB,159109,3529
2020-12-19,PE,207008,9418
2020-12-19,PI,137944,2765
2020-12-19,PR,374349,7271
2020-12-19,RJ,403660,24454
2020-12-19,RN,108934,2878
2020-12-19,RO,88822,1697
2020-12-19,RR,67429,772
2020-12-19,RS,405598,8072
2020-12-19,SC,457335,4668
2020-12-19,SE,103042,2401
2020-12-19,SP,1384100,45029
2020-12-19,TO,87478,1216
2020-12-20,AC,39996,765
2020-12-20,AL,101285,2410
2020-12-20,AM,191976,5085
2020-12-20,AP,65215,875
2020-12-20,BA,469660,8807
2020-12-20,CE,323941,9916
2020-12-20,DF,244243,4145
2020-12-20,ES,228741,4760
2020-12-20,GO,300284,6663
2020-12-20,MA,199105,4426
2020-12-20,MG,497672,11225
2020-12-20,MS,122187,2077
2020-12-20,MT,171314,4271
2020-12-20,PA,286616,7063
2020-12-20,PB,159436,3539
2020-12-20,PE,207426,9435
2020-12-20,PI,138152,2769
2020-12-20,PR,376009,7312
2020-12-20,RJ,406820,24473
2020-12-20,RN,110319,2888
2020-12-20,RO,89047,1698
2020-12-20,RR,67531,772
2020-12-20,RS,407755,8087
2020-12-20,SC,461244,4706
2020-12-20,SE,103955,2407
2020-12-20,SP,1384100,45029
2020-12-20,TO,87695,1217
2020-12-21,AC,40249,767
2020-12-21,AL,101443,2417
2020-12-21,AM,192327,5094
2020-12-21,AP,65422,880
2020-12-21,BA,471177,8835
2020-12-21,CE,324894,9927
2020-12-21,DF,245243,4156
2020-12-21,ES,230420,4796
2020-12-21,GO,301502,6668
2020-12-21,MA,199198,4433
2020-12-21,MG,499499,11235
2020-12-21,MS,123529,2108
2020-12-21,MT,172226,4335
2020-12-21,PA,287535,7069
2020-12-21,PB,159639,3552
2020-12-21,PE,208135,9443
2020-12-21,PI,138586,2779
2020-12-21,PR,378291,7331
2020-12-21,RJ,407575,24479
2020-12-21,RN,111090,2900
2020-12-21,RO,89633,1708
2020-12-21,RR,67686,772
2020-12-21,RS,409794,8159
2020-12-21,SC,463732,4771
2020-12-21,SE,104426,2413
2020-12-21,SP,1388043,45136
2020-12-21,TO,88070,1218
2020-12-22,AC,40314,769
2020-12-22,AL,101745,2425
2020-12-22,AM,193544,5111
2020-12-22,AP,65712,885
2020-12-22,BA,473865,8865
2020-12-22,CE,325884,9939
2020-12-22,DF,245872,4169
2020-12-22,ES,232760,4839
2020-12-22,GO,302698,6685
2020-12-22,MA,199535,4438
2020-12-22,MG,503700,11258
2020-12-22,MS,125181,2130
2020-12-22,MT,173252,4345
2020-12-22,PA,288465,7078
2020-12-22,PB,160611,3563
2020-12-22,PE,210081,9459
2020-12-22,PI,139168,2788
2020-12-22,PR,384393,7460
2020-12-22,RJ,411369,24594
2020-12-22,RN,112578,2927
2020-12-22,RO,90835,1721
2020-12-22,RR,67909,772
2020-12-22,RS,416000,8260
2020-12-22,SC,468403,4836
2020-12-22,SE,105018,2420
2020-12-22,SP,1398757,45395
2020-12-22,TO,88376,1219
2020-12-23,AC,40399,776
2020-12-23,AL,102178,2433
2020-12-23,AM,194406,5133
2020-12-23,AP,65938,891
2020-12-23,BA,476955,8893
2020-12-23,CE,326519,9947
2020-12-23,DF,246397,4181
2020-12-23,ES,234494,4866
2020-12-23,GO,303903,6740
2020-12-23,MA,199754,4445
2020-12-23,MG,510219,11355
2020-12-23,MS,126583,2160
2020-12-23,MT,174301,4360
2020-12-23,PA,289348,7095
2020-12-23,PB,161539,3573
2020-12-23,PE,211996,9487
2020-12-23,PI,139713,2792
2020-12-23,PR,387686,7528
2020-12-23,RJ,414344,24773
2020-12-23,RN,113490,2932
2020-12-23,RO,91574,1728
2020-12-23,RR,68107,773
2020-12-23,RS,416098,8345
2020-12-23,SC,472199,4885
2020-12-23,SE,105673,2427
2020-12-23,SP,1409140,45576
2020-12-23,TO,88739,1221
2020-12-24,AC,40638,779
2020-12-24,AL,102569,2440
2020-12-24,AM,195405,5151
2020-12-24,AP,66132,897
2020-12-24,BA,479553,8924
2020-12-24,CE,327140,9952
2020-12-24,DF,246949,4188
2020-12-24,ES,236238,4898
2020-12-24,GO,304175,6744
2020-12-24,MA,199906,4451
2020-12-24,MG,516188,11475
2020-12-24,MS,127874,2183
2020-12-24,MT,174866,4362
2020-12-24,PA,289777,7108
2020-12-24,PB,162149,3582
2020-12-24,PE,213453,9523
2020-12-24,PI,139928,2794
2020-12-24,PR,397479,7600
2020-12-24,RJ,418543,24827
2020-12-24,RN,114548,2935
2020-12-24,RO,92099,1732
2020-12-24,RR,68195,773
2020-12-24,RS,426531,8403
2020-12-24,SC,475200,4939
2020-12-24,SE,106896,2434
2020-12-24,SP,1418491,45758
2020-12-24,TO,88979,1223
2020-12-25,AC,40723,780
2020-12-25,AL,102827,2447
2020-12-25,AM,195806,5161
2020-12-25,AP,66221,899
2020-12-25,BA,480764,8954
2020-12-25,CE,327832,9952
2020-12-25,DF,247278,4192
2020-12-25,ES,236978,4915
2020-12-25,GO,304272,6748
2020-12-25,MA,199986,4458
2020-12-25,MG,520218,11562
2020-12-25,MS,128164,2207
2020-12-25,MT,175117,4375
2020-12-25,PA,289795,7124
2020-12-25,PB,162380,3592
2020-12-25,PE,214562,9544
2020-12-25,PI,140245,2802
2020-12-25,PR,399065,7634
2020-12-25,RJ,419146,24900
2020-12-25,RN,114822,2937
2020-12-25,RO,92381,1734
2020-12-25,RR,68237,773
2020-12-25,RS,428633,8434
2020-12-25,SC,476681,4973
2020-12-25,SE,107721,2441
2020-12-25,SP,1422087,45795
2020-12-25,TO,89140,1224
2020-12-26,AC,40736,780
2020-12-26,AL,103125,2454
2020-12-26,AM,196007,5173
2020-12-26,AP,66293,901
2020-12-26,BA,482113,8983
2020-12-26,CE,327865,9952
2020-12-26,DF,247928,4198
2020-12-26,ES,238426,4928
2020-12-26,GO,304442,6752
2020-12-26,MA,200043,4466
2020-12-26,MG,522331,11585
2020-12-26,MS,129261,2229
2020-12-26,MT,175313,4390
2020-12-26,PA,290326,7130
2020-12-26,PB,163107,3604
2020-12-26,PE,214949,9560
2020-12-26,PI,140496,2814
2020-12-26,PR,400288,7656
2020-12-26,RJ,420075,24905
2020-12-26,RN,114822,2937
2020-12-26,RO,92587,1743
2020-12-26,RR,68264,773
2020-12-26,RS,430780,8452
2020-12-26,SC,478242,5007
2020-12-26,SE,108166,2448
2020-12-26,SP,1423340,45808
2020-12-26,TO,89289,1225
2020-12-27,AC,40900,785
2020-12-27,AL,103551,2461
2020-12-27,AM,196436,5190
2020-12-27,AP,66724,901
2020-12-27,BA,483737,9011
2020-12-27,CE,327982,9952
2020-12-27,DF,248543,4201
2020-12-27,ES,239036,4941
2020-12-27,GO,304505,6753
2020-12-27,MA,200127,4473
2020-12-27,MG,523548,11592
2020-12-27,MS,129484,2245
2020-12-27,MT,175616,4397
2020-12-27,PA,290821,7142
2020-12-27,PB,163415,3619
2020-12-27,PE,215552,9571
2020-12-27,PI,140749,2815
2020-12-27,PR,401860,7682
2020-12-27,RJ,421069,24918
2020-12-27,RN,115422,2947
2020-12-27,RO,92775,1747
2020-12-27,RR,68295,773
2020-12-27,RS,431603,8492
2020-12-27,SC,479947,5039
2020-12-27,SE,108943,2454
2020-12-27,SP,1426176,45863
2020-12-27,TO,89410,1226
2020-12-28,AC,41010,789
2020-12-28,AL,103748,2468
2020-12-28,AM,196754,5206
2020-12-28,AP,67149,907
2020-12-28,BA,484485,9041
2020-12-28,CE,329896,9960
2020-12-28,DF,249736,4223
2020-12-28,ES,242553,4996
2020-12-28,GO,306395,6776
2020-12-28,MA,200220,4479
2020-12-28,MG,524658,11605
2020-12-28,MS,130850,2270
2020-12-28,MT,176362,4407
2020-12-28,PA,291907,7149
2020-12-28,PB,163993,3635
2020-12-28,PE,215994,9588
2020-12-28,PI,141258,2821
2020-12-28,PR,404695,7733
2020-12-28,RJ,421674,24942
2020-12-28,RN,116377,2984
2020-12-28,RO,93667,1765
2020-12-28,RR,68363,773
2020-12-28,RS,432241,8536
2020-12-28,SC,482129,5082
2020-12-28,SE,110001,2461
2020-12-28,SP,1427752,45902
2020-12-28,TO,89794,1229
2020-12-29,AC,41232,791
2020-12-29,AL,104119,2475
2020-12-29,AM,198201,5232
2020-12-29,AP,67405,913
2020-12-29,BA,487691,9072
2020-12-29,CE,330986,9971
2020-12-29,DF,250457,4241
2020-12-29,ES,244251,5031
2020-12-29,GO,307686,6789
2020-12-29,MA,200564,4488
2020-12-29,MG,529653,11615
2020-12-29,MS,132431,2300
2020-12-29,MT,177633,4424
2020-12-29,PA,292712,7169
2020-12-29,PB,164416,3647
2020-12-29,PE,217772,9612
2020-12-29,PI,141951,2827
2020-12-29,PR,408731,7810
2020-12-29,RJ,426259,25078
2020-12-29,RN,117542,2998
2020-12-29,RO,94354,1785
2020-12-29,RR,68509,773
2020-12-29,RS,438458,8680
2020-12-29,SC,485935,5161
2020-12-29,SE,110804,2468
2020-12-29,SP,1440229,46195
2020-12-29,TO,90047,1232
2020-12-30,AC,41355,793
2020-12-30,AL,104499,2482
2020-12-30,AM,199570,5258
2020-12-30,AP,67702,919
2020-12-30,BA,490538,9100
2020-12-30,CE,332907,9986
2020-12-30,DF,251135,4248
2020-12-30,ES,246927,5066
2020-12-30,GO,308840,6805
2020-12-30,MA,200749,4495
2020-12-30,MG,536044,11784
2020-12-30,MS,133761,2329
2020-12-30,MT,178768,4443
2020-12-30,PA,293540,7188
2020-12-30,PB,165426,3660
2020-12-30,PE,220284,9632
2020-12-30,PI,142672,2837
2020-12-30,PR,412627,7886
2020-12-30,RJ,428373,25303
2020-12-30,RN,118728,3007
2020-12-30,RO,95035,1805
2020-12-30,RR,68689,781
2020-12-30,RS,444212,8793
2020-12-30,SC,489069,5206
2020-12-30,SE,111735,2476
2020-12-30,SP,1452078,46477
2020-12-30,TO,90358,1234
2020-12-31,AC,41620,795
2020-12-31,AL,104818,2489
2020-12-31,AM,201013,5285
2020-12-31,AP,68201,925
2020-12-31,BA,493400,9129
2020-12-31,CE,335992,9993
2020-12-31,DF,251701,4259
2020-12-31,ES,248251,5081
2020-12-31,GO,309110,6805
2020-12-31,MA,200938,4500
2020-12-31,MG,542909,11902
2020-12-31,MS,134750,2347
2020-12-31,MT,179501,4456
2020-12-31,PA,293802,7199
2020-12-31,PB,166484,3672
2020-12-31,PE,222166,9654
2020-12-31,PI,143179,2840
2020-12-31,PR,416566,7974
2020-12-31,RJ,434648,25530
2020-12-31,RN,118999,3007
2020-12-31,RO,95729,1817
2020-12-31,RR,68710,787
2020-12-31,RS,449674,8872
2020-12-31,SC,492583,5253
2020-12-31,SE,112505,2484
2020-12-31,SP,1462297,46717
2020-12-31,TO,90536,1236
2021-01-01,AC,41689,796
2021-01-01,AL,105091,2496
2021-01-01,AM,201574,5295
2021-01-01,AP,68361,926
2021-01-01,BA,494684,9159
2021-01-01,CE,336504,10004
2021-01-01,DF,252077,4263
2021-01-01,ES,249271,5093
2021-01-01,GO,309191,6805
2021-01-01,MA,200959,4506
2021-01-01,MG,546884,12001
2021-01-01,MS,135361,2360
2021-01-01,MT,179707,4467
2021-01-01,PA,293807,7209
2021-01-01,PB,167062,3680
2021-01-01,PE,222993,9666
2021-01-01,PI,143210,2848
2021-01-01,PR,418323,7993
2021-01-01,RJ,435390,25600
2021-01-01,RN,119338,3009
2021-01-01,RO,95999,1822
2021-01-01,RR,68858,787
2021-01-01,RS,451912,8917
2021-01-01,SC,494447,5270
2021-01-01,SE,113544,2492
2021-01-01,SP,1466191,46775
2021-01-01,TO,90592,1239
2021-01-02,AC,41941,798
2021-01-02,AL,105361,2502
2021-01-02,AM,201867,5325
2021-01-02,AP,68441,927
2021-01-02,BA,495286,9187
2021-01-02,CE,336574,10015
2021-01-02,DF,252874,4268
2021-01-02,ES,250244,5115
2021-01-02,GO,309320,6805
2021-01-02,MA,200976,4513
2021-01-02,MG,549302,12023
2021-01-02,MS,135917,2372
2021-01-02,MT,179947,4475
2021-01-02,PA,294010,7217
2021-01-02,PB,167615,3692
2021-01-02,PE,223325,9674
2021-01-02,PI,143489,2854
2021-01-02,PR,419615,8001
2021-01-02,RJ,435604,25608
2021-01-02,RN,119338,3009
2021-01-02,RO,96433,1825
2021-01-02,RR,68875,787
2021-01-02,RS,452920,8934
2021-01-02,SC,496524,5294
2021-01-02,SE,113916,2500
2021-01-02,SP,1467953,46808
2021-01-02,TO,90703,1242
2021-01-03,AC,42046,802
2021-01-03,AL,105714,2509
2021-01-03,AM,202413,5345
2021-01-03,AP,68568,927
2021-01-03,BA,496008,9218
2021-01-03,CE,336763,10024
2021-01-03,DF,253355,4269
2021-01-03,ES,251649,5124
2021-01-03,GO,309454,6805
2021-01-03,MA,201017,4518
2021-01-03,MG,550672,12037
2021-01-03,MS,136250,2398
2021-01-03,MT,180380,4488
2021-01-03,PA,294224,7223
2021-01-03,PB,168044,3706
2021-01-03,PE,223540,9679
2021-01-03,PI,143651,2856
2021-01-03,PR,421315,8028
2021-01-03,RJ,435739,25616
2021-01-03,RN,119835,3025
2021-01-03,RO,96906,1832
2021-01-03,RR,68947,787
2021-01-03,RS,454757,8954
2021-01-03,SC,497345,5314
2021-01-03,SE,114685,2508
2021-01-03,SP,1471422,46845
2021-01-03,TO,90860,1244
2021-01-04,AC,42117,806
2021-01-04,AL,106032,2515
2021-01-04,AM,202972,5368
2021-01-04,AP,68775,936
2021-01-04,BA,496823,9246
2021-01-04,CE,336975,10025
2021-01-04,DF,254310,4289
2021-01-04,ES,253115,5176
2021-01-04,GO,311067,6857
2021-01-04,MA,201093,4524
2021-01-04,MG,552104,12063
2021-01-04,MS,137570,2431
2021-01-04,MT,181913,4516
2021-01-04,PA,295439,7235
2021-01-04,PB,168179,3722
2021-01-04,PE,223845,9691
2021-01-04,PI,144200,2863
2021-01-04,PR,423041,8060
2021-01-04,RJ,439345,25617
2021-01-04,RN,120676,3060
2021-01-04,RO,97197,1840
2021-01-04,RR,69029,789
2021-01-04,RS,455326,9018
2021-01-04,SC,498910,5376
2021-01-04,SE,115636,2516
2021-01-04,SP,1473670,46888
2021-01-04,TO,91230,1248
2021-01-05,AC,42170,808
2021-01-05,AL,106410,2521
2021-01-05,AM,204900,5414
2021-01-05,AP,69096,943
2021-01-05,BA,499900,9276
2021-01-05,CE,339043,10053
2021-01-05,DF,255875,4328
2021-01-05,ES,255611,5202
2021-01-05,GO,312124,6898
2021-01-05,MA,201255,4531
2021-01-05,MG,556692,12083
2021-01-05,MS,139152,2459
2021-01-05,MT,182707,4529
2021-01-05,PA,296752,7247
2021-01-05,PB,168545,3740
2021-01-05,PE,225336,9709
2021-01-05,PI,144857,2873
2021-01-05,PR,427789,8155
2021-01-05,RJ,443607,25837
2021-01-05,RN,121495,3073
2021-01-05,RO,97854,1852
2021-01-05,RR,69180,789
2021-01-05,RS,460609,9125
2021-01-05,SC,502785,5420
2021-01-05,SE,116779,2524
2021-01-05,SP,1486551,47222
2021-01-05,TO,91596,1252
2021-01-06,AC,42378,814
2021-01-06,AL,106881,2529
2021-01-06,AM,207092,5500
2021-01-06,AP,69469,950
2021-01-06,BA,502938,9304
2021-01-06,CE,340312,10062
2021-01-06,DF,255875,4328
2021-01-06,ES,257295,5231
2021-01-06,GO,313755,6901
2021-01-06,MA,201454,4537
2021-01-06,MG,566207,12211
2021-01-06,MS,140463,2486
2021-01-06,MT,184753,4551
2021-01-06,PA,297974,7263
2021-01-06,PB,169646,3755
2021-01-06,PE,226940,9731
2021-01-06,PI,145384,2882
2021-01-06,PR,430873,8233
2021-01-06,RJ,448089,26068
2021-01-06,RN,122099,3081
2021-01-06,RO,98811,1875
2021-01-06,RR,69326,793
2021-01-06,RS,465337,9226
2021-01-06,SC,506897,5482
2021-01-06,SE,117818,2532
2021-01-06,SP,1501085,47511
2021-01-06,TO,92000,1257
2021-01-07,AC,42478,821
2021-01-07,AL,107279,2537
2021-01-07,AM,208798,5546
2021-01-07,AP,69874,956
2021-01-07,BA,505918,9333
2021-01-07,CE,342201,10106
2021-01-07,DF,256682,4337
2021-01-07,ES,258941,5265
2021-01-07,GO,315563,6933
2021-01-07,MA,201641,4542
2021-01-07,MG,571657,12366
2021-01-07,MS,141649,2511
2021-01-07,MT,185825,4564
2021-01-07,PA,299045,7280
2021-01-07,PB,170611,3773
2021-01-07,PE,228451,9763
2021-01-07,PI,145997,2891
2021-01-07,PR,463309,8630
2021-01-07,RJ,452758,26292
2021-01-07,RN,123257,3092
2021-01-07,RO,99595,1890
2021-01-07,RR,69461,793
2021-01-07,RS,470138,9293
2021-01-07,SC,511329,5522
2021-01-07,SE,119045,2544
2021-01-07,SP,1515158,47768
2021-01-07,TO,92446,1263
2021-01-08,AC,42814,823
2021-01-08,AL,107628,2545
2021-01-08,AM,211140,5615
2021-01-08,AP,70344,962
2021-01-08,BA,508695,9364
2021-01-08,CE,343887,10137
2021-01-08,DF,257355,4345
2021-01-08,ES,260970,5287
2021-01-08,GO,316852,6946
2021-01-08,MA,201745,4549
2021-01-08,MG,579469,12469
2021-01-08,MS,142765,2525
2021-01-08,MT,187183,4577
2021-01-08,PA,300454,7292
2021-01-08,PB,171547,3788
2021-01-08,PE,229701,9789
2021-01-08,PI,146779,2895
2021-01-08,PR,468373,8716
2021-01-08,RJ,454275,26480
2021-01-08,RN,124467,3100
2021-01-08,RO,100343,1899
2021-01-08,RR,69640,793
2021-01-08,RS,474917,9359
2021-01-08,SC,515209,5584
2021-01-08,SE,120262,2554
2021-01-08,SP,1528952,48029
2021-01-08,TO,92916,1267
2021-01-09,AC,42908,823
2021-01-09,AL,108109,2553
2021-01-09,AM,212996,5669
2021-01-09,AP,70676,969
2021-01-09,BA,511192,9392
2021-01-09,CE,344677,10150
2021-01-09,DF,258153,4351
2021-01-09,ES,262157,5307
2021-01-09,GO,317166,6964
2021-01-09,MA,201915,4555
2021-01-09,MG,587868,12594
2021-01-09,MS,143596,2546
2021-01-09,MT,188098,4595
2021-01-09,PA,301501,7304
2021-01-09,PB,172261,3800
2021-01-09,PE,230891,9826
2021-01-09,PI,147038,2897
2021-01-09,PR,471639,8742
2021-01-09,RJ,459866,26704
2021-01-09,RN,124467,3100
2021-01-09,RO,101024,1908
2021-01-09,RR,69732,793
2021-01-09,RS,478501,9413
2021-01-09,SC,518805,5611
2021-01-09,SE,121222,2563
2021-01-09,SP,1540513,48298
2021-01-09,TO,93099,1270
2021-01-10,AC,43127,825
2021-01-10,AL,108542,2561
2021-01-10,AM,213961,5701
2021-01-10,AP,70902,969
2021-01-10,BA,512841,9424
2021-01-10,CE,345002,10159
2021-01-10,DF,258811,4356
2021-01-10,ES,263504,5321
2021-01-10,GO,317477,6965
2021-01-10,MA,201945,4562
2021-01-10,MG,592311,12709
2021-01-10,MS,144051,2565
2021-01-10,MT,188338,4611
2021-01-10,PA,302125,7315
2021-01-10,PB,172776,3808
2021-01-10,PE,232037,9840
2021-01-10,PI,147509,2906
2021-01-10,PR,473279,8749
2021-01-10,RJ,460927,26749
2021-01-10,RN,125215,3112
2021-01-10,RO,101588,1911
2021-01-10,RR,69785,793
2021-01-10,RS,480480,9439
2021-01-10,SC,520577,5637
2021-01-10,SE,122594,2574
2021-01-10,SP,1546132,48351
2021-01-10,TO,93261,1274
2021-01-11,AC,43346,826
2021-01-11,AL,108820,2569
2021-01-11,AM,216112,5756
2021-01-11,AP,71287,976
2021-01-11,BA,513756,9453
2021-01-11,CE,345235,10162
2021-01-11,DF,259797,4368
2021-01-11,ES,265556,5354
2021-01-11,GO,319768,6965
2021-01-11,MA,202050,4568
2021-01-11,MG,595007,12736
2021-01-11,MS,145048,2587
2021-01-11,MT,190077,4621
2021-01-11,PA,303512,7339
2021-01-11,PB,173299,3824
2021-01-11,PE,232756,9851
2021-01-11,PI,148032,2915
2021-01-11,PR,474949,8768
2021-01-11,RJ,461561,26771
2021-01-11,RN,126049,3130
2021-01-11,RO,102518,1926
2021-01-11,RR,69888,795
2021-01-11,RS,482062,9498
2021-01-11,SC,522478,5677
2021-01-11,SE,123836,2585
2021-01-11,SP,1549142,48379
2021-01-11,TO,93895,1278
2021-01-12,AC,43432,827
2021-01-12,AL,109319,2577
2021-01-12,AM,218070,5810
2021-01-12,AP,71689,981
2021-01-12,BA,515861,9480
2021-01-12,CE,347518,10175
2021-01-12,DF,260797,4375
2021-01-12,ES,267451,5384
2021-01-12,GO,321948,7007
2021-01-12,MA,202314,4575
2021-01-12,MG,602833,12750
2021-01-12,MS,146143,2609
2021-01-12,MT,191315,4635
2021-01-12,PA,305012,7349
2021-01-12,PB,173518,3836
2021-01-12,PE,234238,9889
2021-01-12,PI,148867,2922
2021-01-12,PR,486349,8885
2021-01-12,RJ,465150,26976
2021-01-12,RN,126261,3140
2021-01-12,RO,103798,1951
2021-01-12,RR,70086,800
2021-01-12,RS,485757,9619
2021-01-12,SC,526024,5707
2021-01-12,SE,124276,2595
2021-01-12,SP,1561844,48662
2021-01-12,TO,94381,1286
2021-01-13,AC,43785,829
2021-01-13,AL,109720,2585
2021-01-13,AM,219544,5879
2021-01-13,AP,72049,987
2021-01-13,BA,518955,9512
2021-01-13,CE,348912,10204
2021-01-13,DF,261456,4388
2021-01-13,ES,269223,5419
2021-01-13,GO,324064,7020
2021-01-13,MA,202574,4583
2021-01-13,MG,611152,12894
2021-01-13,MS,147249,2625
2021-01-13,MT,193054,4654
2021-01-13,PA,306029,7366
2021-01-13,PB,174199,3845
2021-01-13,PE,236041,9919
2021-01-13,PI,149686,2930
2021-01-13,PR,486843,8916
2021-01-13,RJ,469437,27241
2021-01-13,RN,127627,3154
2021-01-13,RO,104737,1966
2021-01-13,RR,70346,800
2021-01-13,RS,490980,9699
2021-01-13,SC,529389,5765
2021-01-13,SE,124942,2607
2021-01-13,SP,1577119,48985
2021-01-13,TO,94945,1294
2021-01-14,AC,44068,832
2021-01-14,AL,110112,2593
2021-01-14,AM,223360,5930
2021-01-14,AP,72422,991
2021-01-14,BA,523068,9543
2021-01-14,CE,350571,10209
2021-01-14,DF,262222,4399
2021-01-14,ES,271041,5450
2021-01-14,GO,326130,7065
2021-01-14,MA,202839,4588
2021-01-14,MG,619846,13028
2021-01-14,MS,148415,2648
2021-01-14,MT,194917,4674
2021-01-14,PA,307520,7376
2021-01-14,PB,175227,3857
2021-01-14,PE,237453,9946
2021-01-14,PI,150374,2935
2021-01-14,PR,492654,8977
2021-01-14,RJ,473648,27441
2021-01-14,RN,128601,3166
2021-01-14,RO,105952,1976
2021-01-14,RR,70475,805
2021-01-14,RS,495585,9790
2021-01-14,SC,533338,5794
2021-01-14,SE,126204,2617
2021-01-14,SP,1590829,49289
2021-01-14,TO,95503,1301
2021-01-15,AC,44156,835
2021-01-15,AL,110572,2602
2021-01-15,AM,226511,6043
2021-01-15,AP,72824,994
2021-01-15,BA,528539,9575
2021-01-15,CE,351731,10220
2021-01-15,DF,262928,4406
2021-01-15,ES,273031,5474
2021-01-15,GO,327821,7077
2021-01-15,MA,203156,4594
2021-01-15,MG,628966,13182
2021-01-15,MS,149731,2661
2021-01-15,MT,196313,4689
2021-01-15,PA,308936,7388
2021-01-15,PB,175997,3869
2021-01-15,PE,239155,9964
2021-01-15,PI,151046,2945
2021-01-15,PR,497505,9042
2021-01-15,RJ,477044,27591
2021-01-15,RN,130335,3190
2021-01-15,RO,107332,1993
2021-01-15,RR,70752,811
2021-01-15,RS,500792,9838
2021-01-15,SC,537036,5836
2021-01-15,SE,127349,2629
2021-01-15,SP,1605845,49600
2021-01-15,TO,96058,1308
2021-01-16,AC,44621,835
2021-01-16,AL,110968,2611
2021-01-16,AM,229367,6123
2021-01-16,AP,73213,996
2021-01-16,BA,534371,9606
2021-01-16,CE,353979,10223
2021-01-16,DF,263756,4412
2021-01-16,ES,274509,5493
2021-01-16,GO,328062,7102
2021-01-16,MA,203334,4601
2021-01-16,MG,636797,13355
2021-01-16,MS,150498,2674
2021-01-16,MT,197356,4710
2021-01-16,PA,309526,7397
2021-01-16,PB,176835,3880
2021-01-16,PE,240605,9993
2021-01-16,PI,151397,2950
2021-01-16,PR,501036,9073
2021-01-16,RJ,481111,27755
2021-01-16,RN,130350,3190
2021-01-16,RO,108173,1999
2021-01-16,RR,70948,811
2021-01-16,RS,505021,9876
2021-01-16,SC,540342,5867
2021-01-16,SE,127715,2640
2021-01-16,SP,1619619,49885
2021-01-16,TO,96390,1313
2021-01-17,AC,44767,836
2021-01-17,AL,111443,2620
2021-01-17,AM,230644,6191
2021-01-17,AP,73417,996
2021-01-17,BA,537772,9638
2021-01-17,CE,353979,10223
2021-01-17,DF,264227,4421
2021-01-17,ES,275504,5506
2021-01-17,GO,328197,7102
2021-01-17,MA,203423,4606
2021-01-17,MG,643609,13465
2021-01-17,MS,150944,2686
2021-01-17,MT,197916,4721
2021-01-17,PA,309816,7412
2021-01-17,PB,177843,3902
2021-01-17,PE,241087,10020
2021-01-17,PI,151619,2961
2021-01-17,PR,502599,9092
2021-01-17,RJ,482058,27791
2021-01-17,RN,131375,3196
2021-01-17,RO,109056,2005
2021-01-17,RR,71065,811
2021-01-17,RS,506885,9921
2021-01-17,SC,541745,5886
2021-01-17,SE,128395,2652
2021-01-17,SP,1625339,49945
2021-01-17,TO,96589,1316
2021-01-18,AC,44775,837
2021-01-18,AL,111724,2629
2021-01-18,AM,232434,6308
2021-01-18,AP,73626,1005
2021-01-18,BA,540320,9667
2021-01-18,CE,356117,10240
2021-01-18,DF,265274,4427
2021-01-18,ES,277357,5536
2021-01-18,GO,330106,7107
2021-01-18,MA,203581,4613
2021-01-18,MG,646091,13483
2021-01-18,MS,152026,2705
2021-01-18,MT,199035,4743
2021-01-18,PA,311063,7427
2021-01-18,PB,177843,3902
2021-01-18,PE,241409,10031
2021-01-18,PI,152211,2968
2021-01-18,PR,503712,9054
2021-01-18,RJ,482431,27805
2021-01-18,RN,131770,3205
2021-01-18,RO,110331,2031
2021-01-18,RR,71232,816
2021-01-18,RS,508058,9967
2021-01-18,SC,543389,5919
2021-01-18,SE,128854,2662
2021-01-18,SP,1628272,49987
2021-01-18,TO,97196,1323
2021-01-19,AC,45208,839
2021-01-19,AL,112097,2638
2021-01-19,AM,233971,6450
2021-01-19,AP,74045,1010
2021-01-19,BA,544324,9697
2021-01-19,CE,356985,10243
2021-01-19,DF,265886,4436
2021-01-19,ES,279039,5565
2021-01-19,GO,332391,7107
2021-01-19,MA,203964,4618
2021-01-19,MG,651956,13507
2021-01-19,MS,153057,2723
2021-01-19,MT,201014,4774
2021-01-19,PA,312632,7434
2021-01-19,PB,178081,3912
2021-01-19,PE,243044,10059
2021-01-19,PI,152997,2976
2021-01-19,PR,508570,9132
2021-01-19,RJ,486806,28026
2021-01-19,RN,133099,3209
2021-01-19,RO,111372,2044
2021-01-19,RR,71451,816
2021-01-19,RS,512343,10051
2021-01-19,SC,546522,5969
2021-01-19,SE,129505,2674
2021-01-19,SP,1644225,50318
2021-01-19,TO,97790,1330
2021-01-20,AC,45429,840
2021-01-20,AL,112476,2647
2021-01-20,AM,238980,6598
2021-01-20,AP,74310,1016
2021-01-20,BA,549315,9728
2021-01-20,CE,358404,10261
2021-01-20,DF,266506,4442
2021-01-20,ES,280426,5590
2021-01-20,GO,334271,7194
2021-01-20,MA,204300,4624
2021-01-20,MG,659385,13721
2021-01-20,MS,154121,2741
2021-01-20,MT,202616,4805
2021-01-20,PA,314119,7458
2021-01-20,PB,179353,3926
2021-01-20,PE,244814,10098
2021-01-20,PI,153771,2985
2021-01-20,PR,512337,9186
2021-01-20,RJ,490821,28215
2021-01-20,RN,133998,3220
2021-01-20,RO,112468,2056
2021-01-20,RR,71583,819
2021-01-20,RS,516288,10123
2021-01-20,SC,549579,5988
2021-01-20,SE,130286,2685
2021-01-20,SP,1658636,50652
2021-01-20,TO,98252,1334
2021-01-21,AC,45729,844
2021-01-21,AL,112854,2656
2021-01-21,AM,241182,6757
2021-01-21,AP,74535,1019
2021-01-21,BA,553770,9760
2021-01-21,CE,359678,10299
2021-01-21,DF,267340,4452
2021-01-21,ES,282044,5615
2021-01-21,GO,335649,7226
2021-01-21,MA,204767,4631
2021-01-21,MG,668216,13891
2021-01-21,MS,155010,2771
2021-01-21,MT,204031,4830
2021-01-21,PA,316176,7470
2021-01-21,PB,180464,3939
2021-01-21,PE,246799,10133
2021-01-21,PI,154397,2989
2021-01-21,PR,515464,9243
2021-01-21,RJ,494127,28440
2021-01-21,RN,134844,3240
2021-01-21,RO,113778,2070
2021-01-21,RR,71740,819
2021-01-21,RS,520313,10196
2021-01-21,SC,552310,6036
2021-01-21,SE,131023,2697
2021-01-21,SP,1670754,50938
2021-01-21,TO,98787,1338
2021-01-22,AC,45987,846
2021-01-22,AL,113205,2665
2021-01-22,AM,245157,6889
2021-01-22,AP,74874,1022
2021-01-22,BA,557900,9794
2021-01-22,CE,360973,10320
2021-01-22,DF,268394,4460
2021-01-22,ES,283996,5634
2021-01-22,GO,337857,7261
2021-01-22,MA,205065,4639
2021-01-22,MG,677809,14010
2021-01-22,MS,155972,2794
2021-01-22,MT,205616,4858
2021-01-22,PA,317876,7487
2021-01-22,PB,181773,3955
2021-01-22,PE,248513,10152
2021-01-22,PI,155105,2999
2021-01-22,PR,519042,9292
2021-01-22,RJ,494796,28592
2021-01-22,RN,135736,3247
2021-01-22,RO,115200,2085
2021-01-22,RR,72127,821
2021-01-22,RS,523367,10241
2021-01-22,SC,555148,6061
2021-01-22,SE,131835,2710
2021-01-22,SP,1679759,51192
2021-01-22,TO,99290,1344
2021-01-23,AC,46239,848
2021-01-23,AL,113662,2674
2021-01-23,AM,248561,7051
2021-01-23,AP,75054,1025
2021-01-23,BA,562466,9827
2021-01-23,CE,362351,10331
2021-01-23,DF,269350,4468
2021-01-23,ES,284854,5658
2021-01-23,GO,338076,7282
2021-01-23,MA,205396,4644
2021-01-23,MG,686682,14148
2021-01-23,MS,156459,2812
2021-01-23,MT,206598,4882
2021-01-23,PA,318777,7499
2021-01-23,PB,182907,3968
2021-01-23,PE,250165,10177
2021-01-23,PI,155362,3004
2021-01-23,PR,522169,9355
2021-01-23,RJ,500185,28812
2021-01-23,RN,135774,3247
2021-01-23,RO,116133,2097
2021-01-23,RR,72313,821
2021-01-23,RS,527182,10299
2021-01-23,SC,557774,6097
2021-01-23,SE,132337,2719
2021-01-23,SP,1694355,51423
2021-01-23,TO,99485,1347
2021-01-24,AC,46429,850
2021-01-24,AL,114169,2683
2021-01-24,AM,249713,7146
2021-01-24,AP,75249,1025
2021-01-24,BA,565320,9857
2021-01-24,CE,363967,10332
2021-01-24,DF,270171,4476
2021-01-24,ES,285654,5668
2021-01-24,GO,338155,7286
2021-01-24,MA,205481,4649
2021-01-24,MG,690853,14279
2021-01-24,MS,156711,2819
2021-01-24,MT,206937,4895
2021-01-24,PA,319545,7530
2021-01-24,PB,183726,3980
2021-01-24,PE,250702,10193
2021-01-24,PI,155723,3012
2021-01-24,PR,523990,9395
2021-01-24,RJ,501202,28833
2021-01-24,RN,137024,3257
2021-01-24,RO,117101,2111
2021-01-24,RR,72462,821
2021-01-24,RS,528045,10311
2021-01-24,SC,558975,6124
2021-01-24,SE,132829,2727
2021-01-24,SP,1699427,51502
2021-01-24,TO,99623,1348
2021-01-25,AC,46539,854
2021-01-25,AL,114836,2692
2021-01-25,AM,250935,7232
2021-01-25,AP,75400,1032
2021-01-25,BA,566743,9886
2021-01-25,CE,365640,10363
2021-01-25,DF,271319,4490
2021-01-25,ES,287205,5716
2021-01-25,GO,340899,7295
2021-01-25,MA,205621,4653
2021-01-25,MG,693550,14305
2021-01-25,MS,157758,2839
2021-01-25,MT,207851,4919
2021-01-25,PA,320894,7544
2021-01-25,PB,184907,3991
2021-01-25,PE,251291,10200
2021-01-25,PI,156149,3020
2021-01-25,PR,525860,9507
2021-01-25,RJ,501436,28856
2021-01-25,RN,137640,3273
2021-01-25,RO,118097,2128
2021-01-25,RR,72656,835
2021-01-25,RS,528950,10360
2021-01-25,SC,561382,6163
2021-01-25,SE,133655,2736
2021-01-25,SP,1702294,51556
2021-01-25,TO,100204,1353
2021-01-26,AC,46774,856
2021-01-26,AL,115383,2701
2021-01-26,AM,254460,7424
2021-01-26,AP,75641,1036
2021-01-26,BA,570092,9920
2021-01-26,CE,366789,10380
2021-01-26,DF,272375,4505
2021-01-26,ES,288360,5747
2021-01-26,GO,342816,7318
2021-01-26,MA,205920,4657
2021-01-26,MG,699257,14328
2021-01-26,MS,158340,2848
2021-01-26,MT,209404,4944
2021-01-26,PA,323290,7552
2021-01-26,PB,186033,4003
2021-01-26,PE,253415,10222
2021-01-26,PI,156875,3031
2021-01-26,PR,532689,9584
2021-01-26,RJ,505596,29043
2021-01-26,RN,138471,3276
2021-01-26,RO,119336,2149
2021-01-26,RR,72921,837
2021-01-26,RS,532944,10443
2021-01-26,SC,564163,6205
2021-01-26,SE,134003,2746
2021-01-26,SP,1715253,51838
2021-01-26,TO,100709,1359
2021-01-27,AC,47119,858
2021-01-27,AL,115946,2710
2021-01-27,AM,257606,7560
2021-01-27,AP,75940,1040
2021-01-27,BA,574062,9952
2021-01-27,CE,367722,10423
2021-01-27,DF,273427,4508
2021-01-27,ES,289606,5777
2021-01-27,GO,345682,7344
2021-01-27,MA,206290,4662
2021-01-27,MG,707649,14544
2021-01-27,MS,159131,2871
2021-01-27,MT,211052,4968
2021-01-27,PA,325562,7564
2021-01-27,PB,187246,4014
2021-01-27,PE,255483,10251
2021-01-27,PI,157469,3039
2021-01-27,PR,535961,9652
2021-01-27,RJ,509113,29230
2021-01-27,RN,138933,3280
2021-01-27,RO,121005,2167
2021-01-27,RR,73238,843
2021-01-27,RS,536746,10512
2021-01-27,SC,567112,6228
2021-01-27,SE,134556,2755
2021-01-27,SP,1731294,52170
2021-01-27,TO,101120,1366
2021-01-28,AC,47461,860
2021-01-28,AL,116379,2719
2021-01-28,AM,259458,7673
2021-01-28,AP,76311,1048
2021-01-28,BA,577707,9987
2021-01-28,CE,369245,10449
2021-01-28,DF,274601,4519
2021-01-28,ES,290775,5796
2021-01-28,GO,347895,7427
2021-01-28,MA,206680,4669
2021-01-28,MG,715967,14699
2021-01-28,MS,159881,2885
2021-01-28,MT,212544,4993
2021-01-28,PA,327281,7578
2021-01-28,PB,188290,4025
2021-01-28,PE,256977,10279
2021-01-28,PI,157775,3045
2021-01-28,PR,540452,9879
2021-01-28,RJ,512791,29417
2021-01-28,RN,139761,3294
2021-01-28,RO,121975,2192
2021-01-28,RR,73654,849
2021-01-28,RS,540157,10567
2021-01-28,SC,569676,6264
2021-01-28,SE,135385,2760
2021-01-28,SP,1746070,52481
2021-01-28,TO,101666,1371
2021-01-29,AC,47936,861
2021-01-29,AL,116773,2728
2021-01-29,AM,261574,7793
2021-01-29,AP,76688,1057
2021-01-29,BA,581880,10021
2021-01-29,CE,370300,10465
2021-01-29,DF,275688,4533
2021-01-29,ES,292388,5820
2021-01-29,GO,350257,7480
2021-01-29,MA,207145,4678
2021-01-29,MG,721967,14819
2021-01-29,MS,160623,2898
2021-01-29,MT,214346,5016
2021-01-29,PA,328800,7618
2021-01-29,PB,189415,4036
2021-01-29,PE,258725,10304
2021-01-29,PI,158584,3051
2021-01-29,PR,543568,9923
2021-01-29,RJ,516868,29563
2021-01-29,RN,140716,3296
2021-01-29,RO,123200,2216
2021-01-29,RR,73909,856
2021-01-29,RS,543499,10615
2021-01-29,SC,573104,6298
2021-01-29,SE,136280,2766
2021-01-29,SP,1759957,52722
2021-01-29,TO,102108,1376
2021-01-30,AC,48347,864
2021-01-30,AL,117287,2737
2021-01-30,AM,265994,8018
2021-01-30,AP,76884,1059
2021-01-30,BA,585958,10059
2021-01-30,CE,370300,10465
2021-01-30,DF,276572,4545
2021-01-30,ES,293030,5841
2021-01-30,GO,350440,7487
2021-01-30,MA,207415,4688
2021-01-30,MG,729968,14939
2021-01-30,MS,161021,2909
2021-01-30,MT,215392,5036
2021-01-30,PA,329306,7636
2021-01-30,PB,190480,4048
2021-01-30,PE,260679,10332
2021-01-30,PI,159023,3058
2021-01-30,PR,547430,10013
2021-01-30,RJ,520730,29789
2021-01-30,RN,140716,3296
2021-01-30,RO,123957,2229
2021-01-30,RR,74115,856
2021-01-30,RS,546708,10663
2021-01-30,SC,575616,6325
2021-01-30,SE,136799,2773
2021-01-30,SP,1773024,52954
2021-01-30,TO,102217,1382
2021-01-31,AC,48467,867
2021-01-31,AL,117768,2746
2021-01-31,AM,267394,8117
2021-01-31,AP,77041,1059
2021-01-31,BA,588106,10097
2021-01-31,CE,373611,10477
2021-01-31,DF,277110,4554
2021-01-31,ES,294129,5858
2021-01-31,GO,350729,7488
2021-01-31,MA,207488,4697
2021-01-31,MG,734486,15060
2021-01-31,MS,161371,2921
2021-01-31,MT,215805,5050
2021-01-31,PA,329486,7655
2021-01-31,PB,191584,4056
2021-01-31,PE,261300,10348
2021-01-31,PI,159290,3065
2021-01-31,PR,549333,10030
2021-01-31,RJ,520967,29811
2021-01-31,RN,141684,3306
2021-01-31,RO,124663,2244
2021-01-31,RR,74264,856
2021-01-31,RS,547282,10669
2021-01-31,SC,576815,6340
2021-01-31,SE,137417,2778
2021-01-31,SP,1777368,53034
2021-01-31,TO,102348,1386
2021-02-01,AC,48820,873
2021-02-01,AL,118220,2754
2021-02-01,AM,268717,8266
2021-02-01,AP,77404,1064
2021-02-01,BA,589234,10136
2021-02-01,CE,375024,10486
2021-02-01,DF,277907,4564
2021-02-01,ES,295359,5888
2021-02-01,GO,352399,7499
2021-02-01,MA,207649,4708
2021-02-01,MG,736265,15094
2021-02-01,MS,162220,2937
2021-02-01,MT,216797,5074
2021-02-01,PA,331163,7669
2021-02-01,PB,192598,4068
2021-02-01,PE,261745,10364
2021-02-01,PI,159741,3072
2021-02-01,PR,551985,10048
2021-02-01,RJ,522998,29848
2021-02-01,RN,142250,3318
2021-02-01,RO,125612,2259
2021-02-01,RR,74367,857
2021-02-01,RS,548062,10715
2021-02-01,SC,578550,6363
2021-02-01,SE,138187,2786
2021-02-01,SP,1779722,53090
2021-02-01,TO,102790,1391
2021-02-02,AC,49049,876
2021-02-02,AL,118741,2763
2021-02-02,AM,271177,8414
2021-02-02,AP,77729,1066
2021-02-02,BA,592770,10176
2021-02-02,CE,376628,10510
2021-02-02,DF,278316,4573
2021-02-02,ES,296641,5913
2021-02-02,GO,354629,7549
2021-02-02,MA,208198,4719
2021-02-02,MG,740972,15126
2021-02-02,MS,163003,2958
2021-02-02,MT,218475,5098
2021-02-02,PA,333052,7685
2021-02-02,PB,193465,4082
2021-02-02,PE,263722,10387
2021-02-02,PI,160252,3087
2021-02-02,PR,556304,10141
2021-02-02,RJ,526276,30004
2021-02-02,RN,142663,3331
2021-02-02,RO,126766,2281
2021-02-02,RR,74705,871
2021-02-02,RS,551317,10778
2021-02-02,SC,581352,6416
2021-02-02,SE,138611,2794
2021-02-02,SP,1794019,53455
2021-02-02,TO,103215,1397
2021-02-03,AC,49547,879
2021-02-03,AL,119088,2771
2021-02-03,AM,273862,8564
2021-02-03,AP,77989,1069
2021-02-03,BA,596140,10216
2021-02-03,CE,378191,10556
2021-02-03,DF,278972,4582
2021-02-03,ES,297761,5930
2021-02-03,GO,356274,7599
2021-02-03,MA,208724,4730
2021-02-03,MG,746919,15315
2021-02-03,MS,163692,2972
2021-02-03,MT,220597,5130
2021-02-03,PA,334704,7695
2021-02-03,PB,194519,4096
2021-02-03,PE,265349,10399
2021-02-03,PI,160948,3092
2021-02-03,PR,558770,10190
2021-02-03,RJ,529525,30172
2021-02-03,RN,143466,3339
2021-02-03,RO,127713,2293
2021-02-03,RR,74960,880
2021-02-03,RS,554353,10826
2021-02-03,SC,584537,6445
2021-02-03,SE,139223,2801
2021-02-03,SP,1807009,53704
2021-02-03,TO,103616,1402
2021-02-04,AC,49944,882
2021-02-04,AL,119458,2780
2021-02-04,AM,276551,8716
2021-02-04,AP,78213,1070
2021-02-04,BA,599435,10255
2021-02-04,CE,379553,10577
2021-02-04,DF,279402,4591
2021-02-04,ES,299224,5952
2021-02-04,GO,358350,7653
2021-02-04,MA,209085,4742
2021-02-04,MG,756971,15499
2021-02-04,MS,164314,2983
2021-02-04,MT,221792,5153
2021-02-04,PA,336453,7717
2021-02-04,PB,195482,4110
2021-02-04,PE,266999,10430
2021-02-04,PI,161336,3112
2021-02-04,PR,562057,10248
2021-02-04,RJ,532377,30354
2021-02-04,RN,143466,3339
2021-02-04,RO,128743,2314
2021-02-04,RR,75288,886
2021-02-04,RS,557125,10881
2021-02-04,SC,587428,6466
2021-02-04,SE,139611,2809
2021-02-04,SP,1820941,53997
2021-02-04,TO,103950,1407
2021-02-05,AC,50122,884
2021-02-05,AL,120028,2788
2021-02-05,AM,278789,8815
2021-02-05,AP,78423,1074
2021-02-05,BA,602792,10294
2021-02-05,CE,380993,10603
2021-02-05,DF,280026,4600
2021-02-05,ES,300729,5977
2021-02-05,GO,360566,7685
2021-02-05,MA,209331,4754
2021-02-05,MG,762412,15667
2021-02-05,MS,165141,2999
2021-02-05,MT,223145,5179
2021-02-05,PA,338047,7762
2021-02-05,PB,196542,4123
2021-02-05,PE,268486,10452
2021-02-05,PI,162148,3120
2021-02-05,PR,564903,10317
2021-02-05,RJ,535134,30545
2021-02-05,RN,143519,3339
2021-02-05,RO,129902,2326
2021-02-05,RR,75492,896
2021-02-05,RS,560540,10929
2021-02-05,SC,590449,6490
2021-02-05,SE,140005,2818
2021-02-05,SP,1833163,54324
2021-02-05,TO,104402,1414
2021-02-06,AC,50454,886
2021-02-06,AL,120455,2797
2021-02-06,AM,281754,8934
2021-02-06,AP,78646,1079
2021-02-06,BA,606062,10334
2021-02-06,CE,382597,10612
2021-02-06,DF,280599,4608
2021-02-06,ES,301861,5986
2021-02-06,GO,360776,7707
2021-02-06,MA,209604,4765
2021-02-06,MG,767061,15807
2021-02-06,MS,165553,3012
2021-02-06,MT,223770,5201
2021-02-06,PA,338670,7807
2021-02-06,PB,197460,4135
2021-02-06,PE,269937,10481
2021-02-06,PI,162405,3127
2021-02-06,PR,568350,10377
2021-02-06,RJ,537824,30596
2021-02-06,RN,144407,3339
2021-02-06,RO,130753,2341
2021-02-06,RR,75712,896
2021-02-06,RS,563706,10984
2021-02-06,SC,593172,6510
2021-02-06,SE,140272,2826
2021-02-06,SP,1845086,54545
2021-02-06,TO,104592,1419
2021-02-07,AC,50546,888
2021-02-07,AL,120694,2805
2021-02-07,AM,282739,9003
2021-02-07,AP,78799,1079
2021-02-07,BA,607946,10373
2021-02-07,CE,382597,10612
2021-02-07,DF,281002,4618
2021-02-07,ES,302854,5995
2021-02-07,GO,360873,7708
2021-02-07,MA,209778,4775
2021-02-07,MG,774111,15930
2021-02-07,MS,165903,3024
2021-02-07,MT,224185,5223
2021-02-07,PA,339273,7824
2021-02-07,PB,198124,4146
2021-02-07,PE,270801,10494
2021-02-07,PI,162637,3131
2021-02-07,PR,569911,10388
2021-02-07,RJ,537986,30597
2021-02-07,RN,146291,3359
2021-02-07,RO,131172,2346
2021-02-07,RR,75820,896
2021-02-07,RS,564216,10995
2021-02-07,SC,594747,6524
2021-02-07,SE,140623,2827
2021-02-07,SP,1849334,54614
2021-02-07,TO,104737,1425
2021-02-08,AC,50694,893
2021-02-08,AL,121145,2814
2021-02-08,AM,283658,9116
2021-02-08,AP,78990,1083
2021-02-08,BA,609755,10412
2021-02-08,CE,384819,10619
2021-02-08,DF,281546,4631
2021-02-08,ES,303740,6019
2021-02-08,GO,362898,7725
2021-02-08,MA,210017,4787
2021-02-08,MG,776215,15967
2021-02-08,MS,166940,3053
2021-02-08,MT,225927,5248
2021-02-08,PA,341050,7854
2021-02-08,PB,198735,4158
2021-02-08,PE,271542,10508
2021-02-08,PI,163087,3139
2021-02-08,PR,571355,10432
2021-02-08,RJ,540087,30700
2021-02-08,RN,146782,3384
2021-02-08,RO,132167,2369
2021-02-08,RR,76043,896
2021-02-08,RS,564709,11028
2021-02-08,SC,595952,6557
2021-02-08,SE,141464,2834
2021-02-08,SP,1851776,54663
2021-02-08,TO,105184,1430
2021-02-09,AC,51269,900
2021-02-09,AL,121603,2822
2021-02-09,AM,285100,9285
2021-02-09,AP,79274,1086
2021-02-09,BA,613339,10452
2021-02-09,CE,387084,10652
2021-02-09,DF,282071,4641
2021-02-09,ES,304859,6043
2021-02-09,GO,365244,7767
2021-02-09,MA,210539,4798
2021-02-09,MG,780187,15990
2021-02-09,MS,167786,3070
2021-02-09,MT,226825,5268
2021-02-09,PA,342482,7864
2021-02-09,PB,199706,4171
2021-02-09,PE,273278,10546
2021-02-09,PI,163497,3149
2021-02-09,PR,575284,10548
2021-02-09,RJ,541096,30792
2021-02-09,RN,147739,3392
2021-02-09,RO,133113,2391
2021-02-09,RR,76327,924
2021-02-09,RS,568416,11115
2021-02-09,SC,598737,6601
2021-02-09,SE,142073,2842
2021-02-09,SP,1864977,55087
2021-02-09,TO,105577,1437
2021-02-10,AC,51679,902
2021-02-10,AL,122025,2831
2021-02-10,AM,287844,9452
2021-02-10,AP,79504,1089
2021-02-10,BA,616789,10496
2021-02-10,CE,388049,10670
2021-02-10,DF,282649,4649
2021-02-10,ES,306429,6069
2021-02-10,GO,367415,7821
2021-02-10,MA,211053,4810
2021-02-10,MG,786653,16233
2021-02-10,MS,168608,3090
2021-02-10,MT,228005,5295
2021-02-10,PA,344363,7874
2021-02-10,PB,200846,4182
2021-02-10,PE,274809,10577
2021-02-10,PI,164162,3156
2021-02-10,PR,577734,10570
2021-02-10,RJ,547081,30950
2021-02-10,RN,148714,3401
2021-02-10,RO,133983,2433
2021-02-10,RR,76636,937
2021-02-10,RS,574012,11169
2021-02-10,SC,601833,6626
2021-02-10,SE,142901,2849
2021-02-10,SP,1878802,55419
2021-02-10,TO,105998,1444
2021-02-11,AC,52172,907
2021-02-11,AL,122491,2839
2021-02-11,AM,290049,9619
2021-02-11,AP,79835,1093
2021-02-11,BA,620042,10543
2021-02-11,CE,390857,10741
2021-02-11,DF,283194,4660
2021-02-11,ES,307963,6093
2021-02-11,GO,369203,7901
2021-02-11,MA,211644,4821
2021-02-11,MG,793157,16405
2021-02-11,MS,169308,3100
2021-02-11,MT,229172,5313
2021-02-11,PA,346146,7924
2021-02-11,PB,201976,4198
2021-02-11,PE,276452,10597
2021-02-11,PI,164858,3166
2021-02-11,PR,581195,10614
2021-02-11,RJ,549114,31134
2021-02-11,RN,149285,3412
2021-02-11,RO,134697,2455
2021-02-11,RR,76973,962
2021-02-11,RS,577345,11244
2021-02-11,SC,605183,6650
2021-02-11,SE,143400,2855
2021-02-11,SP,1889969,55742
2021-02-11,TO,106494,1447
2021-02-12,AC,52548,910
2021-02-12,AL,122999,2848
2021-02-12,AM,292494,9753
2021-02-12,AP,80191,1098
2021-02-12,BA,623678,10610
2021-02-12,CE,390857,10741
2021-02-12,DF,283706,4671
2021-02-12,ES,309399,6116
2021-02-12,GO,370773,7955
2021-02-12,MA,212203,4831
2021-02-12,MG,798711,16595
2021-02-12,MS,170126,3115
2021-02-12,MT,230522,5336
2021-02-12,PA,347500,7984
2021-02-12,PB,203113,4213
2021-02-12,PE,277832,10621
2021-02-12,PI,165319,3175
2021-02-12,PR,583786,10661
2021-02-12,RJ,551882,31283
2021-02-12,RN,149285,3412
2021-02-12,RO,135535,2482
2021-02-12,RR,77201,976
2021-02-12,RS,580518,11300
2021-02-12,SC,608544,6686
2021-02-12,SE,143837,2861
2021-02-12,SP,1901574,55971
2021-02-12,TO,106974,1451
2021-02-13,AC,52920,917
2021-02-13,AL,123625,2856
2021-02-13,AM,294322,9819
2021-02-13,AP,80374,1102
2021-02-13,BA,627265,10674
2021-02-13,CE,393650,10822
2021-02-13,DF,284301,4680
2021-02-13,ES,310175,6136
2021-02-13,GO,371169,7961
2021-02-13,MA,212720,4841
2021-02-13,MG,804063,16760
2021-02-13,MS,170522,3130
2021-02-13,MT,231550,5358
2021-02-13,PA,347963,7999
2021-02-13,PB,203943,4230
2021-02-13,PE,279637,10644
2021-02-13,PI,165857,3182
2021-02-13,PR,586944,10728
2021-02-13,RJ,554040,31383
2021-02-13,RN,149285,3412
2021-02-13,RO,135784,2484
2021-02-13,RR,77460,976
2021-02-13,RS,584024,11355
2021-02-13,SC,611299,6716
2021-02-13,SE,144493,2869
2021-02-13,SP,1911411,56191
2021-02-13,TO,107163,1455
2021-02-14,AC,53027,921
2021-02-14,AL,124295,2865
2021-02-14,AM,294954,9872
2021-02-14,AP,80528,1102
2021-02-14,BA,629849,10735
2021-02-14,CE,394906,10834
2021-02-14,DF,284838,4688
2021-02-14,ES,310763,6141
2021-02-14,GO,371545,7966
2021-02-14,MA,212874,4850
2021-02-14,MG,807247,16879
2021-02-14,MS,170917,3142
2021-02-14,MT,231762,5375
2021-02-14,PA,348448,8019
2021-02-14,PB,204584,4242
2021-02-14,PE,280528,10662
2021-02-14,PI,166098,3190
2021-02-14,PR,588088,10738
2021-02-14,RJ,554835,31487
2021-02-14,RN,158082,3435
2021-02-14,RO,136603,2509
2021-02-14,RR,77531,976
2021-02-14,RS,585346,11379
2021-02-14,SC,613164,6727
2021-02-14,SE,145029,2876
2021-02-14,SP,1913598,56266
2021-02-14,TO,107240,1457
2021-02-15,AC,53455,931
2021-02-15,AL,125044,2873
2021-02-15,AM,295879,9992
2021-02-15,AP,80663,1106
2021-02-15,BA,631645,10798
2021-02-15,CE,396495,10836
2021-02-15,DF,285576,4697
2021-02-15,ES,311278,6164
2021-02-15,GO,373530,8027
2021-02-15,MA,213087,4860
2021-02-15,MG,808693,16887
2021-02-15,MS,171828,3160
2021-02-15,MT,232818,5396
2021-02-15,PA,349671,8064
2021-02-15,PB,205579,4255
2021-02-15,PE,281331,10677
2021-02-15,PI,166589,3201
2021-02-15,PR,589494,10765
2021-02-15,RJ,555541,31512
2021-02-15,RN,158296,3438
2021-02-15,RO,137384,2533
2021-02-15,RR,77697,995
2021-02-15,RS,586315,11387
2021-02-15,SC,615441,6746
2021-02-15,SE,145677,2881
2021-02-15,SP,1915914,56304
2021-02-15,TO,107560,1458
2021-02-16,AC,53590,932
2021-02-16,AL,125676,2883
2021-02-16,AM,297687,10100
2021-02-16,AP,80940,1112
2021-02-16,BA,635494,10864
2021-02-16,CE,408555,10868
2021-02-16,DF,286137,4708
2021-02-16,ES,311685,6176
2021-02-16,GO,374495,8062
2021-02-16,MA,213478,4871
2021-02-16,MG,811742,16903
2021-02-16,MS,172402,3166
2021-02-16,MT,234173,5415
2021-02-16,PA,350338,8074
2021-02-16,PB,206397,4272
2021-02-16,PE,282913,10711
2021-02-16,PI,167102,3210
2021-02-16,PR,597494,10842
2021-02-16,RJ,563926,31630
2021-02-16,RN,158573,3446
2021-02-16,RO,138133,2561
2021-02-16,RR,78068,995
2021-02-16,RS,588212,11407
2021-02-16,SC,619198,6778
2021-02-16,SE,146094,2886
2021-02-16,SP,1927410,56702
2021-02-16,TO,107832,1461
2021-02-17,AC,53892,940
2021-02-17,AL,126326,2893
2021-02-17,AM,299495,10181
2021-02-17,AP,81211,1116
2021-02-17,BA,639227,10928
2021-02-17,CE,408555,10868
2021-02-17,DF,286720,4718
2021-02-17,ES,312614,6209
2021-02-17,GO,376313,8133
2021-02-17,MA,214058,4883
2021-02-17,MG,816901,17109
2021-02-17,MS,173235,3178
2021-02-17,MT,235874,5455
2021-02-17,PA,351472,8087
2021-02-17,PB,207411,4288
2021-02-17,PE,284840,10744
2021-02-17,PI,167624,3222
2021-02-17,PR,601554,10902
2021-02-17,RJ,564513,31701
2021-02-17,RN,158953,3459
2021-02-17,RO,139250,2586
2021-02-17,RR,78394,1024
2021-02-17,RS,590134,11479
2021-02-17,SC,622727,6804
2021-02-17,SE,146558,2893
2021-02-17,SP,1938712,56960
2021-02-17,TO,108397,1464
2021-02-18,AC,54130,948
2021-02-18,AL,126952,2903
2021-02-18,AM,301636,10286
2021-02-18,AP,81470,1120
2021-02-18,BA,643244,10995
2021-02-18,CE,408555,10896
2021-02-18,DF,287365,4728
2021-02-18,ES,313676,6234
2021-02-18,GO,378080,8203
2021-02-18,MA,214478,4895
2021-02-18,MG,822448,17249
2021-02-18,MS,174106,3186
2021-02-18,MT,237403,5484
2021-02-18,PA,353036,8163
2021-02-18,PB,208742,4306
2021-02-18,PE,287066,10780
2021-02-18,PI,168403,3232
2021-02-18,PR,604594,10992
2021-02-18,RJ,566928,31882
2021-02-18,RN,160250,3470
2021-02-18,RO,140205,2623
2021-02-18,RR,78822,1028
2021-02-18,RS,594259,11609
2021-02-18,SC,627386,6844
2021-02-18,SE,146837,2896
2021-02-18,SP,1949459,57240
2021-02-18,TO,108896,1470
2021-02-19,AC,54562,951
2021-02-19,AL,127341,2913
2021-02-19,AM,303586,10359
2021-02-19,AP,81689,1121
2021-02-19,BA,647384,11060
2021-02-19,CE,406973,10922
2021-02-19,DF,288229,4738
2021-02-19,ES,315310,6257
2021-02-19,GO,379911,8267
2021-02-19,MA,215223,4910
2021-02-19,MG,827437,17442
2021-02-19,MS,175113,3198
2021-02-19,MT,239687,5503
2021-02-19,PA,354587,8266
2021-02-19,PB,209933,4328
2021-02-19,PE,288424,10804
2021-02-19,PI,169186,3238
2021-02-19,PR,608226,11061
2021-02-19,RJ,569184,32045
2021-02-19,RN,160250,3472
2021-02-19,RO,141212,2667
2021-02-19,RR,79444,1037
2021-02-19,RS,598456,11666
2021-02-19,SC,631868,6891
2021-02-19,SE,147266,2901
2021-02-19,SP,1960564,57499
2021-02-19,TO,109518,1476
2021-02-20,AC,54743,957
2021-02-20,AL,127843,2923
2021-02-20,AM,305250,10409
2021-02-20,AP,81874,1121
2021-02-20,BA,651484,11128
2021-02-20,CE,408692,10944
2021-02-20,DF,288977,4747
2021-02-20,ES,316564,6264
2021-02-20,GO,380094,8278
2021-02-20,MA,215857,4924
2021-02-20,MG,837041,17594
2021-02-20,MS,175544,3204
2021-02-20,MT,240059,5524
2021-02-20,PA,355128,8278
2021-02-20,PB,211282,4344
2021-02-20,PE,289556,10839
2021-02-20,PI,169465,3242
2021-02-20,PR,612084,11120
2021-02-20,RJ,571434,32167
2021-02-20,RN,160671,3482
2021-02-20,RO,141709,2685
2021-02-20,RR,79606,1037
2021-02-20,RS,602668,11753
2021-02-20,SC,636445,6929
2021-02-20,SE,147599,2906
2021-02-20,SP,1971423,57743
2021-02-20,TO,109841,1481
2021-02-21,AC,54786,963
2021-02-21,AL,128192,2932
2021-02-21,AM,306003,10462
2021-02-21,AP,82018,1121
2021-02-21,BA,653335,11191
2021-02-21,CE,410907,10968
2021-02-21,DF,289820,4757
2021-02-21,ES,317739,6276
2021-02-21,GO,380286,8288
2021-02-21,MA,215942,4936
2021-02-21,MG,840315,17714
2021-02-21,MS,175973,3224
2021-02-21,MT,240371,5534
2021-02-21,PA,355745,8322
2021-02-21,PB,212286,4356
2021-02-21,PE,290500,10849
2021-02-21,PI,169722,3249
2021-02-21,PR,615066,11142
2021-02-21,RJ,572007,32173
2021-02-21,RN,161964,3520
2021-02-21,RO,142222,2690
2021-02-21,RR,79818,1037
2021-02-21,RS,604385,11771
2021-02-21,SC,638984,6961
2021-02-21,SE,148026,2909
2021-02-21,SP,1975927,57799
2021-02-21,TO,110077,1485
2021-02-22,AC,54969,968
2021-02-22,AL,128501,2940
2021-02-22,AM,307164,10522
2021-02-22,AP,82378,1125
2021-02-22,BA,655481,11254
2021-02-22,CE,411904,11008
2021-02-22,DF,290771,4766
2021-02-22,ES,318812,6298
2021-02-22,GO,383150,8331
2021-02-22,MA,216210,4949
2021-02-22,MG,842377,17733
2021-02-22,MS,177158,3241
2021-02-22,MT,241429,5560
2021-02-22,PA,357595,8353
2021-02-22,PB,213227,4379
2021-02-22,PE,291189,10863
2021-02-22,PI,170355,3260
2021-02-22,PR,617165,11156
2021-02-22,RJ,572866,32256
2021-02-22,RN,162499,3542
2021-02-22,RO,143085,2721
2021-02-22,RR,80097,1061
2021-02-22,RS,606414,11820
2021-02-22,SC,641840,6988
2021-02-22,SE,148372,2914
2021-02-22,SP,1978477,57842
2021-02-22,TO,110761,1490
2021-02-23,AC,55591,974
2021-02-23,AL,129046,2949
2021-02-23,AM,309311,10573
2021-02-23,AP,82606,1127
2021-02-23,BA,660506,11320
2021-02-23,CE,414492,11072
2021-02-23,DF,291353,4775
2021-02-23,ES,320183,6323
2021-02-23,GO,385847,8383
2021-02-23,MA,216647,4962
2021-02-23,MG,847763,17774
2021-02-23,MS,178250,3246
2021-02-23,MT,243172,5602
2021-02-23,PA,359289,8383
2021-02-23,PB,214207,4404
2021-02-23,PE,292913,10887
2021-02-23,PI,171032,3274
2021-02-23,PR,623440,11293
2021-02-23,RJ,573275,32403
2021-02-23,RN,163472,3563
2021-02-23,RO,144184,2745
2021-02-23,RR,80472,1074
2021-02-23,RS,612191,11932
2021-02-23,SC,648017,7044
2021-02-23,SE,148627,2921
2021-02-23,SP,1990554,58199
2021-02-23,TO,111370,1496
2021-02-24,AC,55881,975
2021-02-24,AL,129445,2959
2021-02-24,AM,310919,10642
2021-02-24,AP,82868,1131
2021-02-24,BA,664904,11388
2021-02-24,CE,416790,11104
2021-02-24,DF,292714,4791
2021-02-24,ES,321630,6340
2021-02-24,GO,388554,8431
2021-02-24,MA,217302,4977
2021-02-24,MG,853459,17974
2021-02-24,MS,179144,3270
2021-02-24,MT,245022,5624
2021-02-24,PA,360629,8435
2021-02-24,PB,215527,4420
2021-02-24,PE,294479,10911
2021-02-24,PI,171668,3289
2021-02-24,PR,627907,11358
2021-02-24,RJ,577183,32574
2021-02-24,RN,164761,3577
2021-02-24,RO,145427,2787
2021-02-24,RR,80923,1083
2021-02-24,RS,619385,12029
2021-02-24,SC,652895,7114
2021-02-24,SE,149077,2930
2021-02-24,SP,2002640,58528
2021-02-24,TO,112054,1503
2021-02-25,AC,56257,982
2021-02-25,AL,129917,2969
2021-02-25,AM,312339,10728
2021-02-25,AP,83062,1135
2021-02-25,BA,669821,11488
2021-02-25,CE,420369,11184
2021-02-25,DF,293782,4805
2021-02-25,ES,323043,6362
2021-02-25,GO,391196,8452
2021-02-25,MA,218156,4994
2021-02-25,MG,862502,18135
2021-02-25,MS,180058,3293
2021-02-25,MT,246993,5655
2021-02-25,PA,362488,8519
2021-02-25,PB,217121,4433
2021-02-25,PE,295681,10926
2021-02-25,PI,172525,3305
2021-02-25,PR,633553,11467
2021-02-25,RJ,579118,32771
2021-02-25,RN,166305,3587
2021-02-25,RO,146426,2801
2021-02-25,RR,81281,1092
2021-02-25,RS,624831,12149
2021-02-25,SC,657649,7165
2021-02-25,SE,149637,2940
2021-02-25,SP,2014529,58873
2021-02-25,TO,112823,1509
2021-02-26,AC,56731,986
2021-02-26,AL,130586,2982
2021-02-26,AM,313911,10784
2021-02-26,AP,83279,1136
2021-02-26,BA,674384,11625
2021-02-26,CE,422782,11259
2021-02-26,DF,294911,4819
2021-02-26,ES,324226,6388
2021-02-26,GO,395386,8500
2021-02-26,MA,218435,5012
2021-02-26,MG,869230,18276
2021-02-26,MS,180986,3306
2021-02-26,MT,248507,5677
2021-02-26,PA,363916,8577
2021-02-26,PB,218307,4451
2021-02-26,PE,297404,10945
2021-02-26,PI,173290,3326
2021-02-26,PR,638096,11539
2021-02-26,RJ,579542,32909
2021-02-26,RN,166305,3587
2021-02-26,RO,147377,2817
2021-02-26,RR,81776,1100
2021-02-26,RS,632019,12226
2021-02-26,SC,663699,7242
2021-02-26,SE,150042,2947
2021-02-26,SP,2026125,59129
2021-02-26,TO,113594,1517
2021-02-27,AC,57337,996
2021-02-27,AL,131069,2992
2021-02-27,AM,315599,10831
2021-02-27,AP,83505,1139
2021-02-27,BA,680904,11729
2021-02-27,CE,424599,11280
2021-02-27,DF,295615,4831
2021-02-27,ES,325315,6397
2021-02-27,GO,395714,8517
2021-02-27,MA,219233,5032
2021-02-27,MG,874884,18431
2021-02-27,MS,181528,3319
2021-02-27,MT,249059,5694
2021-02-27,PA,364643,8591
2021-02-27,PB,219723,4471
2021-02-27,PE,298859,10974
2021-02-27,PI,173691,3335
2021-02-27,PR,643344,11635
2021-02-27,RJ,582164,33035
2021-02-27,RN,166895,3587
2021-02-27,RO,147999,2832
2021-02-27,RR,82049,1100
2021-02-27,RS,638996,12343
2021-02-27,SC,668811,7314
2021-02-27,SE,150533,2955
2021-02-27,SP,2037267,59428
2021-02-27,TO,113924,1526
2021-02-28,AC,57534,998
2021-02-28,AL,131749,3002
2021-02-28,AM,316088,10860
2021-02-28,AP,83663,1140
2021-02-28,BA,684037,11819
2021-02-28,CE,426511,11288
2021-02-28,DF,296694,4838
2021-02-28,ES,326305,6406
2021-02-28,GO,395916,8520
2021-02-28,MA,219307,5052
2021-02-28,MG,878705,18565
2021-02-28,MS,181981,3330
2021-02-28,MT,249418,5713
2021-02-28,PA,365411,8643
2021-02-28,PB,221115,4496
2021-02-28,PE,299475,10996
2021-02-28,PI,174008,3352
2021-02-28,PR,647032,11669
2021-02-28,RJ,583044,33080
2021-02-28,RN,168696,3633
2021-02-28,RO,148772,2850
2021-02-28,RR,82126,1100
2021-02-28,RS,640924,12392
2021-02-28,SC,670603,7358
2021-02-28,SE,151411,2961
2021-02-28,SP,2041628,59493
2021-02-28,TO,114467,1532
2021-03-01,AC,57894,1012
2021-03-01,AL,132248,3013
2021-03-01,AM,316668,10938
2021-03-01,AP,83885,1142
2021-03-01,BA,686057,11914
2021-03-01,CE,428314,11333
2021-03-01,DF,298836,4865
2021-03-01,ES,327515,6432
2021-03-01,GO,398652,8545
2021-03-01,MA,219632,5074
2021-03-01,MG,883105,18598
2021-03-01,MS,183105,3350
2021-03-01,MT,251044,5737
2021-03-01,PA,366613,8675
2021-03-01,PB,222259,4526
2021-03-01,PE,300104,11007
2021-03-01,PI,174546,3365
2021-03-01,PR,650236,11686
2021-03-01,RJ,583795,33093
2021-03-01,RN,169462,3661
2021-03-01,RO,149513,2870
2021-03-01,RR,82217,1114
2021-03-01,RS,643672,12470
2021-03-01,SC,675577,7438
2021-03-01,SE,152003,2969
2021-03-01,SP,2044699,59546
2021-03-01,TO,115341,1539
2021-03-02,AC,58081,1020
2021-03-02,AL,132704,3025
2021-03-02,AM,318244,11012
2021-03-02,AP,84177,1144
2021-03-02,BA,689454,12028
2021-03-02,CE,430184,11348
2021-03-02,DF,299399,4887
2021-03-02,ES,328601,6457
2021-03-02,GO,402554,8678
2021-03-02,MA,220453,5095
2021-03-02,MG,887080,18645
2021-03-02,MS,184117,3374
2021-03-02,MT,252288,5769
2021-03-02,PA,368310,8709
2021-03-02,PB,223169,4558
2021-03-02,PE,301434,11030
2021-03-02,PI,175550,3387
2021-03-02,PR,656410,11866
2021-03-02,RJ,585620,33176
2021-03-02,RN,170706,3675
2021-03-02,RO,151188,2916
2021-03-02,RR,82612,1117
2021-03-02,RS,649678,12654
2021-03-02,SC,681391,7524
2021-03-02,SE,152367,2976
2021-03-02,SP,2054867,60014
2021-03-02,TO,116038,1549
2021-03-03,AC,58506,1030
2021-03-03,AL,133223,3037
2021-03-03,AM,318948,11087
2021-03-03,AP,84483,1146
2021-03-03,BA,694783,12140
2021-03-03,CE,434154,11432
2021-03-03,DF,300919,4900
2021-03-03,ES,329643,6476
2021-03-03,GO,406579,8713
2021-03-03,MA,221032,5127
2021-03-03,MG,893645,18872
2021-03-03,MS,185112,3393
2021-03-03,MT,254211,5807
2021-03-03,PA,369880,8757
2021-03-03,PB,224287,4588
2021-03-03,PE,303047,11068
2021-03-03,PI,176349,3402
2021-03-03,PR,661109,11982
2021-03-03,RJ,587800,33362
2021-03-03,RN,171576,3700
2021-03-03,RO,152563,2944
2021-03-03,RR,83097,1143
2021-03-03,RS,657509,12833
2021-03-03,SC,688600,7618
2021-03-03,SE,152986,2984
2021-03-03,SP,2068616,60381
2021-03-03,TO,116912,1557
2021-03-04,AC,58884,1037
2021-03-04,AL,133800,3051
2021-03-04,AM,319872,11172
2021-03-04,AP,84808,1152
2021-03-04,BA,700768,12251
2021-03-04,CE,437923,11554
2021-03-04,DF,302185,4918
2021-03-04,ES,331328,6499
2021-03-04,GO,410024,8831
2021-03-04,MA,221884,5162
2021-03-04,MG,901535,19032
2021-03-04,MS,185883,3416
2021-03-04,MT,256933,5842
2021-03-04,PA,371227,8819
2021-03-04,PB,225672,4612
2021-03-04,PE,304732,11090
2021-03-04,PI,177307,3425
2021-03-04,PR,666509,12088
2021-03-04,RJ,589694,33466
2021-03-04,RN,173249,3735
2021-03-04,RO,154111,2991
2021-03-04,RR,83452,1160
2021-03-04,RS,667449,13021
2021-03-04,SC,694274,7709
2021-03-04,SE,153482,2993
2021-03-04,SP,2080852,60694
2021-03-04,TO,117728,1565
2021-03-05,AC,59500,1047
2021-03-05,AL,134423,3064
2021-03-05,AM,322227,11229
2021-03-05,AP,85065,1156
2021-03-05,BA,706375,12353
2021-03-05,CE,441484,11642
2021-03-05,DF,303685,4933
2021-03-05,ES,332890,6526
2021-03-05,GO,412205,8881
2021-03-05,MA,222481,5201
2021-03-05,MG,908869,19204
2021-03-05,MS,187073,3431
2021-03-05,MT,258407,5868
2021-03-05,PA,372488,8875
2021-03-05,PB,226536,4632
2021-03-05,PE,306320,11119
2021-03-05,PI,178539,3447
2021-03-05,PR,672179,12196
2021-03-05,RJ,591945,33607
2021-03-05,RN,173249,3735
2021-03-05,RO,155471,3040
2021-03-05,RR,83745,1167
2021-03-05,RS,676576,13188
2021-03-05,SC,700127,7816
2021-03-05,SE,154031,3003
2021-03-05,SP,2093924,61064
2021-03-05,TO,118244,1574
2021-03-06,AC,60070,1054
2021-03-06,AL,134953,3077
2021-03-06,AM,323610,11240
2021-03-06,AP,85375,1156
2021-03-06,BA,710900,12448
2021-03-06,CE,444221,11685
2021-03-06,DF,305377,4950
2021-03-06,ES,334214,6538
2021-03-06,GO,412281,8903
2021-03-06,MA,223201,5239
2021-03-06,MG,916205,19359
2021-03-06,MS,187615,3444
2021-03-06,MT,259218,5892
2021-03-06,PA,373041,8930
2021-03-06,PB,227976,4656
2021-03-06,PE,307984,11153
2021-03-06,PI,179304,3460
2021-03-06,PR,680777,12344
2021-03-06,RJ,592505,33712
2021-03-06,RN,173249,3735
2021-03-06,RO,156298,3067
2021-03-06,RR,83846,1167
2021-03-06,RS,686175,13370
2021-03-06,SC,705760,7894
2021-03-06,SE,154175,3013
2021-03-06,SP,2107687,61417
2021-03-06,TO,118942,1584
2021-03-07,AC,60288,1063
2021-03-07,AL,135570,3091
2021-03-07,AM,324103,11262
2021-03-07,AP,85578,1156
2021-03-07,BA,714005,12530
2021-03-07,CE,446613,11720
2021-03-07,DF,306251,4962
2021-03-07,ES,334887,6552
2021-03-07,GO,413189,8936
2021-03-07,MA,223489,5275
2021-03-07,MG,922573,19523
2021-03-07,MS,188267,3469
2021-03-07,MT,259574,5915
2021-03-07,PA,373643,8968
2021-03-07,PB,229194,4679
2021-03-07,PE,308284,11173
2021-03-07,PI,179588,3485
2021-03-07,PR,725797,12591
2021-03-07,RJ,594202,33717
2021-03-07,RN,175885,3776
2021-03-07,RO,157002,3082
2021-03-07,RR,83869,1167
2021-03-07,RS,688846,13449
2021-03-07,SC,707501,7964
2021-03-07,SE,155384,3023
2021-03-07,SP,2113738,61463
2021-03-07,TO,119323,1594
2021-03-08,AC,60656,1066
2021-03-08,AL,136111,3106
2021-03-08,AM,324564,11288
2021-03-08,AP,85879,1161
2021-03-08,BA,715418,12632
2021-03-08,CE,448542,11801
2021-03-08,DF,308539,4979
2021-03-08,ES,336218,6576
2021-03-08,GO,416763,9012
2021-03-08,MA,223822,5309
2021-03-08,MG,924572,19548
2021-03-08,MS,189155,3491
2021-03-08,MT,261851,5980
2021-03-08,PA,374931,9008
2021-03-08,PB,230206,4711
2021-03-08,PE,308657,11207
2021-03-08,PI,180475,3504
2021-03-08,PR,727823,12610
2021-03-08,RJ,594964,33729
2021-03-08,RN,177072,3805
2021-03-08,RO,158343,3148
2021-03-08,RR,83869,1191
2021-03-08,RS,691405,13562
2021-03-08,SC,709077,8062
2021-03-08,SE,156109,3032
2021-03-08,SP,2117962,61584
2021-03-08,TO,120228,1601
2021-03-09,AC,60721,1071
2021-03-09,AL,136763,3122
2021-03-09,AM,326174,11341
2021-03-09,AP,86346,1164
2021-03-09,BA,720068,12735
2021-03-09,CE,451279,11909
2021-03-09,DF,309547,5002
2021-03-09,ES,337582,6610
2021-03-09,GO,419939,9012
2021-03-09,MA,224369,5344
2021-03-09,MG,928402,19605
2021-03-09,MS,190392,3516
2021-03-09,MT,263631,6023
2021-03-09,PA,377051,9084
2021-03-09,PB,231406,4747
2021-03-09,PE,309976,11224
2021-03-09,PI,181560,3524
2021-03-09,PR,733223,12816
2021-03-09,RJ,597136,33824
2021-03-09,RN,178508,3834
2021-03-09,RO,159484,3180
2021-03-09,RR,83922,1203
2021-03-09,RS,703211,13837
2021-03-09,SC,712063,8170
2021-03-09,SE,156491,3043
2021-03-09,SP,2134020,62101
2021-03-09,TO,121232,1611
2021-03-10,AC,61121,1083
2021-03-10,AL,137343,3138
2021-03-10,AM,327523,11388
2021-03-10,AP,86674,1167
2021-03-10,BA,725567,12846
2021-03-10,CE,454325,12014
2021-03-10,DF,311098,5027
2021-03-10,ES,339054,6642
2021-03-10,GO,424259,9283
2021-03-10,MA,225334,5379
2021-03-10,MG,938811,19824
2021-03-10,MS,191326,3537
2021-03-10,MT,265474,6064
2021-03-10,PA,379196,9171
2021-03-10,PB,232771,4797
2021-03-10,PE,311558,11246
2021-03-10,PI,182650,3545
2021-03-10,PR,741568,13060
2021-03-10,RJ,599572,33893
2021-03-10,RN,179974,3857
2021-03-10,RO,161205,3240
2021-03-10,RR,84909,1216
2021-03-10,RS,713614,14087
2021-03-10,SC,711953,8277
2021-03-10,SE,157088,3057
2021-03-10,SP,2149561,62570
2021-03-10,TO,122426,1623
2021-03-11,AC,61394,1094
2021-03-11,AL,138069,3154
2021-03-11,AM,328763,11431
2021-03-11,AP,87095,1169
2021-03-11,BA,730542,12961
2021-03-11,CE,459782,12116
2021-03-11,DF,312956,5048
2021-03-11,ES,340936,6660
2021-03-11,GO,428581,9403
2021-03-11,MA,226172,5413
2021-03-11,MG,946556,20087
2021-03-11,MS,192430,3563
2021-03-11,MT,267566,6112
2021-03-11,PA,380924,9244
2021-03-11,PB,234254,4832
2021-03-11,PE,313227,11269
2021-03-11,PI,184059,3577
2021-03-11,PR,745898,13159
2021-03-11,RJ,601666,34083
2021-03-11,RN,181225,3885
2021-03-11,RO,162818,3278
2021-03-11,RR,85242,1226
2021-03-11,RS,720461,14363
2021-03-11,SC,717454,8377
2021-03-11,SE,157340,3072
2021-03-11,SP,2164066,63010
2021-03-11,TO,123537,1639
2021-03-12,AC,61709,1106
2021-03-12,AL,138933,3170
2021-03-12,AM,330010,11482
2021-03-12,AP,87479,1177
2021-03-12,BA,735666,13062
2021-03-12,CE,465531,12175
2021-03-12,DF,314521,5082
2021-03-12,ES,342446,6691
2021-03-12,GO,431294,9508
2021-03-12,MA,227156,5440
2021-03-12,MG,956468,20300
2021-03-12,MS,193629,3584
2021-03-12,MT,269616,6181
2021-03-12,PA,382212,9290
2021-03-12,PB,235619,4865
2021-03-12,PE,314793,11318
2021-03-12,PI,185192,3606
2021-03-12,PR,751562,13335
2021-03-12,RJ,604171,34210
2021-03-12,RN,181225,3885
2021-03-12,RO,164045,3313
2021-03-12,RR,85572,1232
2021-03-12,RS,730478,14554
2021-03-12,SC,724107,8502
2021-03-12,SE,157535,3088
2021-03-12,SP,2179786,63531
2021-03-12,TO,124722,1660
2021-03-13,AC,62332,1117
2021-03-13,AL,139645,3182
2021-03-13,AM,331172,11516
2021-03-13,AP,87792,1181
2021-03-13,BA,740148,13159
2021-03-13,CE,469723,12239
2021-03-13,DF,316181,5097
2021-03-13,ES,343791,6708
2021-03-13,GO,433095,9547
2021-03-13,MA,228004,5469
2021-03-13,MG,963889,20506
2021-03-13,MS,194346,3614
2021-03-13,MT,270169,6219
2021-03-13,PA,382872,9329
2021-03-13,PB,237313,4896
2021-03-13,PE,316424,11357
2021-03-13,PI,185844,3623
2021-03-13,PR,757791,13492
2021-03-13,RJ,606452,34304
2021-03-13,RN,181225,3919
2021-03-13,RO,164746,3346
2021-03-13,RR,85767,1232
2021-03-13,RS,739759,14885
2021-03-13,SC,728567,8615
2021-03-13,SE,158251,3105
2021-03-13,SP,2195130,63965
2021-03-13,TO,125392,1680
2021-03-14,AC,62620,1122
2021-03-14,AL,140342,3198
2021-03-14,AM,331768,11539
2021-03-14,AP,88047,1181
2021-03-14,BA,743064,13239
2021-03-14,CE,471693,12274
2021-03-14,DF,317880,5116
2021-03-14,ES,344765,6720
2021-03-14,GO,434711,9581
2021-03-14,MA,228411,5483
2021-03-14,MG,971379,20650
2021-03-14,MS,194882,3628
2021-03-14,MT,270633,6258
2021-03-14,PA,383704,9374
2021-03-14,PB,238569,4933
2021-03-14,PE,317528,11383
2021-03-14,PI,186101,3647
2021-03-14,PR,761643,13585
2021-03-14,RJ,606720,34329
2021-03-14,RN,181763,3937
2021-03-14,RO,165438,3367
2021-03-14,RR,85856,1232
2021-03-14,RS,742866,14957
2021-03-14,SC,730968,8695
2021-03-14,SE,158800,3123
2021-03-14,SP,2202983,64123
2021-03-14,TO,126131,1697
2021-03-15,AC,62940,1129
2021-03-15,AL,141390,3216
2021-03-15,AM,332309,11573
2021-03-15,AP,88363,1187
2021-03-15,BA,744227,13341
2021-03-15,CE,474978,12355
2021-03-15,DF,319936,5145
2021-03-15,ES,346544,6746
2021-03-15,GO,439021,9722
2021-03-15,MA,228827,5505
2021-03-15,MG,974594,20687
2021-03-15,MS,196094,3667
2021-03-15,MT,273174,6342
2021-03-15,PA,385536,9427
2021-03-15,PB,239594,4992
2021-03-15,PE,318449,11411
2021-03-15,PI,186897,3674
2021-03-15,PR,763786,13626
2021-03-15,RJ,607806,34330
2021-03-15,RN,182801,3988
2021-03-15,RO,166931,3415
2021-03-15,RR,86022,1250
2021-03-15,RS,744844,15105
2021-03-15,SC,733309,8791
2021-03-15,SE,159857,3141
2021-03-15,SP,2208242,64223
2021-03-15,TO,127093,1715
2021-03-16,AC,63378,1140
2021-03-16,AL,142544,3234
2021-03-16,AM,333608,11623
2021-03-16,AP,89118,1195
2021-03-16,BA,748835,13459
2021-03-16,CE,481071,12466
2021-03-16,DF,321365,5176
2021-03-16,ES,348970,6783
2021-03-16,GO,442724,9885
2021-03-16,MA,229496,5537
2021-03-16,MG,980687,20715
2021-03-16,MS,197541,3709
2021-03-16,MT,275434,6402
2021-03-16,PA,387960,9499
2021-03-16,PB,240398,5036
2021-03-16,PE,320931,11471
2021-03-16,PI,187960,3697
2021-03-16,PR,769609,13936
2021-03-16,RJ,608887,34445
2021-03-16,RN,183817,4054
2021-03-16,RO,168891,3464
2021-03-16,RR,86382,1261
2021-03-16,RS,754175,15606
2021-03-16,SC,740856,8958
2021-03-16,SE,160373,3163
2021-03-16,SP,2225926,64902
2021-03-16,TO,128258,1735
2021-03-17,AC,63721,1144
2021-03-17,AL,143338,3254
2021-03-17,AM,334432,11672
2021-03-17,AP,89822,1201
2021-03-17,BA,753584,13589
2021-03-17,CE,484921,12585
2021-03-17,DF,322686,5206
2021-03-17,ES,351116,6819
2021-03-17,GO,445591,9976
2021-03-17,MA,231075,5568
2021-03-17,MG,991732,21029
2021-03-17,MS,198795,3740
2021-03-17,MT,277537,6458
2021-03-17,PA,390874,9634
2021-03-17,PB,241592,5080
2021-03-17,PE,323176,11510
2021-03-17,PI,189115,3720
2021-03-17,PR,775070,14198
2021-03-17,RJ,612980,34586
2021-03-17,RN,183817,4054
2021-03-17,RO,170515,3519
2021-03-17,RR,86683,1269
2021-03-17,RS,763794,15819
2021-03-17,SC,746620,9121
2021-03-17,SE,161841,3187
2021-03-17,SP,2243868,65519
2021-03-17,TO,129539,1755
2021-03-18,AC,64234,1156
2021-03-18,AL,144412,3274
2021-03-18,AM,335394,11708
2021-03-18,AP,90597,1206
2021-03-18,BA,758168,13742
2021-03-18,CE,489224,12704
2021-03-18,DF,324576,5274
2021-03-18,ES,353377,6849
2021-03-18,GO,448848,10156
2021-03-18,MA,231874,5603
2021-03-18,MG,1003104,21303
2021-03-18,MS,200017,3775
2021-03-18,MT,280946,6524
2021-03-18,PA,393675,9682
2021-03-18,PB,242995,5123
2021-03-18,PE,325315,11563
2021-03-18,PI,190385,3740
2021-03-18,PR,781539,14389
2021-03-18,RJ,615930,34695
2021-03-18,RN,184497,4115
2021-03-18,RO,171718,3553
2021-03-18,RR,87032,1274
2021-03-18,RS,771000,16117
2021-03-18,SC,752060,9247
2021-03-18,SE,162651,3210
2021-03-18,SP,2261360,66178
2021-03-18,TO,130824,1775
2021-03-19,AC,64878,1168
2021-03-19,AL,145389,3294
2021-03-19,AM,337351,11743
2021-03-19,AP,91077,1216
2021-03-19,BA,762616,13885
2021-03-19,CE,494049,12799
2021-03-19,DF,326083,5321
2021-03-19,ES,355482,6888
2021-03-19,GO,451016,10234
2021-03-19,MA,232708,5640
2021-03-19,MG,1014079,21540
2021-03-19,MS,201125,3799
2021-03-19,MT,282614,6577
2021-03-19,PA,396302,9742
2021-03-19,PB,244264,5167
2021-03-19,PE,327526,11614
2021-03-19,PI,191845,3778
2021-03-19,PR,789685,14658
2021-03-19,RJ,618284,34830
2021-03-19,RN,184497,4115
2021-03-19,RO,173099,3589
2021-03-19,RR,87354,1281
2021-03-19,RS,780186,16507
2021-03-19,SC,757007,9381
2021-03-19,SE,163528,3234
2021-03-19,SP,2280033,66798
2021-03-19,TO,131765,1791
2021-03-20,AC,65275,1176
2021-03-20,AL,146396,3316
2021-03-20,AM,338376,11775
2021-03-20,AP,91515,1222
2021-03-20,BA,767134,14000
2021-03-20,CE,497030,12827
2021-03-20,DF,327822,5355
2021-03-20,ES,357763,6907
2021-03-20,GO,451591,10329
2021-03-20,MA,233764,5678
2021-03-20,MG,1023969,21764
2021-03-20,MS,202168,3826
2021-03-20,MT,284392,6649
2021-03-20,PA,397224,9796
2021-03-20,PB,245564,5212
2021-03-20,PE,329633,11638
2021-03-20,PI,192786,3801
2021-03-20,PR,794443,14840
2021-03-20,RJ,619228,35017
2021-03-20,RN,184497,4145
2021-03-20,RO,174047,3642
2021-03-20,RR,87554,1281
2021-03-20,RS,788704,16814
2021-03-20,SC,761196,9471
2021-03-20,SE,164590,3257
2021-03-20,SP,2298061,67414
2021-03-20,TO,132419,1806
2021-03-21,AC,65446,1181
2021-03-21,AL,147459,3338
2021-03-21,AM,339050,11791
2021-03-21,AP,92010,1222
2021-03-21,BA,768832,14099
2021-03-21,CE,498400,12870
2021-03-21,DF,328902,5382
2021-03-21,ES,359405,6928
2021-03-21,GO,452440,10364
2021-03-21,MA,234143,5690
2021-03-21,MG,1033562,22007
2021-03-21,MS,202831,3854
2021-03-21,MT,285016,6694
2021-03-21,PA,397829,9837
2021-03-21,PB,246382,5243
2021-03-21,PE,330649,11661
2021-03-21,PI,193411,3802
2021-03-21,PR,796589,14893
2021-03-21,RJ,621991,35131
2021-03-21,RN,186589,4196
2021-03-21,RO,175187,3677
2021-03-21,RR,87649,1281
2021-03-21,RS,791219,16869
2021-03-21,SC,764299,9539
2021-03-21,SE,165916,3276
2021-03-21,SP,2306326,67558
2021-03-21,TO,133050,1821
2021-03-22,AC,65959,1190
2021-03-22,AL,147882,3358
2021-03-22,AM,339510,11818
2021-03-22,AP,92462,1233
2021-03-22,BA,770430,14224
2021-03-22,CE,511019,12870
2021-03-22,DF,330756,5441
2021-03-22,ES,361717,6981
2021-03-22,GO,455997,10534
2021-03-22,MA,234635,5720
2021-03-22,MG,1036301,22055
2021-03-22,MS,204096,3895
2021-03-22,MT,288139,6817
2021-03-22,PA,400523,9899
2021-03-22,PB,247312,5272
2021-03-22,PE,331326,11698
2021-03-22,PI,194359,3851
2021-03-22,PR,799813,14969
2021-03-22,RJ,623460,35180
2021-03-22,RN,188222,4237
2021-03-22,RO,176207,3727
2021-03-22,RR,87866,1290
2021-03-22,RS,793008,17157
2021-03-22,SC,767652,9651
2021-03-22,SE,166617,3298
2021-03-22,SP,2311101,67602
2021-03-22,TO,134176,1838
2021-03-23,AC,66290,1201
2021-03-23,AL,148422,3378
2021-03-23,AM,340785,11836
2021-03-23,AP,93111,1243
2021-03-23,BA,774491,14357
2021-03-23,CE,511170,13048
2021-03-23,DF,332153,5503
2021-03-23,ES,363853,7053
2021-03-23,GO,461262,10599
2021-03-23,MA,235646,5759
2021-03-23,MG,1040198,22123
2021-03-23,MS,205712,3915
2021-03-23,MT,291138,6912
2021-03-23,PA,403353,9971
2021-03-23,PB,248452,5313
2021-03-23,PE,333498,11762
2021-03-23,PI,196010,3870
2021-03-23,PR,807157,15281
2021-03-23,RJ,626661,35331
2021-03-23,RN,189857,4282
2021-03-23,RO,177652,3777
2021-03-23,RR,88157,1301
2021-03-23,RS,801499,17499
2021-03-23,SC,774409,9833
2021-03-23,SE,167736,3322
2021-03-23,SP,2332043,68623
2021-03-23,TO,135018,1860
2021-03-24,AC,66744,1210
2021-03-24,AL,148996,3398
2021-03-24,AM,341968,11860
2021-03-24,AP,93689,1253
2021-03-24,BA,779321,14492
2021-03-24,CE,514748,13297
2021-03-24,DF,333348,5553
2021-03-24,ES,366120,7110
2021-03-24,GO,466024,10653
2021-03-24,MA,236832,5798
2021-03-24,MG,1053994,22497
2021-03-24,MS,206968,3975
2021-03-24,MT,293256,6973
2021-03-24,PA,406050,10011
2021-03-24,PB,249606,5354
2021-03-24,PE,336236,11807
2021-03-24,PI,197159,3919
2021-03-24,PR,812719,15454
2021-03-24,RJ,629553,35373
2021-03-24,RN,190914,4342
2021-03-24,RO,179178,3831
2021-03-24,RR,88458,1303
2021-03-24,RS,809039,17748
2021-03-24,SC,778711,9921
2021-03-24,SE,168536,3347
2021-03-24,SP,2352438,68904
2021-03-24,TO,136020,1885
2021-03-25,AC,67292,1217
2021-03-25,AL,149697,3421
2021-03-25,AM,343133,11893
2021-03-25,AP,94285,1258
2021-03-25,BA,783558,14631
2021-03-25,CE,516556,13313
2021-03-25,DF,335153,5610
2021-03-25,ES,368612,7161
2021-03-25,GO,470572,10874
2021-03-25,MA,238042,5837
2021-03-25,MG,1067919,22571
2021-03-25,MS,208495,4045
2021-03-25,MT,295979,7043
2021-03-25,PA,408908,10111
2021-03-25,PB,251278,5404
2021-03-25,PE,339022,11853
2021-03-25,PI,198664,3950
2021-03-25,PR,824050,15750
2021-03-25,RJ,632533,35563
2021-03-25,RN,193228,4388
2021-03-25,RO,180348,3876
2021-03-25,RR,88707,1318
2021-03-25,RS,815172,17941
2021-03-25,SC,786197,10108
2021-03-25,SE,169458,3368
2021-03-25,SP,2370885,69503
2021-03-25,TO,137128,1912
2021-03-26,AC,67777,1224
2021-03-26,AL,150366,3444
2021-03-26,AM,344224,11917
2021-03-26,AP,94967,1265
2021-03-26,BA,788296,14786
2021-03-26,CE,516556,13313
2021-03-26,DF,337294,5674
2021-03-26,ES,370338,7221
2021-03-26,GO,474084,11058
2021-03-26,MA,239077,5876
2021-03-26,MG,1081981,22887
2021-03-26,MS,210002,4078
2021-03-26,MT,298317,7130
2021-03-26,PA,411363,10192
2021-03-26,PB,252889,5452
2021-03-26,PE,341249,11915
2021-03-26,PI,200285,3967
2021-03-26,PR,828749,15939
2021-03-26,RJ,635712,35758
2021-03-26,RN,193228,4394
2021-03-26,RO,181845,3925
2021-03-26,RR,88980,1320
2021-03-26,RS,816275,18349
2021-03-26,SC,790362,10318
2021-03-26,SE,170413,3389
2021-03-26,SP,2392374,70696
2021-03-26,TO,138206,1942
2021-03-27,AC,68575,1229
2021-03-27,AL,151090,3467
2021-03-27,AM,345336,11939
2021-03-27,AP,95400,1268
2021-03-27,BA,791481,14886
2021-03-27,CE,522805,13564
2021-03-27,DF,338930,5717
2021-03-27,ES,372665,7249
2021-03-27,GO,474729,11130
2021-03-27,MA,239716,5910
2021-03-27,MG,1093539,23366
2021-03-27,MS,211282,4123
2021-03-27,MT,299702,7177
2021-03-27,PA,412122,10252
2021-03-27,PB,254299,5509
2021-03-27,PE,343406,11975
2021-03-27,PI,201517,3996
2021-03-27,PR,833786,16124
2021-03-27,RJ,638481,36026
2021-03-27,RN,193228,4413
2021-03-27,RO,182844,3966
2021-03-27,RR,89116,1320
2021-03-27,RS,828397,18680
2021-03-27,SC,793856,10419
2021-03-27,SE,171261,3411
2021-03-27,SP,2410498,71747
2021-03-27,TO,138840,1972
2021-03-28,AC,68742,1234
2021-03-28,AL,151824,3489
2021-03-28,AM,345810,11952
2021-03-28,AP,95649,1268
2021-03-28,BA,794437,14960
2021-03-28,CE,527185,13596
2021-03-28,DF,340166,5757
2021-03-28,ES,374215,7278
2021-03-28,GO,475463,11160
2021-03-28,MA,239953,5949
2021-03-28,MG,1100575,23687
2021-03-28,MS,212419,4164
2021-03-28,MT,300456,7241
2021-03-28,PA,412742,10313
2021-03-28,PB,255502,5552
2021-03-28,PE,344177,12006
2021-03-28,PI,202230,4028
2021-03-28,PR,836936,16190
2021-03-28,RJ,640467,36109
2021-03-28,RN,195186,4461
2021-03-28,RO,183642,3990
2021-03-28,RR,89164,1320
2021-03-28,RS,830630,18823
2021-03-28,SC,795391,10482
2021-03-28,SE,171701,3432
2021-03-28,SP,2420100,71991
2021-03-28,TO,139094,1984
2021-03-29,AC,68905,1240
2021-03-29,AL,152210,3511
2021-03-29,AM,346320,11974
2021-03-29,AP,96199,1279
2021-03-29,BA,795505,15050
2021-03-29,CE,531231,13724
2021-03-29,DF,341758,5818
2021-03-29,ES,376080,7367
2021-03-29,GO,478618,11352
2021-03-29,MA,240146,5991
2021-03-29,MG,1103687,23788
2021-03-29,MS,213869,4220
2021-03-29,MT,302652,7355
2021-03-29,PA,414986,10375
2021-03-29,PB,256470,5601
2021-03-29,PE,344567,12044
2021-03-29,PI,203458,4066
2021-03-29,PR,839764,16290
2021-03-29,RJ,641254,36149
2021-03-29,RN,196785,4508
2021-03-29,RO,184527,4046
2021-03-29,RR,89164,1320
2021-03-29,RS,832007,19020
2021-03-29,SC,798076,10594
2021-03-29,SE,172886,3456
2021-03-29,SP,2425320,72283
2021-03-29,TO,140018,2007
2021-03-30,AC,69103,1253
2021-03-30,AL,152866,3533
2021-03-30,AM,347810,11997
2021-03-30,AP,96910,1292
2021-03-30,BA,799429,15170
2021-03-30,CE,534983,13867
2021-03-30,DF,343111,5912
2021-03-30,ES,379612,7439
2021-03-30,GO,483376,11527
2021-03-30,MA,241577,6031
2021-03-30,MG,1111893,23915
2021-03-30,MS,215598,4277
2021-03-30,MT,305712,7443
2021-03-30,PA,417523,10426
2021-03-30,PB,257620,5671
2021-03-30,PE,346800,12118
2021-03-30,PI,205005,4104
2021-03-30,PR,843046,16521
2021-03-30,RJ,644754,36432
2021-03-30,RN,197809,4541
2021-03-30,RO,185410,4085
2021-03-30,RR,89525,1341
2021-03-30,RS,839070,19432
2021-03-30,SC,802998,10752
2021-03-30,SE,173693,3478
2021-03-30,SP,2446680,73492
2021-03-30,TO,140975,2032
2021-03-31,AC,69657,1262
2021-03-31,AL,153490,3554
2021-03-31,AM,349123,12015
2021-03-31,AP,97542,1302
2021-03-31,BA,803664,15330
2021-03-31,CE,539569,14149
2021-03-31,DF,344364,6029
2021-03-31,ES,382480,7500
2021-03-31,GO,486405,11711
2021-03-31,MA,242401,6070
2021-03-31,MG,1123913,24332
2021-03-31,MS,217457,4334
2021-03-31,MT,308546,7542
2021-03-31,PA,420372,10503
2021-03-31,PB,259173,5744
2021-03-31,PE,349231,12175
2021-03-31,PI,206631,4141
2021-03-31,PR,846105,16717
2021-03-31,RJ,647875,36727
2021-03-31,RN,197809,4548
2021-03-31,RO,187270,4143
2021-03-31,RR,89853,1346
2021-03-31,RS,845380,19736
2021-03-31,SC,806929,10885
2021-03-31,SE,174600,3501
2021-03-31,SP,2469849,74652
2021-03-31,TO,141913,2057
2021-04-01,AC,69988,1269
2021-04-01,AL,154199,3576
2021-04-01,AM,350288,12031
2021-04-01,AP,98044,1311
2021-04-01,BA,808461,15472
2021-04-01,CE,543754,14268
2021-04-01,DF,345682,6150
2021-04-01,ES,384474,7558
2021-04-01,GO,487370,11725
2021-04-01,MA,243720,6108
2021-04-01,MG,1135856,24728
2021-04-01,MS,218959,4376
2021-04-01,MT,310870,7630
2021-04-01,PA,421966,10619
2021-04-01,PB,260484,5791
2021-04-01,PE,352218,12249
2021-04-01,PI,207837,4181
2021-04-01,PR,851339,16941
2021-04-01,RJ,651914,37114
2021-04-01,RN,197994,4588
2021-04-01,RO,188336,4196
2021-04-01,RR,90109,1352
2021-04-01,RS,850220,20063
2021-04-01,SC,810787,11023
2021-04-01,SE,175582,3525
2021-04-01,SP,2496416,75734
2021-04-01,TO,142493,2079
2021-04-02,AC,70851,1280
2021-04-02,AL,154819,3598
2021-04-02,AM,351118,12048
2021-04-02,AP,98324,1318
2021-04-02,BA,811808,15599
2021-04-02,CE,547414,14305
2021-04-02,DF,346873,6207
2021-04-02,ES,386219,7604
2021-04-02,GO,488221,11815
2021-04-02,MA,244340,6149
2021-04-02,MG,1147578,25214
2021-04-02,MS,219857,4424
2021-04-02,MT,311900,7713
2021-04-02,PA,422442,10693
2021-04-02,PB,261711,5820
2021-04-02,PE,353997,12295
2021-04-02,PI,208974,4212
2021-04-02,PR,855908,17183
2021-04-02,RJ,653204,37218
2021-04-02,RN,199070,4616
2021-04-02,RO,189349,4233
2021-04-02,RR,90276,1352
2021-04-02,RS,858000,20234
2021-04-02,SC,813871,11125
2021-04-02,SE,176357,3550
2021-04-02,SP,2513178,76552
2021-04-02,TO,143072,2101
2021-04-03,AC,71062,1284
2021-04-03,AL,155810,3620
2021-04-03,AM,351864,12061
2021-04-03,AP,98604,1323
2021-04-03,BA,813794,15660
2021-04-03,CE,549267,14359
2021-04-03,DF,348687,6235
2021-04-03,ES,387833,7639
2021-04-03,GO,488933,11828
2021-04-03,MA,244563,6191
2021-04-03,MG,1153526,25534
2021-04-03,MS,220894,4481
2021-04-03,MT,312659,7790
2021-04-03,PA,422995,10727
2021-04-03,PB,262500,5866
2021-04-03,PE,354982,12349
2021-04-03,PI,209874,4240
2021-04-03,PR,857951,17257
2021-04-03,RJ,657139,37629
2021-04-03,RN,199644,4629
2021-04-03,RO,189997,4259
2021-04-03,RR,90350,1352
2021-04-03,RS,859253,20436
2021-04-03,SC,815113,11189
2021-04-03,SE,177261,3572
2021-04-03,SP,2520204,76750
2021-04-03,TO,143322,2107
2021-04-04,AC,71157,1291
2021-04-04,AL,156239,3643
2021-04-04,AM,352312,12072
2021-04-04,AP,98898,1323
2021-04-04,BA,815649,15710
2021-04-04,CE,552009,14407
2021-04-04,DF,349775,6288
2021-04-04,ES,388600,7672
2021-04-04,GO,490347,11849
2021-04-04,MA,244754,6236
2021-04-04,MG,1156435,25654
2021-04-04,MS,221725,4513
2021-04-04,MT,313269,7863
2021-04-04,PA,423691,10778
2021-04-04,PB,263581,5906
2021-04-04,PE,355617,12377
2021-04-04,PI,210843,4268
2021-04-04,PR,858988,17299
2021-04-04,RJ,658440,37687
2021-04-04,RN,201347,4676
2021-04-04,RO,190320,4278
2021-04-04,RR,90371,1352
2021-04-04,RS,860136,20499
2021-04-04,SC,816540,11243
2021-04-04,SE,178301,3592
2021-04-04,SP,2527400,77020
2021-04-04,TO,143651,2113
2021-04-05,AC,71330,1298
2021-04-05,AL,156522,3665
2021-04-05,AM,352976,12107
2021-04-05,AP,99237,1334
2021-04-05,BA,817722,15796
2021-04-05,CE,559431,14692
2021-04-05,DF,351163,6366
2021-04-05,ES,390884,7767
2021-04-05,GO,493292,12079
2021-04-05,MA,244995,6278
2021-04-05,MG,1159039,25713
2021-04-05,MS,223209,4571
2021-04-05,MT,315427,7988
2021-04-05,PA,426204,10825
2021-04-05,PB,264640,5949
2021-04-05,PE,356326,12421
2021-04-05,PI,212348,4298
2021-04-05,PR,860424,17405
2021-04-05,RJ,659237,37693
2021-04-05,RN,202393,4745
2021-04-05,RO,190995,4327
2021-04-05,RR,90582,1362
2021-04-05,RS,860924,20600
2021-04-05,SC,817884,11324
2021-04-05,SE,179278,3617
2021-04-05,SP,2532047,77165
2021-04-05,TO,144551,2133
2021-04-06,AC,71420,1306
2021-04-06,AL,157330,3688
2021-04-06,AM,353929,12136
2021-04-06,AP,99708,1346
2021-04-06,BA,821303,15918
2021-04-06,CE,564524,14884
2021-04-06,DF,352067,6449
2021-04-06,ES,393385,7877
2021-04-06,GO,497346,12240
2021-04-06,MA,245765,6321
2021-04-06,MG,1169489,25795
2021-04-06,MS,224697,4630
2021-04-06,MT,318139,8092
2021-04-06,PA,428880,10880
2021-04-06,PB,265457,6001
2021-04-06,PE,358505,12479
2021-04-06,PI,213660,4341
2021-04-06,PR,864677,17685
2021-04-06,RJ,660907,38040
2021-04-06,RN,203371,4821
2021-04-06,RO,192309,4368
2021-04-06,RR,90765,1367
2021-04-06,RS,868590,21018
2021-04-06,SC,821952,11548
2021-04-06,SE,179790,3642
2021-04-06,SP,2554841,78554
2021-04-06,TO,145374,2157
2021-04-07,AC,71880,1318
2021-04-07,AL,158069,3710
2021-04-07,AM,355027,12177
2021-04-07,AP,100292,1356
2021-04-07,BA,825015,16107
2021-04-07,CE,564524,14884
2021-04-07,DF,353206,6532
2021-04-07,ES,395947,7947
2021-04-07,GO,501233,12474
2021-04-07,MA,246665,6369
2021-04-07,MG,1182847,26303
2021-04-07,MS,225992,4717
2021-04-07,MT,321332,8204
2021-04-07,PA,431636,10975
2021-04-07,PB,267008,6050
2021-04-07,PE,361470,12541
2021-04-07,PI,215140,4379
2021-04-07,PR,869167,18118
2021-04-07,RJ,666025,38282
2021-04-07,RN,205054,4842
2021-04-07,RO,193630,4419
2021-04-07,RR,91036,1384
2021-04-07,RS,875450,21261
2021-04-07,SC,825860,11613
2021-04-07,SE,180483,3668
2021-04-07,SP,2576362,79443
2021-04-07,TO,146506,2181
2021-04-08,AC,72403,1325
2021-04-08,AL,158822,3732
2021-04-08,AM,355987,12202
2021-04-08,AP,100672,1371
2021-04-08,BA,828466,16232
2021-04-08,CE,575830,15066
2021-04-08,DF,354816,6609
2021-04-08,ES,398573,8016
2021-04-08,GO,503976,12606
2021-04-08,MA,247107,6416
2021-04-08,MG,1192050,26795
2021-04-08,MS,227226,4769
2021-04-08,MT,323023,8259
2021-04-08,PA,434386,11062
2021-04-08,PB,268179,6085
2021-04-08,PE,364354,12623
2021-04-08,PI,216353,4425
2021-04-08,PR,873972,18492
2021-04-08,RJ,671207,38657
2021-04-08,RN,206936,4871
2021-04-08,RO,195138,4464
2021-04-08,RR,91302,1387
2021-04-08,RS,879263,21538
2021-04-08,SC,829444,11759
2021-04-08,SE,181312,3693
2021-04-08,SP,2597366,80742
2021-04-08,TO,147231,2204
2021-04-09,AC,72897,1334
2021-04-09,AL,159511,3756
2021-04-09,AM,357159,12226
2021-04-09,AP,100948,1381
2021-04-09,BA,832749,16347
2021-04-09,CE,580916,15412
2021-04-09,DF,356558,6676
2021-04-09,ES,401033,8084
2021-04-09,GO,506687,12699
2021-04-09,MA,247747,6465
2021-04-09,MG,1208529,27250
2021-04-09,MS,228427,4821
2021-04-09,MT,325560,8342
2021-04-09,PA,437092,11143
2021-04-09,PB,269451,6118
2021-04-09,PE,366346,12686
2021-04-09,PI,217333,4462
2021-04-09,PR,877883,18803
2021-04-09,RJ,675027,39038
2021-04-09,RN,206936,4871
2021-04-09,RO,196270,4495
2021-04-09,RR,91616,1393
2021-04-09,RS,886149,21779
2021-04-09,SC,832834,11874
2021-04-09,SE,182014,3719
2021-04-09,SP,2618067,81750
2021-04-09,TO,147752,2227
2021-04-10,AC,73275,1339
2021-04-10,AL,160125,3780
2021-04-10,AM,357896,12245
2021-04-10,AP,101195,1386
2021-04-10,BA,835962,16445
2021-04-10,CE,584619,15427
2021-04-10,DF,357761,6709
2021-04-10,ES,402769,8133
2021-04-10,GO,507234,12764
2021-04-10,MA,248479,6512
2021-04-10,MG,1220638,27618
2021-04-10,MS,229419,4870
2021-04-10,MT,326901,8385
2021-04-10,PA,437805,11200
2021-04-10,PB,270931,6157
2021-04-10,PE,368700,12744
2021-04-10,PI,218653,4493
2021-04-10,PR,881493,18993
2021-04-10,RJ,678601,39298
2021-04-10,RN,207457,4884
2021-04-10,RO,197008,4525
2021-04-10,RR,91782,1393
2021-04-10,RS,890558,21864
2021-04-10,SC,834212,11966
2021-04-10,SE,183112,3744
2021-04-10,SP,2635378,82407
2021-04-10,TO,148065,2248
2021-04-11,AC,73425,1343
2021-04-11,AL,161353,3802
2021-04-11,AM,358431,12257
2021-04-11,AP,101378,1390
2021-04-11,BA,839395,16516
2021-04-11,CE,588599,15478
2021-04-11,DF,359122,6754
2021-04-11,ES,404205,8167
2021-04-11,GO,507742,12783
2021-04-11,MA,249433,6557
2021-04-11,MG,1225818,28004
2021-04-11,MS,230189,4907
2021-04-11,MT,327658,8430
2021-04-11,PA,438251,11251
2021-04-11,PB,271325,6176
2021-04-11,PE,369487,12803
2021-04-11,PI,219366,4529
2021-04-11,PR,883365,19076
2021-04-11,RJ,679654,39423
2021-04-11,RN,209536,4946
2021-04-11,RO,197624,4548
2021-04-11,RR,91849,1393
2021-04-11,RS,891554,21881
2021-04-11,SC,834448,12016
2021-04-11,SE,184113,3770
2021-04-11,SP,2643534,82917
2021-04-11,TO,148347,2269
2021-04-12,AC,73613,1353
2021-04-12,AL,161502,3826
2021-04-12,AM,358920,12271
2021-04-12,AP,101647,1402
2021-04-12,BA,840976,16611
2021-04-12,CE,591351,15533
2021-04-12,DF,360124,6840
2021-04-12,ES,405401,8216
2021-04-12,GO,511451,13039
2021-04-12,MA,250868,6601
2021-04-12,MG,1228659,28090
2021-04-12,MS,231511,4940
2021-04-12,MT,329632,8532
2021-04-12,PA,440950,11328
2021-04-12,PB,272811,6234
2021-04-12,PE,370225,12837
2021-04-12,PI,220336,4586
2021-04-12,PR,884065,19159
2021-04-12,RJ,680357,39444
2021-04-12,RN,209536,4947
2021-04-12,RO,198513,4569
2021-04-12,RR,92099,1408
2021-04-12,RS,892087,22047
2021-04-12,SC,839135,12099
2021-04-12,SE,184959,3796
2021-04-12,SP,2648844,83098
2021-04-12,TO,149269,2289
2021-04-13,AC,74007,1367
2021-04-13,AL,162216,3850
2021-04-13,AM,359915,12294
2021-04-13,AP,101956,1419
2021-04-13,BA,845080,16713
2021-04-13,CE,597518,15650
2021-04-13,DF,361023,6906
2021-04-13,ES,406941,8310
2021-04-13,GO,515153,13155
2021-04-13,MA,251676,6647
2021-04-13,MG,1235972,28152
2021-04-13,MS,232849,5005
2021-04-13,MT,332154,8621
2021-04-13,PA,443191,11443
2021-04-13,PB,274083,6274
2021-04-13,PE,372756,12905
2021-04-13,PI,221617,4633
2021-04-13,PR,890682,19531
2021-04-13,RJ,684758,39791
2021-04-13,RN,211146,5022
2021-04-13,RO,199832,4614
2021-04-13,RR,92512,1417
2021-04-13,RS,898514,22388
2021-04-13,SC,842461,12231
2021-04-13,SE,186018,3822
2021-04-13,SP,2667241,84380
2021-04-13,TO,150210,2309
2021-04-14,AC,74533,1374
2021-04-14,AL,163018,3874
2021-04-14,AM,360735,12319
2021-04-14,AP,102260,1432
2021-04-14,BA,848627,16859
2021-04-14,CE,597518,15650
2021-04-14,DF,362379,6972
2021-04-14,ES,409315,8412
2021-04-14,GO,517936,13306
2021-04-14,MA,252458,6691
2021-04-14,MG,1247258,28636
2021-04-14,MS,233948,5055
2021-04-14,MT,334341,8714
2021-04-14,PA,445864,11555
2021-04-14,PB,275301,6316
2021-04-14,PE,375115,12988
2021-04-14,PI,223251,4659
2021-04-14,PR,893040,19715
2021-04-14,RJ,688797,40091
2021-04-14,RN,212201,5058
2021-04-14,RO,200700,4666
2021-04-14,RR,92902,1422
2021-04-14,RS,904944,22565
2021-04-14,SC,845367,12313
2021-04-14,SE,186983,3849
2021-04-14,SP,2686031,85475
2021-04-14,TO,151243,2327
2021-04-15,AC,74664,1383
2021-04-15,AL,163807,3898
2021-04-15,AM,361628,12337
2021-04-15,AP,102531,1446
2021-04-15,BA,852458,17000
2021-04-15,CE,597518,15650
2021-04-15,DF,363344,7049
2021-04-15,ES,411584,8507
2021-04-15,GO,520713,13460
2021-04-15,MA,252848,6737
2021-04-15,MG,1257064,29105
2021-04-15,MS,235010,5099
2021-04-15,MT,336631,8786
2021-04-15,PA,448256,11635
2021-04-15,PB,276669,6347
2021-04-15,PE,376983,13051
2021-04-15,PI,224790,4693
2021-04-15,PR,896931,19986
2021-04-15,RJ,693046,40429
2021-04-15,RN,212802,5084
2021-04-15,RO,201848,4704
2021-04-15,RR,93259,1435
2021-04-15,RS,910522,22798
2021-04-15,SC,848672,12409
2021-04-15,SE,187656,3876
2021-04-15,SP,2704098,86535
2021-04-15,TO,151909,2345
2021-04-16,AC,75047,1395
2021-04-16,AL,164404,3921
2021-04-16,AM,362401,12352
2021-04-16,AP,102836,1456
2021-04-16,BA,855871,17134
2021-04-16,CE,609849,16075
2021-04-16,DF,364452,7125
2021-04-16,ES,413996,8587
2021-04-16,GO,523006,13565
2021-04-16,MA,254189,6783
2021-04-16,MG,1266271,29538
2021-04-16,MS,236087,5156
2021-04-16,MT,339095,8846
2021-04-16,PA,450277,11751
2021-04-16,PB,277793,6388
2021-04-16,PE,378852,13102
2021-04-16,PI,225796,4731
2021-04-16,PR,902626,20182
2021-04-16,RJ,697763,40716
2021-04-16,RN,212802,5093
2021-04-16,RO,203300,4737
2021-04-16,RR,93574,1445
2021-04-16,RS,915558,22977
2021-04-16,SC,852350,12480
2021-04-16,SE,188659,3903
2021-04-16,SP,2722077,87326
2021-04-16,TO,152684,2357
2021-04-17,AC,75334,1405
2021-04-17,AL,165461,3944
2021-04-17,AM,363102,12362
2021-04-17,AP,103002,1464
2021-04-17,BA,859760,17228
2021-04-17,CE,620272,16208
2021-04-17,DF,365646,7172
2021-04-17,ES,415601,8636
2021-04-17,GO,523769,13665
2021-04-17,MA,255281,6824
2021-04-17,MG,1275234,29940
2021-04-17,MS,237015,5193
2021-04-17,MT,340254,8880
2021-04-17,PA,450872,11866
2021-04-17,PB,279170,6414
2021-04-17,PE,380818,13179
2021-04-17,PI,226624,4758
2021-04-17,PR,905751,20297
2021-04-17,RJ,699422,41162
2021-04-17,RN,212802,5106
2021-04-17,RO,203728,4788
2021-04-17,RR,93752,1445
2021-04-17,RS,920426,23121
2021-04-17,SC,854727,12541
2021-04-17,SE,189573,3929
2021-04-17,SP,2739823,88097
2021-04-17,TO,152951,2374
2021-04-18,AC,75405,1418
2021-04-18,AL,166708,3968
2021-04-18,AM,363586,12371
2021-04-18,AP,103116,1467
2021-04-18,BA,862334,17303
2021-04-18,CE,623047,16235
2021-04-18,DF,366708,7210
2021-04-18,ES,416932,8673
2021-04-18,GO,524413,13676
2021-04-18,MA,255998,6866
2021-04-18,MG,1279549,30309
2021-04-18,MS,237714,5224
2021-04-18,MT,340903,8932
2021-04-18,PA,451192,11900
2021-04-18,PB,280063,6444
2021-04-18,PE,382164,13212
2021-04-18,PI,227910,4780
2021-04-18,PR,906990,20349
2021-04-18,RJ,703349,41310
2021-04-18,RN,215235,5165
2021-04-18,RO,204482,4801
2021-04-18,RR,93790,1445
2021-04-18,RS,921812,23192
2021-04-18,SC,855902,12582
2021-04-18,SE,190234,3955
2021-04-18,SP,2746217,88350
2021-04-18,TO,153251,2382
2021-04-19,AC,75599,1433
2021-04-19,AL,167039,3991
2021-04-19,AM,364028,12396
2021-04-19,AP,103374,1477
2021-04-19,BA,863764,17371
2021-04-19,CE,623781,16307
2021-04-19,DF,367969,7284
2021-04-19,ES,418642,8776
2021-04-19,GO,528546,13908
2021-04-19,MA,257369,6907
2021-04-19,MG,1281421,30397
2021-04-19,MS,238806,5282
2021-04-19,MT,342784,9016
2021-04-19,PA,453979,12019
2021-04-19,PB,280967,6478
2021-04-19,PE,383184,13248
2021-04-19,PI,229291,4802
2021-04-19,PR,909691,20424
2021-04-19,RJ,704265,41418
2021-04-19,RN,215460,5195
2021-04-19,RO,205207,4854
2021-04-19,RR,93957,1451
2021-04-19,RS,922550,23271
2021-04-19,SC,857875,12664
2021-04-19,SE,191537,3982
2021-04-19,SP,2750300,88528
2021-04-19,TO,154126,2396
2021-04-20,AC,75640,1445
2021-04-20,AL,167401,4014
2021-04-20,AM,364762,12431
2021-04-20,AP,103620,1483
2021-04-20,BA,868047,17456
2021-04-20,CE,627692,16452
2021-04-20,DF,368924,7344
2021-04-20,ES,420566,8892
2021-04-20,GO,531917,14084
2021-04-20,MA,258651,6951
2021-04-20,MG,1286271,30526
2021-04-20,MS,239918,5335
2021-04-20,MT,344720,9079
2021-04-20,PA,456628,12165
2021-04-20,PB,282039,6520
2021-04-20,PE,386027,13317
2021-04-20,PI,230952,4830
2021-04-20,PR,913494,20628
2021-04-20,RJ,708424,41745
2021-04-20,RN,215460,5195
2021-04-20,RO,206089,4914
2021-04-20,RR,94270,1466
2021-04-20,RS,928802,23515
2021-04-20,SC,861159,12760
2021-04-20,SE,192542,4009
2021-04-20,SP,2769360,89650
2021-04-20,TO,154764,2414
2021-04-21,AC,75879,1449
2021-04-21,AL,168272,4034
2021-04-21,AM,365433,12454
2021-04-21,AP,103733,1488
2021-04-21,BA,871672,17574
2021-04-21,CE,634609,16593
2021-04-21,DF,369808,7388
2021-04-21,ES,422077,8915
2021-04-21,GO,532735,14165
2021-04-21,MA,259569,6991
2021-04-21,MG,1298176,30994
2021-04-21,MS,240667,5374
2021-04-21,MT,345786,9141
2021-04-21,PA,457961,12263
2021-04-21,PB,283147,6549
2021-04-21,PE,388507,13380
2021-04-21,PI,232049,4858
2021-04-21,PR,917441,20809
2021-04-21,RJ,712525,42110
2021-04-21,RN,216783,5261
2021-04-21,RO,207030,4939
2021-04-21,RR,94566,1466
2021-04-21,RS,934970,23690
2021-04-21,SC,863842,12842
2021-04-21,SE,193271,4034
2021-04-21,SP,2786483,90627
2021-04-21,TO,155130,2428
2021-04-22,AC,76212,1458
2021-04-22,AL,168747,4054
2021-04-22,AM,365969,12474
2021-04-22,AP,103960,1497
2021-04-22,BA,873832,17687
2021-04-22,CE,640588,16676
2021-04-22,DF,370686,7440
2021-04-22,ES,423974,9011
2021-04-22,GO,535017,14236
2021-04-22,MA,260305,7032
2021-04-22,MG,1302628,31386
2021-04-22,MS,241673,5422
2021-04-22,MT,347674,9221
2021-04-22,PA,460306,12354
2021-04-22,PB,284189,6576
2021-04-22,PE,389709,13425
2021-04-22,PI,233228,4886
2021-04-22,PR,920025,20959
2021-04-22,RJ,716103,42362
2021-04-22,RN,217645,5293
2021-04-22,RO,207593,4967
2021-04-22,RR,94769,1472
2021-04-22,RS,935839,23752
2021-04-22,SC,865550,12916
2021-04-22,SE,194312,4061
2021-04-22,SP,2793750,90810
2021-04-22,TO,155939,2440
2021-04-23,AC,76376,1465
2021-04-23,AL,169265,4074
2021-04-23,AM,366798,12494
2021-04-23,AP,104109,1502
2021-04-23,BA,877484,17804
2021-04-23,CE,645440,16947
2021-04-23,DF,371719,7494
2021-04-23,ES,425683,9092
2021-04-23,GO,537581,14436
2021-04-23,MA,261350,7063
2021-04-23,MG,1307937,31494
2021-04-23,MS,242658,5461
2021-04-23,MT,349534,9276
2021-04-23,PA,462294,12442
2021-04-23,PB,285323,6607
2021-04-23,PE,391740,13524
2021-04-23,PI,234401,4919
2021-04-23,PR,923580,21199
2021-04-23,RJ,720749,42634
2021-04-23,RN,217645,5309
2021-04-23,RO,208292,4999
2021-04-23,RR,95027,1472
2021-04-23,RS,942712,23975
2021-04-23,SC,868607,13014
2021-04-23,SE,195191,4088
2021-04-23,SP,2811562,91673
2021-04-23,TO,156442,2452
2021-04-24,AC,76603,1476
2021-04-24,AL,170138,4096
2021-04-24,AM,367342,12506
2021-04-24,AP,104237,1505
2021-04-24,BA,880803,17908
2021-04-24,CE,649484,16964
2021-04-24,DF,372563,7534
2021-04-24,ES,426706,9124
2021-04-24,GO,537727,14465
2021-04-24,MA,261649,7094
2021-04-24,MG,1319297,31987
2021-04-24,MS,243553,5514
2021-04-24,MT,350771,9308
2021-04-24,PA,462843,12504
2021-04-24,PB,286338,6629
2021-04-24,PE,393829,13570
2021-04-24,PI,235203,4955
2021-04-24,PR,927563,21481
2021-04-24,RJ,723580,42857
2021-04-24,RN,218045,5322
2021-04-24,RO,208887,5040
2021-04-24,RR,95223,1472
2021-04-24,RS,948425,24152
2021-04-24,SC,871982,13085
2021-04-24,SE,195993,4115
2021-04-24,SP,2827833,92548
2021-04-24,TO,156656,2464
2021-04-25,AC,76747,1480
2021-04-25,AL,170611,4117
2021-04-25,AM,367713,12517
2021-04-25,AP,104308,1507
2021-04-25,BA,884044,18003
2021-04-25,CE,652148,16995
2021-04-25,DF,373501,7569
2021-04-25,ES,427643,9165
2021-04-25,GO,538836,14510
2021-04-25,MA,261860,7099
2021-04-25,MG,1323153,32318
2021-04-25,MS,244200,5542
2021-04-25,MT,351394,9345
2021-04-25,PA,462976,12572
2021-04-25,PB,287340,6648
2021-04-25,PE,395563,13640
2021-04-25,PI,235682,4985
2021-04-25,PR,929097,21564
2021-04-25,RJ,724596,42914
2021-04-25,RN,221056,5381
2021-04-25,RO,209166,5048
2021-04-25,RR,95308,1472
2021-04-25,RS,948958,24196
2021-04-25,SC,873102,13119
2021-04-25,SE,196699,4137
2021-04-25,SP,2834321,92693
2021-04-25,TO,156890,2473
2021-04-26,AC,76971,1488
2021-04-26,AL,170902,4138
2021-04-26,AM,368139,12528
2021-04-26,AP,104518,1517
2021-04-26,BA,885855,18087
2021-04-26,CE,655133,17028
2021-04-26,DF,374588,7628
2021-04-26,ES,429034,9250
2021-04-26,GO,542478,14678
2021-04-26,MA,262246,7129
2021-04-26,MG,1325022,32414
2021-04-26,MS,245238,5581
2021-04-26,MT,353026,9425
2021-04-26,PA,464068,12664
2021-04-26,PB,288282,6676
2021-04-26,PE,396841,13687
2021-04-26,PI,236596,5020
2021-04-26,PR,931343,21650
2021-04-26,RJ,724858,42927
2021-04-26,RN,221569,5412
2021-04-26,RO,209688,5076
2021-04-26,RR,95484,1494
2021-04-26,RS,949965,24266
2021-04-26,SC,874770,13190
2021-04-26,SE,197562,4165
2021-04-26,SP,2838233,92798
2021-04-26,TO,156890,2473
2021-04-27,AC,77146,1500
2021-04-27,AL,171648,4159
2021-04-27,AM,368854,12562
2021-04-27,AP,104771,1524
2021-04-27,BA,889931,18194
2021-04-27,CE,661844,17178
2021-04-27,DF,375506,7669
2021-04-27,ES,430940,9320
2021-04-27,GO,546164,14815
2021-04-27,MA,263373,7164
2021-04-27,MG,1330018,32497
2021-04-27,MS,246326,5644
2021-04-27,MT,354670,9477
2021-04-27,PA,466894,12794
2021-04-27,PB,289319,6722
2021-04-27,PE,399437,13762
2021-04-27,PI,237845,5046
2021-04-27,PR,934663,21805
2021-04-27,RJ,729206,43288
2021-04-27,RN,222668,5445
2021-04-27,RO,210623,5109
2021-04-27,RR,95735,1494
2021-04-27,RS,956030,24458
2021-04-27,SC,878215,13301
2021-04-27,SE,198743,4192
2021-04-27,SP,2856225,93842
2021-04-27,TO,158332,2509
2021-04-28,AC,77298,1517
2021-04-28,AL,172322,4180
2021-04-28,AM,369488,12587
2021-04-28,AP,104964,1529
2021-04-28,BA,893276,18298
2021-04-28,CE,664449,17280
2021-04-28,DF,376727,7718
2021-04-28,ES,432694,9397
2021-04-28,GO,549017,14847
2021-04-28,MA,264625,7199
2021-04-28,MG,1342892,32985
2021-04-28,MS,247236,5686
2021-04-28,MT,356630,9536
2021-04-28,PA,469524,12884
2021-04-28,PB,290547,6753
2021-04-28,PE,402157,13868
2021-04-28,PI,239008,5067
2021-04-28,PR,938546,22013
2021-04-28,RJ,733764,43618
2021-04-28,RN,223753,5490
2021-04-28,RO,211271,5125
2021-04-28,RR,95983,1503
2021-04-28,RS,962667,24605
2021-04-28,SC,881152,13389
2021-04-28,SE,200024,4218
2021-04-28,SP,2873238,94656
2021-04-28,TO,159142,2529
2021-04-29,AC,77535,1525
2021-04-29,AL,173121,4200
2021-04-29,AM,370184,12615
2021-04-29,AP,105133,1536
2021-04-29,BA,897273,18391
2021-04-29,CE,667528,17418
2021-04-29,DF,377656,7761
2021-04-29,ES,434895,9458
2021-04-29,GO,550918,14968
2021-04-29,MA,265865,7237
2021-04-29,MG,1351739,33401
2021-04-29,MS,248185,5718
2021-04-29,MT,358355,9569
2021-04-29,PA,471559,12981
2021-04-29,PB,291559,6774
2021-04-29,PE,404668,13967
2021-04-29,PI,240420,5101
2021-04-29,PR,943020,22229
2021-04-29,RJ,737844,43965
2021-04-29,RN,224880,5506
2021-04-29,RO,212000,5143
2021-04-29,RR,96316,1508
2021-04-29,RS,966895,24753
2021-04-29,SC,884451,13461
2021-04-29,SE,201124,4246
2021-04-29,SP,2888158,95532
2021-04-29,TO,159716,2546
2021-04-30,AC,77803,1529
2021-04-30,AL,173662,4220
2021-04-30,AM,370776,12627
2021-04-30,AP,105754,1543
2021-04-30,BA,900841,18477
2021-04-30,CE,674717,17713
2021-04-30,DF,378783,7798
2021-04-30,ES,436681,9524
2021-04-30,GO,552461,15052
2021-04-30,MA,266910,7276
2021-04-30,MG,1359137,33699
2021-04-30,MS,249033,5759
2021-04-30,MT,359987,9617
2021-04-30,PA,472986,13083
2021-04-30,PB,292669,6796
2021-04-30,PE,406585,14038
2021-04-30,PI,240868,5124
2021-04-30,PR,947694,22397
2021-04-30,RJ,742615,44406
2021-04-30,RN,224880,5506
2021-04-30,RO,212738,5163
2021-04-30,RR,96576,1513
2021-04-30,RS,974969,24951
2021-04-30,SC,887935,13534
2021-04-30,SE,201779,4274
2021-04-30,SP,2903709,96191
2021-04-30,TO,160449,2559
2021-05-01,AC,78016,1534
2021-05-01,AL,174476,4240
2021-05-01,AM,371306,12636
2021-05-01,AP,105971,1549
2021-05-01,BA,905113,18561
2021-05-01,CE,677403,17767
2021-05-01,DF,379752,7826
2021-05-01,ES,437862,9536
2021-05-01,GO,553051,15091
2021-05-01,MA,267548,7311
2021-05-01,MG,1366602,34036
2021-05-01,MS,249958,5782
2021-05-01,MT,361256,9643
2021-05-01,PA,473539,13125
2021-05-01,PB,293717,6819
2021-05-01,PE,408763,14128
2021-05-01,PI,242336,5154
2021-05-01,PR,951882,22557
2021-05-01,RJ,745456,44619
2021-05-01,RN,225281,5506
2021-05-01,RO,213117,5181
2021-05-01,RR,96732,1513
2021-05-01,RS,979807,25086
2021-05-01,SC,890577,13592
2021-05-01,SE,203036,4302
2021-05-01,SP,2918044,96941
2021-05-01,TO,160685,2573
2021-05-02,AC,78152,1546
2021-05-02,AL,175169,4258
2021-05-02,AM,371718,12641
2021-05-02,AP,106174,1550
2021-05-02,BA,907121,18641
2021-05-02,CE,678271,17799
2021-05-02,DF,380639,7855
2021-05-02,ES,438769,9551
2021-05-02,GO,554020,15126
2021-05-02,MA,267635,7331
2021-05-02,MG,1370202,34289
2021-05-02,MS,250365,5812
2021-05-02,MT,361737,9677
2021-05-02,PA,474018,13163
2021-05-02,PB,294672,6844
2021-05-02,PE,409493,14180
2021-05-02,PI,242934,5182
2021-05-02,PR,953884,22611
2021-05-02,RJ,747449,44835
2021-05-02,RN,227542,5571
2021-05-02,RO,213256,5188
2021-05-02,RR,96771,1513
2021-05-02,RS,980412,25108
2021-05-02,SC,891697,13628
2021-05-02,SE,204134,4329
2021-05-02,SP,2923367,97058
2021-05-02,TO,160972,2587
2021-05-03,AC,78325,1552
2021-05-03,AL,175415,4275
2021-05-03,AM,372128,12658
2021-05-03,AP,106440,1561
2021-05-03,BA,909912,18730
2021-05-03,CE,688026,17844
2021-05-03,DF,381468,7883
2021-05-03,ES,439997,9622
2021-05-03,GO,557400,15256
2021-05-03,MA,268016,7366
2021-05-03,MG,1371818,34313
2021-05-03,MS,251369,5852
2021-05-03,MT,363277,9738
2021-05-03,PA,475744,13204
2021-05-03,PB,295458,6872
2021-05-03,PE,410453,14206
2021-05-03,PI,243972,5203
2021-05-03,PR,955247,22674
2021-05-03,RJ,748614,44897
2021-05-03,RN,228097,5594
2021-05-03,RO,213766,5215
2021-05-03,RR,96966,1514
2021-05-03,RS,980806,25165
2021-05-03,SC,893367,13674
2021-05-03,SE,205209,4357
2021-05-03,SP,2926516,97172
2021-05-03,TO,161738,2601
2021-05-04,AC,78440,1555
2021-05-04,AL,175946,4293
2021-05-04,AM,372803,12678
2021-05-04,AP,106693,1566
2021-05-04,BA,913020,18812
2021-05-04,CE,693300,18098
2021-05-04,DF,382231,7926
2021-05-04,ES,441703,9682
2021-05-04,GO,559175,15275
2021-05-04,MA,268997,7403
2021-05-04,MG,1378545,34396
2021-05-04,MS,252449,5898
2021-05-04,MT,364814,9785
2021-05-04,PA,477743,13326
2021-05-04,PB,296587,6912
2021-05-04,PE,412786,14279
2021-05-04,PI,245160,5235
2021-05-04,PR,960761,22991
2021-05-04,RJ,753732,45232
2021-05-04,RN,229144,5627
2021-05-04,RO,214514,5251
2021-05-04,RR,97212,1529
2021-05-04,RS,986491,25417
2021-05-04,SC,896446,13791
2021-05-04,SE,206081,4384
2021-05-04,SP,2941980,98021
2021-05-04,TO,162321,2615
2021-05-05,AC,78610,1563
2021-05-05,AL,176835,4311
2021-05-05,AM,373402,12691
2021-05-05,AP,106946,1570
2021-05-05,BA,916951,18897
2021-05-05,CE,697560,18167
2021-05-05,DF,383030,7978
2021-05-05,ES,443221,9734
2021-05-05,GO,562788,15447
2021-05-05,MA,270139,7438
2021-05-05,MG,1387809,34837
2021-05-05,MS,253600,5937
2021-05-05,MT,366494,9825
2021-05-05,PA,480129,13391
2021-05-05,PB,297586,6939
2021-05-05,PE,414929,14333
2021-05-05,PI,246871,5260
2021-05-05,PR,965949,23249
2021-05-05,RJ,761216,45581
2021-05-05,RN,230040,5646
2021-05-05,RO,214879,5265
2021-05-05,RR,97540,1533
2021-05-05,RS,992471,25544
2021-05-05,SC,899768,13859
2021-05-05,SE,207326,4412
2021-05-05,SP,2956210,98710
2021-05-05,TO,163141,2630
2021-05-06,AC,78889,1568
2021-05-06,AL,177434,4329
2021-05-06,AM,373947,12707
2021-05-06,AP,107190,1573
2021-05-06,BA,920422,18980
2021-05-06,CE,701558,18265
2021-05-06,DF,384031,8026
2021-05-06,ES,444904,9791
2021-05-06,GO,564524,15493
2021-05-06,MA,271266,7473
2021-05-06,MG,1396534,35165
2021-05-06,MS,254715,5961
2021-05-06,MT,368087,9877
2021-05-06,PA,481963,13453
2021-05-06,PB,298776,6964
2021-05-06,PE,418003,14385
2021-05-06,PI,248239,5296
2021-05-06,PR,970957,23493
2021-05-06,RJ,770401,45914
2021-05-06,RN,231336,5666
2021-05-06,RO,215826,5281
2021-05-06,RR,97913,1534
2021-05-06,RS,995734,25668
2021-05-06,SC,903194,13931
2021-05-06,SE,208357,4441
2021-05-06,SP,2969680,99406
2021-05-06,TO,163841,2642
2021-05-07,AC,79100,1575
2021-05-07,AL,178288,4347
2021-05-07,AM,374577,12716
2021-05-07,AP,107377,1578
2021-05-07,BA,925001,19071
2021-05-07,CE,706540,18429
2021-05-07,DF,384851,8056
2021-05-07,ES,446608,9835
2021-05-07,GO,566342,15544
2021-05-07,MA,272523,7503
2021-05-07,MG,1404219,35424
2021-05-07,MS,255717,5990
2021-05-07,MT,369618,9909
2021-05-07,PA,483623,13511
2021-05-07,PB,299903,6996
2021-05-07,PE,420766,14434
2021-05-07,PI,249340,5324
2021-05-07,PR,977019,23623
2021-05-07,RJ,778662,46171
2021-05-07,RN,231336,5666
2021-05-07,RO,217153,5311
2021-05-07,RR,98152,1546
2021-05-07,RS,1003065,25807
2021-05-07,SC,906697,13992
2021-05-07,SE,209432,4469
2021-05-07,SP,2984182,99989
2021-05-07,TO,164460,2650
2021-05-08,AC,79276,1585
2021-05-08,AL,178913,4364
2021-05-08,AM,375072,12724
2021-05-08,AP,107587,1580
2021-05-08,BA,928437,19165
2021-05-08,CE,712525,18517
2021-05-08,DF,385763,8087
2021-05-08,ES,447566,9863
2021-05-08,GO,566683,15584
2021-05-08,MA,273217,7526
2021-05-08,MG,1411114,35750
2021-05-08,MS,256716,6028
2021-05-08,MT,370686,9951
2021-05-08,PA,484675,13540
2021-05-08,PB,300985,7018
2021-05-08,PE,423689,14491
2021-05-08,PI,250222,5351
2021-05-08,PR,982534,23777
2021-05-08,RJ,784506,46374
2021-05-08,RN,231512,5666
2021-05-08,RO,217524,5321
2021-05-08,RR,98343,1546
2021-05-08,RS,1007208,25901
2021-05-08,SC,909248,14033
2021-05-08,SE,210319,4498
2021-05-08,SP,2997282,100649
2021-05-08,TO,164698,2657
2021-05-09,AC,79351,1589
2021-05-09,AL,180103,4381
2021-05-09,AM,375283,12728
2021-05-09,AP,107797,1582
2021-05-09,BA,930593,19239
2021-05-09,CE,716862,18538
2021-05-09,DF,386688,8113
2021-05-09,ES,448243,9874
2021-05-09,GO,566999,15591
2021-05-09,MA,273303,7532
2021-05-09,MG,1415614,36011
2021-05-09,MS,257369,6044
2021-05-09,MT,370946,9980
2021-05-09,PA,484963,13559
2021-05-09,PB,301885,7039
2021-05-09,PE,424582,14518
2021-05-09,PI,250728,5376
2021-05-09,PR,984613,23791
2021-05-09,RJ,786087,46427
2021-05-09,RN,233836,5702
2021-05-09,RO,217644,5335
2021-05-09,RR,98372,1546
2021-05-09,RS,1007895,25933
2021-05-09,SC,910222,14056
2021-05-09,SE,211032,4526
2021-05-09,SP,3003067,100799
2021-05-09,TO,164943,2659
2021-05-10,AC,79476,1596
2021-05-10,AL,180409,4398
2021-05-10,AM,375603,12746
2021-05-10,AP,107899,1591
2021-05-10,BA,932031,19320
2021-05-10,CE,719925,18584
2021-05-10,DF,387520,8150
2021-05-10,ES,449702,9963
2021-05-10,GO,569625,15698
2021-05-10,MA,273658,7553
2021-05-10,MG,1416845,36062
2021-05-10,MS,258662,6069
2021-05-10,MT,372271,10048
2021-05-10,PA,486610,13611
2021-05-10,PB,302701,7055
2021-05-10,PE,426410,14550
2021-05-10,PI,251648,5397
2021-05-10,PR,989417,23925
2021-05-10,RJ,786757,46442
2021-05-10,RN,237437,5748
2021-05-10,RO,218166,5365
2021-05-10,RR,98575,1549
2021-05-10,RS,1008296,25990
2021-05-10,SC,911947,14095
2021-05-10,SE,211868,4554
2021-05-10,SP,3006250,100854
2021-05-10,TO,165599,2666
2021-05-11,AC,79510,1599
2021-05-11,AL,180975,4413
2021-05-11,AM,376298,12758
2021-05-11,AP,108094,1595
2021-05-11,BA,936275,19411
2021-05-11,CE,722420,18598
2021-05-11,DF,388286,8184
2021-05-11,ES,451485,10013
2021-05-11,GO,571419,15756
2021-05-11,MA,274799,7583
2021-05-11,MG,1423717,36122
2021-05-11,MS,260048,6106
2021-05-11,MT,374092,10079
2021-05-11,PA,488968,13675
2021-05-11,PB,303633,7087
2021-05-11,PE,429187,14639
2021-05-11,PI,253188,5423
2021-05-11,PR,992600,23993
2021-05-11,RJ,792073,46770
2021-05-11,RN,240216,5787
2021-05-11,RO,218956,5389
2021-05-11,RR,98875,1559
2021-05-11,RS,1013486,26176
2021-05-11,SC,914946,14185
2021-05-11,SE,213061,4583
2021-05-11,SP,3022568,101660
2021-05-11,TO,166214,2680
2021-05-12,AC,79718,1601
2021-05-12,AL,181659,4429
2021-05-12,AM,376893,12775
2021-05-12,AP,108287,1601
2021-05-12,BA,940584,19503
2021-05-12,CE,727045,18763
2021-05-12,DF,389178,8217
2021-05-12,ES,453497,10070
2021-05-12,GO,573672,15891
2021-05-12,MA,276062,7612
2021-05-12,MG,1433481,36495
2021-05-12,MS,261210,6123
2021-05-12,MT,375979,10115
2021-05-12,PA,491746,13779
2021-05-12,PB,305050,7122
2021-05-12,PE,431613,14719
2021-05-12,PI,254270,5447
2021-05-12,PR,997645,24074
2021-05-12,RJ,797033,47052
2021-05-12,RN,242372,5818
2021-05-12,RO,219688,5412
2021-05-12,RR,99155,1564
2021-05-12,RS,1018592,26318
2021-05-12,SC,918127,14243
2021-05-12,SE,213763,4612
2021-05-12,SP,3038240,102356
2021-05-12,TO,167067,2693
2021-05-13,AC,79955,1607
2021-05-13,AL,182433,4446
2021-05-13,AM,377559,12792
2021-05-13,AP,108454,1606
2021-05-13,BA,944724,19624
2021-05-13,CE,730521,18915
2021-05-13,DF,390117,8251
2021-05-13,ES,455400,10111
2021-05-13,GO,576691,15979
2021-05-13,MA,277166,7644
2021-05-13,MG,1442432,36753
2021-05-13,MS,262551,6163
2021-05-13,MT,377692,10157
2021-05-13,PA,494328,13828
2021-05-13,PB,306177,7150
2021-05-13,PE,434808,14798
2021-05-13,PI,255372,5469
2021-05-13,PR,1002677,24185
2021-05-13,RJ,803040,47355
2021-05-13,RN,249615,5832
2021-05-13,RO,220425,5434
2021-05-13,RR,99459,1568
2021-05-13,RS,1022473,26442
2021-05-13,SC,921340,14294
2021-05-13,SE,214662,4640
2021-05-13,SP,3053889,102934
2021-05-13,TO,167684,2704
2021-05-14,AC,80177,1608
2021-05-14,AL,182969,4462
2021-05-14,AM,378138,12808
2021-05-14,AP,108719,1610
2021-05-14,BA,948753,19739
2021-05-14,CE,734766,18995
2021-05-14,DF,390805,8275
2021-05-14,ES,457124,10164
2021-05-14,GO,579203,16081
2021-05-14,MA,278137,7674
2021-05-14,MG,1451836,37005
2021-05-14,MS,263945,6194
2021-05-14,MT,378708,10189
2021-05-14,PA,496924,13886
2021-05-14,PB,307542,7178
2021-05-14,PE,437783,14841
2021-05-14,PI,256434,5496
2021-05-14,PR,1012015,24330
2021-05-14,RJ,809971,47699
2021-05-14,RN,249615,5832
2021-05-14,RO,220719,5457
2021-05-14,RR,99768,1571
2021-05-14,RS,1026998,26550
2021-05-14,SC,924602,14351
2021-05-14,SE,215831,4669
2021-05-14,SP,3069804,103493
2021-05-14,TO,168268,2711
2021-05-15,AC,80338,1612
2021-05-15,AL,183703,4478
2021-05-15,AM,378645,12824
2021-05-15,AP,108880,1614
2021-05-15,BA,952796,19831
2021-05-15,CE,741469,19086
2021-05-15,DF,391688,8298
2021-05-15,ES,458321,10180
2021-05-15,GO,579404,16091
2021-05-15,MA,278595,7691
2021-05-15,MG,1459402,37283
2021-05-15,MS,265236,6202
2021-05-15,MT,379687,10213
2021-05-15,PA,498508,13947
2021-05-15,PB,308633,7201
2021-05-15,PE,440677,14906
2021-05-15,PI,257230,5515
2021-05-15,PR,1018196,24597
2021-05-15,RJ,815187,47951
2021-05-15,RN,250550,5832
2021-05-15,RO,221169,5475
2021-05-15,RR,100000,1571
2021-05-15,RS,1031239,26657
2021-05-15,SC,926993,14403
2021-05-15,SE,216548,4696
2021-05-15,SP,3085290,103995
2021-05-15,TO,168518,2720
2021-05-16,AC,80399,1614
2021-05-16,AL,184394,4493
2021-05-16,AM,378855,12831
2021-05-16,AP,109070,1615
2021-05-16,BA,955350,19894
2021-05-16,CE,744295,19117
2021-05-16,DF,392582,8317
2021-05-16,ES,459032,10197
2021-05-16,GO,579551,16098
2021-05-16,MA,278726,7700
2021-05-16,MG,1463543,37508
2021-05-16,MS,266139,6230
2021-05-16,MT,380373,10249
2021-05-16,PA,499176,13961
2021-05-16,PB,309712,7219
2021-05-16,PE,442363,14949
2021-05-16,PI,257554,5537
2021-05-16,PR,1023279,24670
2021-05-16,RJ,816015,48006
2021-05-16,RN,253364,5882
2021-05-16,RO,221387,5488
2021-05-16,RR,100084,1571
2021-05-16,RS,1031880,26685
2021-05-16,SC,928160,14434
2021-05-16,SE,217503,4718
2021-05-16,SP,3092844,104219
2021-05-16,TO,168831,2727
2021-05-17,AC,80561,1620
2021-05-17,AL,185070,4508
2021-05-17,AM,379167,12855
2021-05-17,AP,109272,1622
2021-05-17,BA,957267,19972
2021-05-17,CE,746597,19246
2021-05-17,DF,393631,8345
2021-05-17,ES,460743,10271
2021-05-17,GO,582630,16231
2021-05-17,MA,279085,7727
2021-05-17,MG,1465668,37557
2021-05-17,MS,267661,6280
2021-05-17,MT,382181,10292
2021-05-17,PA,501407,14016
2021-05-17,PB,310470,7248
2021-05-17,PE,443064,14980
2021-05-17,PI,259059,5556
2021-05-17,PR,1025645,24702
2021-05-17,RJ,817947,48024
2021-05-17,RN,254031,5914
2021-05-17,RO,221871,5501
2021-05-17,RR,100254,1579
2021-05-17,RS,1032330,26724
2021-05-17,SC,929621,14465
2021-05-17,SE,218603,4746
2021-05-17,SP,3096845,104295
2021-05-17,TO,169365,2737
2021-05-18,AC,80590,1625
2021-05-18,AL,185615,4523
2021-05-18,AM,379830,12879
2021-05-18,AP,109479,1628
2021-05-18,BA,961157,20054
2021-05-18,CE,749955,19346
2021-05-18,DF,394223,8366
2021-05-18,ES,462618,10328
2021-05-18,GO,585587,16280
2021-05-18,MA,280064,7758
2021-05-18,MG,1472801,37617
2021-05-18,MS,269557,6310
2021-05-18,MT,384002,10337
2021-05-18,PA,503349,14080
2021-05-18,PB,311355,7275
2021-05-18,PE,446093,15048
2021-05-18,PI,260812,5677
2021-05-18,PR,1032172,24857
2021-05-18,RJ,823456,48313
2021-05-18,RN,255204,5937
2021-05-18,RO,222676,5527
2021-05-18,RR,100700,1584
2021-05-18,RS,1038044,26901
2021-05-18,SC,933324,14584
2021-05-18,SE,219607,4774
2021-05-18,SP,3112624,105105
2021-05-18,TO,169950,2751
2021-05-19,AC,80688,1631
2021-05-19,AL,186122,4538
2021-05-19,AM,380416,12893
2021-05-19,AP,109625,1635
2021-05-19,BA,966268,20131
2021-05-19,CE,752754,19439
2021-05-19,DF,395213,8399
2021-05-19,ES,464253,10371
2021-05-19,GO,588934,16353
2021-05-19,MA,281250,7789
2021-05-19,MG,1483200,37927
2021-05-19,MS,271319,6350
2021-05-19,MT,385933,10375
2021-05-19,PA,505239,14115
2021-05-19,PB,312185,7302
2021-05-19,PE,449533,15127
2021-05-19,PI,262027,5697
2021-05-19,PR,1039201,25059
2021-05-19,RJ,828283,48662
2021-05-19,RN,256794,5970
2021-05-19,RO,223294,5545
2021-05-19,RR,101004,1589
2021-05-19,RS,1043927,27031
2021-05-19,SC,936823,14621
2021-05-19,SE,220619,4802
2021-05-19,SP,3129412,105852
2021-05-19,TO,170785,2760
2021-05-20,AC,80797,1632
2021-05-20,AL,187085,4554
2021-05-20,AM,381036,12903
2021-05-20,AP,109777,1645
2021-05-20,BA,971450,20205
2021-05-20,CE,758808,19668
2021-05-20,DF,396087,8422
2021-05-20,ES,466240,10420
2021-05-20,GO,591929,16479
2021-05-20,MA,282305,7821
2021-05-20,MG,1492530,38222
2021-05-20,MS,273261,6382
2021-05-20,MT,387932,10421
2021-05-20,PA,506810,14178
2021-05-20,PB,313077,7336
2021-05-20,PE,452721,15192
2021-05-20,PI,263251,5718
2021-05-20,PR,1046917,25203
2021-05-20,RJ,833014,49036
2021-05-20,RN,258099,5997
2021-05-20,RO,224144,5565
2021-05-20,RR,101398,1594
2021-05-20,RS,1049279,27167
2021-05-20,SC,940028,14679
2021-05-20,SE,221542,4831
2021-05-20,SP,3147348,106437
2021-05-20,TO,171614,2766
2021-05-21,AC,81235,1632
2021-05-21,AL,187476,4571
2021-05-21,AM,381635,12912
2021-05-21,AP,109906,1654
2021-05-21,BA,976251,20280
2021-05-21,CE,762353,19766
2021-05-21,DF,396985,8442
2021-05-21,ES,468066,10462
2021-05-21,GO,594542,16523
2021-05-21,MA,283414,7852
2021-05-21,MG,1501670,38549
2021-05-21,MS,275215,6430
2021-05-21,MT,389637,10459
2021-05-21,PA,508274,14212
2021-05-21,PB,314233,7370
2021-05-21,PE,456690,15258
2021-05-21,PI,264378,5737
2021-05-21,PR,1054127,25375
2021-05-21,RJ,837501,49250
2021-05-21,RN,258099,5997
2021-05-21,RO,224725,5589
2021-05-21,RR,101797,1602
2021-05-21,RS,1054119,27286
2021-05-21,SC,943706,14742
2021-05-21,SE,222466,4859
2021-05-21,SP,3163859,107017
2021-05-21,TO,172741,2773
2021-05-22,AC,81348,1633
2021-05-22,AL,188062,4589
2021-05-22,AM,382150,12915
2021-05-22,AP,110029,1656
2021-05-22,BA,980712,20363
2021-05-22,CE,768094,19811
2021-05-22,DF,397715,8450
2021-05-22,ES,469248,10491
2021-05-22,GO,594973,16538
2021-05-22,MA,284142,7876
2021-05-22,MG,1511756,38878
2021-05-22,MS,276877,6461
2021-05-22,MT,390958,10472
2021-05-22,PA,508448,14233
2021-05-22,PB,315648,7402
2021-05-22,PE,460279,15325
2021-05-22,PI,265216,5762
2021-05-22,PR,1059503,25481
2021-05-22,RJ,839623,49438
2021-05-22,RN,258099,5997
2021-05-22,RO,225076,5604
2021-05-22,RR,102019,1602
2021-05-22,RS,1059068,27399
2021-05-22,SC,946457,14789
2021-05-22,SE,223789,4887
2021-05-22,SP,3180595,107497
2021-05-22,TO,173109,2776
2021-05-23,AC,81413,1635
2021-05-23,AL,188958,4607
2021-05-23,AM,382487,12920
2021-05-23,AP,110403,1657
2021-05-23,BA,983587,20428
2021-05-23,CE,773008,19839
2021-05-23,DF,398450,8466
2021-05-23,ES,470074,10512
2021-05-23,GO,595513,16570
2021-05-23,MA,284301,7896
2021-05-23,MG,1516282,39086
2021-05-23,MS,278052,6492
2021-05-23,MT,391576,10501
2021-05-23,PA,508726,14264
2021-05-23,PB,316897,7420
2021-05-23,PE,462368,15365
2021-05-23,PI,265916,5787
2021-05-23,PR,1060683,25506
2021-05-23,RJ,840480,49515
2021-05-23,RN,260269,5997
2021-05-23,RO,225349,5611
2021-05-23,RR,102102,1602
2021-05-23,RS,1059990,27419
2021-05-23,SC,947810,14822
2021-05-23,SE,225257,4902
2021-05-23,SP,3188105,107614
2021-05-23,TO,173427,2781
2021-05-24,AC,81505,1642
2021-05-24,AL,189098,4625
2021-05-24,AM,382845,12925
2021-05-24,AP,110654,1663
2021-05-24,BA,984967,20499
2021-05-24,CE,775767,19848
2021-05-24,DF,399349,8483
2021-05-24,ES,471566,10589
2021-05-24,GO,597489,16639
2021-05-24,MA,284675,7919
2021-05-24,MG,1518725,39128
2021-05-24,MS,279867,6543
2021-05-24,MT,392961,10531
2021-05-24,PA,509926,14304
2021-05-24,PB,318261,7448
2021-05-24,PE,463736,15393
2021-05-24,PI,266733,5805
2021-05-24,PR,1062401,25563
2021-05-24,RJ,844442,49539
2021-05-24,RN,261753,6002
2021-05-24,RO,226107,5636
2021-05-24,RR,102289,1610
2021-05-24,RS,1060777,27468
2021-05-24,SC,949365,14873
2021-05-24,SE,226550,4927
2021-05-24,SP,3192727,107677
2021-05-24,TO,174414,2796
2021-05-25,AC,81651,1649
2021-05-25,AL,189586,4643
2021-05-25,AM,383380,12935
2021-05-25,AP,110853,1666
2021-05-25,BA,989909,20606
2021-05-25,CE,778444,19954
2021-05-25,DF,400188,8514
2021-05-25,ES,473327,10615
2021-05-25,GO,599661,16733
2021-05-25,MA,285838,7954
2021-05-25,MG,1525072,39176
2021-05-25,MS,281588,6572
2021-05-25,MT,395284,10561
2021-05-25,PA,511821,14367
2021-05-25,PB,320276,7484
2021-05-25,PE,467269,15465
2021-05-25,PI,268104,5828
2021-05-25,PR,1067717,25664
2021-05-25,RJ,848495,49672
2021-05-25,RN,262780,6021
2021-05-25,RO,226846,5656
2021-05-25,RR,102582,1612
2021-05-25,RS,1066265,27624
2021-05-25,SC,953027,14946
2021-05-25,SE,227659,4953
2021-05-25,SP,3210204,108575
2021-05-25,TO,175149,2813
2021-05-26,AC,81850,1652
2021-05-26,AL,190379,4661
2021-05-26,AM,383980,12943
2021-05-26,AP,111079,1673
2021-05-26,BA,995364,20726
2021-05-26,CE,783105,20138
2021-05-26,DF,400977,8537
2021-05-26,ES,475285,10651
2021-05-26,GO,602426,16864
2021-05-26,MA,286945,7990
2021-05-26,MG,1536112,39540
2021-05-26,MS,283302,6627
2021-05-26,MT,397448,10592
2021-05-26,PA,513477,14419
2021-05-26,PB,322538,7520
2021-05-26,PE,470063,15524
2021-05-26,PI,269088,5844
2021-05-26,PR,1073574,25777
2021-05-26,RJ,852280,49899
2021-05-26,RN,264415,6049
2021-05-26,RO,227438,5675
2021-05-26,RR,102812,1612
2021-05-26,RS,1071333,27756
2021-05-26,SC,956526,15006
2021-05-26,SE,228770,4980
2021-05-26,SP,3226875,109241
2021-05-26,TO,175765,2825
2021-05-27,AC,81980,1652
2021-05-27,AL,190985,4679
2021-05-27,AM,384634,12951
2021-05-27,AP,111280,1683
2021-05-27,BA,999463,20856
2021-05-27,CE,787273,20204
2021-05-27,DF,402182,8569
2021-05-27,ES,477257,10684
2021-05-27,GO,602460,16864
2021-05-27,MA,287974,8025
2021-05-27,MG,1545702,39784
2021-05-27,MS,284159,6683
2021-05-27,MT,399415,10633
2021-05-27,PA,514862,14447
2021-05-27,PB,324425,7556
2021-05-27,PE,472590,15595
2021-05-27,PI,269732,5863
2021-05-27,PR,1079255,25966
2021-05-27,RJ,855244,50125
2021-05-27,RN,265627,6077
2021-05-27,RO,227663,5680
2021-05-27,RR,102930,1612
2021-05-27,RS,1074634,27868
2021-05-27,SC,958906,15073
2021-05-27,SE,230636,5004
2021-05-27,SP,3239657,109850
2021-05-27,TO,176801,2839
2021-05-28,AC,82149,1655
2021-05-28,AL,191354,4697
2021-05-28,AM,385355,12966
2021-05-28,AP,111524,1685
2021-05-28,BA,1003523,20971
2021-05-28,CE,790459,20323
2021-05-28,DF,403175,8600
2021-05-28,ES,478964,10709
2021-05-28,GO,606770,16986
2021-05-28,MA,289019,8063
2021-05-28,MG,1555284,40026
2021-05-28,MS,287157,6741
2021-05-28,MT,401409,10672
2021-05-28,PA,516277,14478
2021-05-28,PB,326342,7589
2021-05-28,PE,473326,15657
2021-05-28,PI,271228,5888
2021-05-28,PR,1084380,26168
2021-05-28,RJ,855766,50374
2021-05-28,RN,267081,6089
2021-05-28,RO,228358,5706
2021-05-28,RR,103222,1635
2021-05-28,RS,1074821,27990
2021-05-28,SC,963699,15142
2021-05-28,SE,232255,5032
2021-05-28,SP,3241240,110553
2021-05-28,TO,177464,2852
2021-05-29,AC,82207,1657
2021-05-29,AL,192224,4715
2021-05-29,AM,385828,12972
2021-05-29,AP,111763,1688
2021-05-29,BA,1010166,21074
2021-05-29,CE,797953,20440
2021-05-29,DF,404190,8621
2021-05-29,ES,480026,10714
2021-05-29,GO,607145,16995
2021-05-29,MA,289670,8100
2021-05-29,MG,1564200,40262
2021-05-29,MS,289106,6791
2021-05-29,MT,402980,10698
2021-05-29,PA,516561,14497
2021-05-29,PB,328771,7617
2021-05-29,PE,478902,15742
2021-05-29,PI,272267,5906
2021-05-29,PR,1089777,26370
2021-05-29,RJ,858949,50550
2021-05-29,RN,267735,6099
2021-05-29,RO,228985,5720
2021-05-29,RR,103423,1635
2021-05-29,RS,1082746,28105
2021-05-29,SC,965277,15174
2021-05-29,SE,233932,5054
2021-05-29,SP,3254893,111123
2021-05-29,TO,177786,2867
2021-05-30,AC,82478,1659
2021-05-30,AL,192524,4734
2021-05-30,AM,386074,12978
2021-05-30,AP,111937,1690
2021-05-30,BA,1010166,21160
2021-05-30,CE,800446,20441
2021-05-30,DF,405001,8642
2021-05-30,ES,480635,10727
2021-05-30,GO,607520,17005
2021-05-30,MA,289884,8118
2021-05-30,MG,1569774,40452
2021-05-30,MS,290725,6815
2021-05-30,MT,403568,10724
2021-05-30,PA,516614,14504
2021-05-30,PB,329949,7645
2021-05-30,PE,481070,15807
2021-05-30,PI,272865,5927
2021-05-30,PR,1092180,26399
2021-05-30,RJ,863865,50574
2021-05-30,RN,268426,6116
2021-05-30,RO,229189,5726
2021-05-30,RR,103506,1635
2021-05-30,RS,1084263,28158
2021-05-30,SC,966504,15211
2021-05-30,SE,235520,5071
2021-05-30,SP,3265930,111304
2021-05-30,TO,178296,2877
2021-05-31,AC,82524,1662
2021-05-31,AL,193046,4751
2021-05-31,AM,386418,12985
2021-05-31,AP,112122,1696
2021-05-31,BA,1012200,21241
2021-05-31,CE,801735,20474
2021-05-31,DF,405903,8670
2021-05-31,ES,482137,10798
2021-05-31,GO,610584,17135
2021-05-31,MA,290299,8140
2021-05-31,MG,1572004,40497
2021-05-31,MS,292677,6867
2021-05-31,MT,405128,10766
2021-05-31,PA,518002,14523
2021-05-31,PB,330965,7672
2021-05-31,PE,482157,15862
2021-05-31,PI,273756,5952
2021-05-31,PR,1093490,26421
2021-05-31,RJ,865363,50584
2021-05-31,RN,269685,6149
2021-05-31,RO,229566,5758
2021-05-31,RR,103836,1639
2021-05-31,RS,1085523,28192
2021-05-31,SC,968244,15276
2021-05-31,SE,236905,5091
2021-05-31,SP,3272043,111374
2021-05-31,TO,179196,2889
2021-06-01,AC,82581,1669
2021-06-01,AL,193581,4768
2021-06-01,AM,387038,12996
2021-06-01,AP,112243,1702
2021-06-01,BA,1016480,21329
2021-06-01,CE,805134,20587
2021-06-01,DF,406739,8692
2021-06-01,ES,484072,10838
2021-06-01,GO,613898,17167
2021-06-01,MA,291373,8160
2021-06-01,MG,1579287,40556
2021-06-01,MS,294853,6917
2021-06-01,MT,406977,10802
2021-06-01,PA,519934,14577
2021-06-01,PB,332716,7703
2021-06-01,PE,485594,15940
2021-06-01,PI,274663,5977
2021-06-01,PR,1098725,26631
2021-06-01,RJ,869302,50840
2021-06-01,RN,270887,6189
2021-06-01,RO,230646,5777
2021-06-01,RR,104182,1645
2021-06-01,RS,1091074,28354
2021-06-01,SC,972599,15354
2021-06-01,SE,238276,5114
2021-06-01,SP,3291509,112210
2021-06-01,TO,180049,2902
2021-06-02,AC,82753,1676
2021-06-02,AL,194326,4785
2021-06-02,AM,387709,13009
2021-06-02,AP,112409,1708
2021-06-02,BA,1021367,21422
2021-06-02,CE,809608,20720
2021-06-02,DF,407540,8720
2021-06-02,ES,485951,10875
2021-06-02,GO,618958,17288
2021-06-02,MA,292614,8190
2021-06-02,MG,1594420,40880
2021-06-02,MS,297323,6976
2021-06-02,MT,409074,10854
2021-06-02,PA,521726,14627
2021-06-02,PB,335119,7735
2021-06-02,PE,489145,16013
2021-06-02,PI,275980,5998
2021-06-02,PR,1103024,26795
2021-06-02,RJ,874560,51096
2021-06-02,RN,272161,6216
2021-06-02,RO,231544,5792
2021-06-02,RR,104504,1649
2021-06-02,RS,1098542,28484
2021-06-02,SC,975430,15417
2021-06-02,SE,239400,5138
2021-06-02,SP,3314631,112927
2021-06-02,TO,180864,2913
2021-06-03,AC,82937,1680
2021-06-03,AL,194926,4802
2021-06-03,AM,388294,13016
2021-06-03,AP,112654,1712
2021-06-03,BA,1025987,21512
2021-06-03,CE,815740,20834
2021-06-03,DF,408027,8740
2021-06-03,ES,487075,10885
2021-06-03,GO,619047,17288
2021-06-03,MA,293518,8216
2021-06-03,MG,1605025,41170
2021-06-03,MS,298091,7032
2021-06-03,MT,410839,10874
2021-06-03,PA,522054,14646
2021-06-03,PB,337779,7765
2021-06-03,PE,492794,16097
2021-06-03,PI,276655,6019
2021-06-03,PR,1108126,26916
2021-06-03,RJ,878747,51320
2021-06-03,RN,272885,6245
2021-06-03,RO,232004,5802
2021-06-03,RR,104588,1649
2021-06-03,RS,1104487,28609
2021-06-03,SC,978334,15461
2021-06-03,SE,240297,5160
2021-06-03,SP,3334364,113441
2021-06-03,TO,181469,2925
2021-06-04,AC,83123,1682
2021-06-04,AL,195962,4820
2021-06-04,AM,388750,13042
2021-06-04,AP,112782,1716
2021-06-04,BA,1028518,21609
2021-06-04,CE,819014,20851
2021-06-04,DF,409147,8766
2021-06-04,ES,487904,10916
2021-06-04,GO,621047,17390
2021-06-04,MA,294061,8248
2021-06-04,MG,1610983,41418
2021-06-04,MS,300243,7072
2021-06-04,MT,412154,10921
2021-06-04,PA,523063,14679
2021-06-04,PB,340200,7792
2021-06-04,PE,493438,16149
2021-06-04,PI,278152,6042
2021-06-04,PR,1111597,26965
2021-06-04,RJ,880267,51419
2021-06-04,RN,274255,6260
2021-06-04,RO,232886,5818
2021-06-04,RR,105032,1651
2021-06-04,RS,1105566,28663
2021-06-04,SC,980219,15528
2021-06-04,SE,241148,5180
2021-06-04,SP,3338262,113474
2021-06-04,TO,182138,2936
2021-06-05,AC,83240,1686
2021-06-05,AL,196583,4839
2021-06-05,AM,389200,13050
2021-06-05,AP,112878,1718
2021-06-05,BA,1032454,21707
2021-06-05,CE,821842,20903
2021-06-05,DF,410059,8790
2021-06-05,ES,488732,10944
2021-06-05,GO,621489,17428
2021-06-05,MA,294632,8275
2021-06-05,MG,1616876,41479
2021-06-05,MS,301559,7122
2021-06-05,MT,413256,10957
2021-06-05,PA,523439,14705
2021-06-05,PB,342192,7820
2021-06-05,PE,497906,16243
2021-06-05,PI,278801,6064
2021-06-05,PR,1115638,27018
2021-06-05,RJ,883360,51508
2021-06-05,RN,275225,6275
2021-06-05,RO,233257,5822
2021-06-05,RR,105230,1651
2021-06-05,RS,1109976,28765
2021-06-05,SC,983333,15572
2021-06-05,SE,242709,5200
2021-06-05,SP,3355201,114192
2021-06-05,TO,182504,2944
2021-06-06,AC,83306,1690
2021-06-06,AL,197760,4859
2021-06-06,AM,389550,13054
2021-06-06,AP,112999,1719
2021-06-06,BA,1035524,21749
2021-06-06,CE,825278,20914
2021-06-06,DF,411087,8800
2021-06-06,ES,489176,10958
2021-06-06,GO,621796,17435
2021-06-06,MA,294812,8301
2021-06-06,MG,1621895,41610
2021-06-06,MS,303209,7185
2021-06-06,MT,413515,10981
2021-06-06,PA,523602,14724
2021-06-06,PB,344174,7849
2021-06-06,PE,499572,16292
2021-06-06,PI,279293,6091
2021-06-06,PR,1118323,27068
2021-06-06,RJ,884550,51532
2021-06-06,RN,275370,6295
2021-06-06,RO,233425,5823
2021-06-06,RR,105373,1651
2021-06-06,RS,1111570,28795
2021-06-06,SC,984597,15605
2021-06-06,SE,244074,5220
2021-06-06,SP,3365160,114404
2021-06-06,TO,182924,2953
2021-06-07,AC,83350,1692
2021-06-07,AL,198440,4880
2021-06-07,AM,389836,13063
2021-06-07,AP,113139,1727
2021-06-07,BA,1037924,21829
2021-06-07,CE,826962,20940
2021-06-07,DF,411964,8826
2021-06-07,ES,490405,11005
2021-06-07,GO,622986,17572
2021-06-07,MA,295218,8331
2021-06-07,MG,1623944,41673
2021-06-07,MS,304315,7210
2021-06-07,MT,415532,11025
2021-06-07,PA,525675,14764
2021-06-07,PB,345596,7883
2021-06-07,PE,500821,16357
2021-06-07,PI,279709,6116
2021-06-07,PR,1121620,27168
2021-06-07,RJ,884936,51540
2021-06-07,RN,275998,6327
2021-06-07,RO,233613,5835
2021-06-07,RR,105425,1661
2021-06-07,RS,1119156,28866
2021-06-07,SC,986249,15663
2021-06-07,SE,245333,5246
2021-06-07,SP,3370234,114542
2021-06-07,TO,183235,2965
2021-06-08,AC,83409,1697
2021-06-08,AL,199215,4901
2021-06-08,AM,390386,13086
2021-06-08,AP,113295,1733
2021-06-08,BA,1041351,21939
2021-06-08,CE,828838,21349
2021-06-08,DF,412708,8844
2021-06-08,ES,492387,11041
2021-06-08,GO,622986,17572
2021-06-08,MA,296348,8365
2021-06-08,MG,1633388,41720
2021-06-08,MS,307349,7268
2021-06-08,MT,417417,11067
2021-06-08,PA,528206,14814
2021-06-08,PB,347008,7920
2021-06-08,PE,502697,16468
2021-06-08,PI,279709,6116
2021-06-08,PR,1127207,27349
2021-06-08,RJ,888367,51865
2021-06-08,RN,277143,6363
2021-06-08,RO,233613,5835
2021-06-08,RR,105445,1662
2021-06-08,RS,1121887,29082
2021-06-08,SC,987848,15747
2021-06-08,SE,246305,5270
2021-06-08,SP,3378256,115309
2021-06-08,TO,184550,2971
2021-06-09,AC,83473,1697
2021-06-09,AL,200000,4922
2021-06-09,AM,391063,13103
2021-06-09,AP,113468,1741
2021-06-09,BA,1048084,22064
2021-06-09,CE,828838,21349
2021-06-09,DF,413422,8868
2021-06-09,ES,494167,11070
2021-06-09,GO,631702,17718
2021-06-09,MA,297678,8400
2021-06-09,MG,1646104,42000
2021-06-09,MS,308374,7320
2021-06-09,MT,419689,11115
2021-06-09,PA,530248,14864
2021-06-09,PB,348353,7957
2021-06-09,PE,509184,16549
2021-06-09,PI,281493,6159
2021-06-09,PR,1132325,27540
2021-06-09,RJ,894459,52094
2021-06-09,RN,278163,6405
2021-06-09,RO,235383,5878
2021-06-09,RR,105517,1672
2021-06-09,RS,1131669,29218
2021-06-09,SC,994125,15798
2021-06-09,SE,247141,5295
2021-06-09,SP,3382448,115960
2021-06-09,TO,185594,2986
2021-06-10,AC,83665,1699
2021-06-10,AL,200870,4943
2021-06-10,AM,391858,13119
2021-06-10,AP,113549,1745
2021-06-10,BA,1053031,22194
2021-06-10,CE,835244,21379
2021-06-10,DF,414053,8898
2021-06-10,ES,495320,11087
2021-06-10,GO,634466,17853
2021-06-10,MA,299139,8434
2021-06-10,MG,1657147,42319
2021-06-10,MS,310626,7366
2021-06-10,MT,421870,11138
2021-06-10,PA,531958,14920
2021-06-10,PB,352264,8003
2021-06-10,PE,511829,16614
2021-06-10,PI,283069,6179
2021-06-10,PR,1137025,27786
2021-06-10,RJ,898531,52371
2021-06-10,RN,279390,6421
2021-06-10,RO,236138,5894
2021-06-10,RR,106895,1677
2021-06-10,RS,1137010,29351
2021-06-10,SC,997965,15843
2021-06-10,SE,248490,5319
2021-06-10,SP,3405481,116693
2021-06-10,TO,186512,2998
2021-06-11,AC,84039,1701
2021-06-11,AL,201523,4964
2021-06-11,AM,392574,13129
2021-06-11,AP,113733,1751
2021-06-11,BA,1057177,22321
2021-06-11,CE,837223,21379
2021-06-11,DF,414875,8923
2021-06-11,ES,496958,11120
2021-06-11,GO,637538,17897
2021-06-11,MA,300211,8472
2021-06-11,MG,1667905,42589
2021-06-11,MS,312392,7439
2021-06-11,MT,424093,11173
2021-06-11,PA,533496,14946
2021-06-11,PB,354715,8058
2021-06-11,PE,515544,16701
2021-06-11,PI,284172,6198
2021-06-11,PR,1142770,27921
2021-06-11,RJ,902903,52638
2021-06-11,RN,281530,6440
2021-06-11,RO,237179,5904
2021-06-11,RR,107348,1679
2021-06-11,RS,1142645,29484
2021-06-11,SC,1002008,15895
2021-06-11,SE,249412,5344
2021-06-11,SP,3428356,117344
2021-06-11,TO,187382,3009
2021-06-12,AC,84104,1707
2021-06-12,AL,202492,4984
2021-06-12,AM,393178,13136
2021-06-12,AP,113828,1756
2021-06-12,BA,1062742,22425
2021-06-12,CE,841280,21379
2021-06-12,DF,416129,8937
2021-06-12,ES,497847,11132
2021-06-12,GO,638210,17949
2021-06-12,MA,301017,8511
2021-06-12,MG,1678558,42872
2021-06-12,MS,313530,7477
2021-06-12,MT,425081,11197
2021-06-12,PA,533944,14959
2021-06-12,PB,356826,8095
2021-06-12,PE,518421,16780
2021-06-12,PI,284782,6222
2021-06-12,PR,1147348,28086
2021-06-12,RJ,905229,52927
2021-06-12,RN,282824,6452
2021-06-12,RO,237788,5910
2021-06-12,RR,107570,1679
2021-06-12,RS,1148015,29613
2021-06-12,SC,1004794,15937
2021-06-12,SE,250542,5365
2021-06-12,SP,3449577,117887
2021-06-12,TO,187805,3019
2021-06-13,AC,84174,1712
2021-06-13,AL,203226,5002
2021-06-13,AM,393492,13140
2021-06-13,AP,113940,1762
2021-06-13,BA,1064747,22513
2021-06-13,CE,845411,21379
2021-06-13,DF,417279,8955
2021-06-13,ES,498530,11143
2021-06-13,GO,638468,17962
2021-06-13,MA,301238,8544
2021-06-13,MG,1683100,43124
2021-06-13,MS,314445,7517
2021-06-13,MT,425486,11223
2021-06-13,PA,534072,14972
2021-06-13,PB,358860,8128
2021-06-13,PE,519577,16828
2021-06-13,PI,285036,6240
2021-06-13,PR,1149679,28135
2021-06-13,RJ,905821,52998
2021-06-13,RN,284328,6473
2021-06-13,RO,238112,5916
2021-06-13,RR,107646,1679
2021-06-13,RS,1148734,29672
2021-06-13,SC,1006090,15964
2021-06-13,SE,251851,5381
2021-06-13,SP,3458849,118121
2021-06-13,TO,188252,3029
2021-06-14,AC,84337,1719
2021-06-14,AL,204126,5020
2021-06-14,AM,393875,13149
2021-06-14,AP,114503,1769
2021-06-14,BA,1066552,22601
2021-06-14,CE,848248,21460
2021-06-14,DF,418089,8976
2021-06-14,ES,499839,11173
2021-06-14,GO,641993,18093
2021-06-14,MA,301547,8567
2021-06-14,MG,1684962,43154
2021-06-14,MS,315832,7569
2021-06-14,MT,427057,11271
2021-06-14,PA,535640,15005
2021-06-14,PB,361435,8158
2021-06-14,PE,520694,16860
2021-06-14,PI,285644,6265
2021-06-14,PR,1152368,28208
2021-06-14,RJ,909341,53015
2021-06-14,RN,286577,6508
2021-06-14,RO,239067,5944
2021-06-14,RR,107872,1680
2021-06-14,RS,1149424,29701
2021-06-14,SC,1008059,16006
2021-06-14,SE,252753,5405
2021-06-14,SP,3464158,118213
2021-06-14,TO,189136,3042
2021-06-15,AC,84404,1721
2021-06-15,AL,204838,5038
2021-06-15,AM,394601,13162
2021-06-15,AP,114905,1778
2021-06-15,BA,1071899,22703
2021-06-15,CE,852588,21699
2021-06-15,DF,418659,8994
2021-06-15,ES,501278,11193
2021-06-15,GO,645660,18180
2021-06-15,MA,302903,8595
2021-06-15,MG,1694681,43206
2021-06-15,MS,317621,7636
2021-06-15,MT,429398,11312
2021-06-15,PA,537169,15052
2021-06-15,PB,363793,8197
2021-06-15,PE,524316,16932
2021-06-15,PI,286605,6283
2021-06-15,PR,1156347,28548
2021-06-15,RJ,913682,53242
2021-06-15,RN,286956,6517
2021-06-15,RO,240007,5961
2021-06-15,RR,108358,1688
2021-06-15,RS,1156540,29902
2021-06-15,SC,1012445,16082
2021-06-15,SE,253415,5429
2021-06-15,SP,3487385,119110
2021-06-15,TO,189794,3054
2021-06-16,AC,84450,1723
2021-06-16,AL,205921,5056
2021-06-16,AM,395104,13182
2021-06-16,AP,115089,1784
2021-06-16,BA,1077784,22822
2021-06-16,CE,856267,21876
2021-06-16,DF,419548,9016
2021-06-16,ES,502887,11218
2021-06-16,GO,648591,18279
2021-06-16,MA,304364,8619
2021-06-16,MG,1705133,43559
2021-06-16,MS,319490,7671
2021-06-16,MT,431485,11350
2021-06-16,PA,539069,15092
2021-06-16,PB,366121,8237
2021-06-16,PE,526963,16990
2021-06-16,PI,287660,6308
2021-06-16,PR,1162966,28847
2021-06-16,RJ,918383,53476
2021-06-16,RN,287416,6553
2021-06-16,RO,240996,5977
2021-06-16,RR,108704,1692
2021-06-16,RS,1161921,30032
2021-06-16,SC,1015723,16136
2021-06-16,SE,254221,5453
2021-06-16,SP,3509967,119905
2021-06-16,TO,190543,3061
2021-06-17,AC,84487,1725
2021-06-17,AL,206570,5074
2021-06-17,AM,395724,13197
2021-06-17,AP,115225,1790
2021-06-17,BA,1083037,22906
2021-06-17,CE,858502,21901
2021-06-17,DF,420348,9037
2021-06-17,ES,504242,11236
2021-06-17,GO,651369,18351
2021-06-17,MA,305606,8649
2021-06-17,MG,1714057,43814
2021-06-17,MS,321205,7719
2021-06-17,MT,433895,11385
2021-06-17,PA,540548,15148
2021-06-17,PB,368578,8269
2021-06-17,PE,530077,17069
2021-06-17,PI,288416,6330
2021-06-17,PR,1170632,29199
2021-06-17,RJ,923405,53750
2021-06-17,RN,290042,6563
2021-06-17,RO,241577,6001
2021-06-17,RR,109094,1700
2021-06-17,RS,1166535,30163
2021-06-17,SC,1018714,16178
2021-06-17,SE,254856,5478
2021-06-17,SP,3525021,120524
2021-06-17,TO,191469,3072
2021-06-18,AC,84687,1728
2021-06-18,AL,207422,5094
2021-06-18,AM,396408,13209
2021-06-18,AP,115352,1792
2021-06-18,BA,1088035,23008
2021-06-18,CE,861688,21967
2021-06-18,DF,421119,9051
2021-06-18,ES,505764,11264
2021-06-18,GO,654456,18448
2021-06-18,MA,306952,8681
2021-06-18,MG,1724506,44068
2021-06-18,MS,322445,7767
2021-06-18,MT,435274,11408
2021-06-18,PA,541833,15183
2021-06-18,PB,371133,8316
2021-06-18,PE,533195,17139
2021-06-18,PI,289426,6350
2021-06-18,PR,1181439,29674
2021-06-18,RJ,925518,53923
2021-06-18,RN,290517,6571
2021-06-18,RO,242539,6018
2021-06-18,RR,109444,1704
2021-06-18,RS,1176385,30276
2021-06-18,SC,1022115,16239
2021-06-18,SE,256119,5503
2021-06-18,SP,3552727,121238
2021-06-18,TO,192165,3084
2021-06-19,AC,84812,1729
2021-06-19,AL,208363,5114
2021-06-19,AM,396907,13214
2021-06-19,AP,115516,1793
2021-06-19,BA,1092772,23104
2021-06-19,CE,864529,22043
2021-06-19,DF,422133,9071
2021-06-19,ES,506543,11269
2021-06-19,GO,654915,18462
2021-06-19,MA,307814,8716
2021-06-19,MG,1733181,44347
2021-06-19,MS,323693,7805
2021-06-19,MT,436145,11435
2021-06-19,PA,542008,15189
2021-06-19,PB,373772,8348
2021-06-19,PE,535707,17216
2021-06-19,PI,289929,6372
2021-06-19,PR,1192936,29975
2021-06-19,RJ,931885,54142
2021-06-19,RN,290682,6592
2021-06-19,RO,242816,6027
2021-06-19,RR,109650,1704
2021-06-19,RS,1181872,30372
2021-06-19,SC,1025344,16285
2021-06-19,SE,256935,5527
2021-06-19,SP,3573210,121960
2021-06-19,TO,192524,3097
2021-06-20,AC,84849,1730
2021-06-20,AL,209571,5134
2021-06-20,AM,397132,13220
2021-06-20,AP,115607,1794
2021-06-20,BA,1097339,23177
2021-06-20,CE,866542,22080
2021-06-20,DF,423038,9094
2021-06-20,ES,507204,11280
2021-06-20,GO,655203,18477
2021-06-20,MA,307933,8749
2021-06-20,MG,1738342,44536
2021-06-20,MS,324299,7826
2021-06-20,MT,436523,11464
2021-06-20,PA,542075,15208
2021-06-20,PB,375950,8381
2021-06-20,PE,536671,17254
2021-06-20,PI,290302,6397
2021-06-20,PR,1203398,29996
2021-06-20,RJ,932229,54250
2021-06-20,RN,291738,6615
2021-06-20,RO,243156,6030
2021-06-20,RR,109702,1704
2021-06-20,RS,1182552,30401
2021-06-20,SC,1026819,16328
2021-06-20,SE,257407,5548
2021-06-20,SP,3582792,122160
2021-06-20,TO,192801,3106
2021-06-21,AC,84918,1732
2021-06-21,AL,210301,5155
2021-06-21,AM,397525,13226
2021-06-21,AP,115771,1803
2021-06-21,BA,1099499,23254
2021-06-21,CE,867531,22161
2021-06-21,DF,423833,9113
2021-06-21,ES,508372,11309
2021-06-21,GO,659200,18613
2021-06-21,MA,308520,8779
2021-06-21,MG,1739929,44583
2021-06-21,MS,325505,7864
2021-06-21,MT,437988,11511
2021-06-21,PA,543964,15245
2021-06-21,PB,378064,8411
2021-06-21,PE,537476,17281
2021-06-21,PI,290993,6417
2021-06-21,PR,1217064,30038
2021-06-21,RJ,933112,54267
2021-06-21,RN,292309,6640
2021-06-21,RO,244087,6042
2021-06-21,RR,109724,1713
2021-06-21,RS,1183398,30450
2021-06-21,SC,1027760,16374
2021-06-21,SE,258425,5562
2021-06-21,SP,3587646,122258
2021-06-21,TO,193656,3119
2021-06-22,AC,84937,1734
2021-06-22,AL,211156,5176
2021-06-22,AM,398245,13241
2021-06-22,AP,115976,1807
2021-06-22,BA,1104545,23354
2021-06-22,CE,870556,22246
2021-06-22,DF,424523,9129
2021-06-22,ES,509538,11327
2021-06-22,GO,662516,18692
2021-06-22,MA,309716,8811
2021-06-22,MG,1747308,44623
2021-06-22,MS,327216,7915
2021-06-22,MT,439779,11552
2021-06-22,PA,545860,15297
2021-06-22,PB,380250,8433
2021-06-22,PE,539815,17343
2021-06-22,PI,292045,6442
2021-06-22,PR,1230730,30148
2021-06-22,RJ,937290,54452
2021-06-22,RN,328683,6657
2021-06-22,RO,244761,6069
2021-06-22,RR,109781,1716
2021-06-22,RS,1189262,30605
2021-06-22,SC,1032128,16436
2021-06-22,SE,259084,5583
2021-06-22,SP,3610743,123101
2021-06-22,TO,194366,3134
2021-06-23,AC,85043,1734
2021-06-23,AL,211613,5197
2021-06-23,AM,398756,13246
2021-06-23,AP,116148,1811
2021-06-23,BA,1108769,23467
2021-06-23,CE,871980,22265
2021-06-23,DF,425125,9146
2021-06-23,ES,511145,11350
2021-06-23,GO,664321,18768
2021-06-23,MA,311207,8841
2021-06-23,MG,1757649,45036
2021-06-23,MS,328406,7953
2021-06-23,MT,441348,11596
2021-06-23,PA,547228,15323
2021-06-23,PB,382627,8453
2021-06-23,PE,542173,17407
2021-06-23,PI,292683,6468
2021-06-23,PR,1240399,30267
2021-06-23,RJ,941712,54662
2021-06-23,RN,330305,6684
2021-06-23,RO,244942,6069
2021-06-23,RR,110820,1723
2021-06-23,RS,1193849,30749
2021-06-23,SC,1035042,16496
2021-06-23,SE,259664,5604
2021-06-23,SP,3630251,123825
2021-06-23,TO,194988,3148
2021-06-24,AC,85128,1735
2021-06-24,AL,212471,5218
2021-06-24,AM,399401,13249
2021-06-24,AP,116373,1817
2021-06-24,BA,1112304,23571
2021-06-24,CE,872631,22304
2021-06-24,DF,425790,9158
2021-06-24,ES,512485,11369
2021-06-24,GO,667262,18850
2021-06-24,MA,312349,8878
2021-06-24,MG,1766084,45245
2021-06-24,MS,330536,7993
2021-06-24,MT,443061,11626
2021-06-24,PA,548490,15360
2021-06-24,PB,385018,8479
2021-06-24,PE,543564,17463
2021-06-24,PI,293616,6490
2021-06-24,PR,1250398,30338
2021-06-24,RJ,945242,54848
2021-06-24,RN,334077,6706
2021-06-24,RO,245752,6092
2021-06-24,RR,111108,1727
2021-06-24,RS,1199084,30873
2021-06-24,SC,1038405,16555
2021-06-24,SE,260293,5617
2021-06-24,SP,3648202,124606
2021-06-24,TO,195679,3159
2021-06-25,AC,85273,1736
2021-06-25,AL,212871,5239
2021-06-25,AM,400062,13264
2021-06-25,AP,116476,1820
2021-06-25,BA,1114392,23660
2021-06-25,CE,876055,22352
2021-06-25,DF,426646,9172
2021-06-25,ES,513498,11388
2021-06-25,GO,670527,18950
2021-06-25,MA,313802,8919
2021-06-25,MG,1774127,45498
2021-06-25,MS,332118,8044
2021-06-25,MT,444638,11658
2021-06-25,PA,549351,15389
2021-06-25,PB,387711,8499
2021-06-25,PE,544280,17487
2021-06-25,PI,294288,6511
2021-06-25,PR,1258629,30381
2021-06-25,RJ,949196,55007
2021-06-25,RN,334929,6717
2021-06-25,RO,246346,6105
2021-06-25,RR,111436,1731
2021-06-25,RS,1204704,31000
2021-06-25,SC,1041664,16628
2021-06-25,SE,261364,5634
2021-06-25,SP,3669196,125378
2021-06-25,TO,196274,3166
2021-06-26,AC,85383,1736
2021-06-26,AL,213730,5260
2021-06-26,AM,400533,13267
2021-06-26,AP,116619,1822
2021-06-26,BA,1117408,23709
2021-06-26,CE,878665,22420
2021-06-26,DF,427432,9184
2021-06-26,ES,514373,11406
2021-06-26,GO,670769,18967
2021-06-26,MA,314866,8946
2021-06-26,MG,1782650,45718
2021-06-26,MS,333050,8089
2021-06-26,MT,445326,11693
2021-06-26,PA,549528,15406
2021-06-26,PB,389713,8522
2021-06-26,PE,545690,17526
2021-06-26,PI,294818,6531
2021-06-26,PR,1264321,30438
2021-06-26,RJ,950877,55153
2021-06-26,RN,336217,6722
2021-06-26,RO,246612,6112
2021-06-26,RR,111720,1731
2021-06-26,RS,1209084,31077
2021-06-26,SC,1044522,16673
2021-06-26,SE,261972,5646
2021-06-26,SP,3688128,125916
2021-06-26,TO,196509,3179
2021-06-27,AC,85463,1736
2021-06-27,AL,214509,5281
2021-06-27,AM,400781,13271
2021-06-27,AP,116708,1824
2021-06-27,BA,1119127,23739
2021-06-27,CE,880418,22442
2021-06-27,DF,428352,9193
2021-06-27,ES,514907,11417
2021-06-27,GO,671228,18988
2021-06-27,MA,315104,8962
2021-06-27,MG,1786654,45888
2021-06-27,MS,333581,8123
2021-06-27,MT,445663,11723
2021-06-27,PA,549610,15420
2021-06-27,PB,391811,8538
2021-06-27,PE,546537,17551
2021-06-27,PI,295008,6554
2021-06-27,PR,1269017,30445
2021-06-27,RJ,951360,55181
2021-06-27,RN,336805,6732
2021-06-27,RO,246818,6113
2021-06-27,RR,111844,1731
2021-06-27,RS,1209799,31117
2021-06-27,SC,1046141,16706
2021-06-27,SE,262447,5652
2021-06-27,SP,3696093,126050
2021-06-27,TO,196708,3192
2021-06-28,AC,85496,1736
2021-06-28,AL,215492,5301
2021-06-28,AM,401195,13282
2021-06-28,AP,116856,1832
2021-06-28,BA,1120408,23817
2021-06-28,CE,881193,22454
2021-06-28,DF,429018,9206
2021-06-28,ES,515602,11442
2021-06-28,GO,673926,19080
2021-06-28,MA,315541,8992
2021-06-28,MG,1788725,45924
2021-06-28,MS,334681,8153
2021-06-28,MT,446911,11761
2021-06-28,PA,551140,15444
2021-06-28,PB,392926,8561
2021-06-28,PE,547136,17579
2021-06-28,PI,295500,6574
2021-06-28,PR,1274017,30451
2021-06-28,RJ,953858,55195
2021-06-28,RN,337294,6748
2021-06-28,RO,247361,6129
2021-06-28,RR,111858,1731
2021-06-28,RS,1210224,31158
2021-06-28,SC,1047776,16752
2021-06-28,SE,262764,5664
2021-06-28,SP,3700378,126112
2021-06-28,TO,197266,3205
2021-06-29,AC,85526,1738
2021-06-29,AL,216201,5320
2021-06-29,AM,401747,13299
2021-06-29,AP,116991,1833
2021-06-29,BA,1123311,23906
2021-06-29,CE,885489,22554
2021-06-29,DF,429636,9232
2021-06-29,ES,516884,11464
2021-06-29,GO,674915,19177
2021-06-29,MA,316607,9023
2021-06-29,MG,1795062,45961
2021-06-29,MS,335411,8204
2021-06-29,MT,448331,11792
2021-06-29,PA,552937,15469
2021-06-29,PB,394709,8586
2021-06-29,PE,549317,17640
2021-06-29,PI,295781,6597
2021-06-29,PR,1279017,30510
2021-06-29,RJ,957424,55337
2021-06-29,RN,340165,6768
2021-06-29,RO,247405,6131
2021-06-29,RR,112133,1745
2021-06-29,RS,1214291,31280
2021-06-29,SC,1050864,16824
2021-06-29,SE,263114,5681
2021-06-29,SP,3719586,126937
2021-06-29,TO,197636,3213
2021-06-30,AC,85556,1738
2021-06-30,AL,216717,5340
2021-06-30,AM,402089,13313
2021-06-30,AP,117188,1835
2021-06-30,BA,1124994,24012
2021-06-30,CE,886757,22603
2021-06-30,DF,430461,9251
2021-06-30,ES,517985,11479
2021-06-30,GO,677490,19248
2021-06-30,MA,317446,9043
2021-06-30,MG,1803748,46242
2021-06-30,MS,336087,8231
2021-06-30,MT,449705,11817
2021-06-30,PA,554681,15491
2021-06-30,PB,396442,8606
2021-06-30,PE,550292,17685
2021-06-30,PI,296389,6624
2021-06-30,PR,1284806,30711
2021-06-30,RJ,958199,55470
2021-06-30,RN,343352,6797
2021-06-30,RO,247607,6136
2021-06-30,RR,112643,1747
2021-06-30,RS,1215519,31398
2021-06-30,SC,1052455,16861
2021-06-30,SE,263512,5698
2021-06-30,SP,3727348,127681
2021-06-30,TO,198150,3227
2021-07-01,AC,85736,1741
2021-07-01,AL,217230,5360
2021-07-01,AM,402754,13320
2021-07-01,AP,117337,1838
2021-07-01,BA,1128432,24105
2021-07-01,CE,887774,22627
2021-07-01,DF,431151,9264
2021-07-01,ES,518975,11502
2021-07-01,GO,680278,19269
2021-07-01,MA,318394,9065
2021-07-01,MG,1810854,46459
2021-07-01,MS,337003,8269
2021-07-01,MT,451080,11846
2021-07-01,PA,555831,15541
2021-07-01,PB,396904,8628
2021-07-01,PE,552289,17720
2021-07-01,PI,297274,6632
2021-07-01,PR,1292791,30943
2021-07-01,RJ,960495,55703
2021-07-01,RN,344148,6807
2021-07-01,RO,248173,6149
2021-07-01,RR,112927,1750
2021-07-01,RS,1219231,31497
2021-07-01,SC,1055369,16908
2021-07-01,SE,264213,5714
2021-07-01,SP,3743291,128322
2021-07-01,TO,198803,3237
2021-07-02,AC,85797,1742
2021-07-02,AL,217975,5379
2021-07-02,AM,403329,13330
2021-07-02,AP,117515,1842
2021-07-02,BA,1132050,24187
2021-07-02,CE,889947,22692
2021-07-02,DF,431771,9276
2021-07-02,ES,519811,11520
2021-07-02,GO,682372,19355
2021-07-02,MA,319606,9098
2021-07-02,MG,1818433,46654
2021-07-02,MS,337666,8302
2021-07-02,MT,452454,11881
2021-07-02,PA,556637,15576
2021-07-02,PB,398440,8654
2021-07-02,PE,554688,17766
2021-07-02,PI,298129,6639
2021-07-02,PR,1296206,31128
2021-07-02,RJ,963166,55876
2021-07-02,RN,344720,6818
2021-07-02,RO,248485,6170
2021-07-02,RR,113277,1756
2021-07-02,RS,1224703,31595
2021-07-02,SC,1058347,16954
2021-07-02,SE,264798,5732
2021-07-02,SP,3762758,128921
2021-07-02,TO,199222,3248
2021-07-03,AC,85871,1746
2021-07-03,AL,218620,5399
2021-07-03,AM,403824,13337
2021-07-03,AP,117635,1844
2021-07-03,BA,1135261,24235
2021-07-03,CE,891967,22744
2021-07-03,DF,432492,9289
2021-07-03,ES,520445,11525
2021-07-03,GO,682617,19401
2021-07-03,MA,320177,9127
2021-07-03,MG,1823819,46883
2021-07-03,MS,338328,8331
2021-07-03,MT,453047,11912
2021-07-03,PA,556667,15579
2021-07-03,PB,400011,8670
2021-07-03,PE,557293,17841
2021-07-03,PI,298400,6648
2021-07-03,PR,1300485,31325
2021-07-03,RJ,965699,56011
2021-07-03,RN,345130,6826
2021-07-03,RO,249496,6172
2021-07-03,RR,113499,1756
2021-07-03,RS,1230115,31686
2021-07-03,SC,1060992,16987
2021-07-03,SE,265278,5743
2021-07-03,SP,3779408,129453
2021-07-03,TO,199455,3256
2021-07-04,AC,85897,1752
2021-07-04,AL,219741,5416
2021-07-04,AM,404045,13342
2021-07-04,AP,117790,1845
2021-07-04,BA,1137167,24259
2021-07-04,CE,892698,22747
2021-07-04,DF,433505,9304
2021-07-04,ES,521108,11537
2021-07-04,GO,683043,19405
2021-07-04,MA,320387,9147
2021-07-04,MG,1827108,47079
2021-07-04,MS,338645,8365
2021-07-04,MT,453256,11929
2021-07-04,PA,556694,15587
2021-07-04,PB,401259,8685
2021-07-04,PE,558698,17872
2021-07-04,PI,298645,6657
2021-07-04,PR,1302708,31418
2021-07-04,RJ,966114,56031
2021-07-04,RN,345615,6841
2021-07-04,RO,249547,6173
2021-07-04,RR,113568,1756
2021-07-04,RS,1230739,31709
2021-07-04,SC,1062080,17014
2021-07-04,SE,265925,5756
2021-07-04,SP,3785859,129609
2021-07-04,TO,199650,3262
2021-07-05,AC,85983,1757
2021-07-05,AL,220022,5433
2021-07-05,AM,404347,13349
2021-07-05,AP,117927,1852
2021-07-05,BA,1138377,24312
2021-07-05,CE,893270,22753
2021-07-05,DF,434114,9312
2021-07-05,ES,522199,11561
2021-07-05,GO,685619,19476
2021-07-05,MA,320832,9164
2021-07-05,MG,1828904,47120
2021-07-05,MS,339323,8400
2021-07-05,MT,454488,11970
2021-07-05,PA,557708,15624
2021-07-05,PB,401700,8703
2021-07-05,PE,559358,17908
2021-07-05,PI,299084,6662
2021-07-05,PR,1305082,31529
2021-07-05,RJ,966888,56039
2021-07-05,RN,347248,6853
2021-07-05,RO,252024,6213
2021-07-05,RR,113758,1763
2021-07-05,RS,1231166,31761
2021-07-05,SC,1063393,17064
2021-07-05,SE,266273,5765
2021-07-05,SP,3790090,129675
2021-07-05,TO,200243,3266
2021-07-06,AC,85997,1760
2021-07-06,AL,220793,5450
2021-07-06,AM,405066,13349
2021-07-06,AP,118066,1857
2021-07-06,BA,1141612,24428
2021-07-06,CE,894678,22791
2021-07-06,DF,434708,9322
2021-07-06,ES,523235,11584
2021-07-06,GO,688107,19533
2021-07-06,MA,322052,9190
2021-07-06,MG,1836198,47148
2021-07-06,MS,340175,8431
2021-07-06,MT,456155,12000
2021-07-06,PA,558861,15646
2021-07-06,PB,402175,8724
2021-07-06,PE,561505,17953
2021-07-06,PI,299862,6671
2021-07-06,PR,1308643,31692
2021-07-06,RJ,970268,56192
2021-07-06,RN,347974,6870
2021-07-06,RO,251977,6226
2021-07-06,RR,114105,1770
2021-07-06,RS,1235914,31867
2021-07-06,SC,1066484,17146
2021-07-06,SE,266590,5773
2021-07-06,SP,3809222,130389
2021-07-06,TO,200670,3279
2021-07-07,AC,86120,1761
2021-07-07,AL,221435,5467
2021-07-07,AM,405609,13355
2021-07-07,AP,118257,1861
2021-07-07,BA,1144464,24495
2021-07-07,CE,896564,22849
2021-07-07,DF,435405,9331
2021-07-07,ES,524458,11603
2021-07-07,GO,690284,19534
2021-07-07,MA,323043,9225
2021-07-07,MG,1843565,47378
2021-07-07,MS,341005,8462
2021-07-07,MT,457855,12032
2021-07-07,PA,560086,15673
2021-07-07,PB,403694,8741
2021-07-07,PE,563264,17979
2021-07-07,PI,300309,6676
2021-07-07,PR,1312040,31843
2021-07-07,RJ,972619,56321
2021-07-07,RN,348638,6879
2021-07-07,RO,251127,6234
2021-07-07,RR,114483,1770
2021-07-07,RS,1239700,31976
2021-07-07,SC,1068822,17176
2021-07-07,SE,267107,5779
2021-07-07,SP,3824111,130935
2021-07-07,TO,201174,3290
2021-07-08,AC,86296,1761
2021-07-08,AL,221973,5483
2021-07-08,AM,406310,13361
2021-07-08,AP,118487,1862
2021-07-08,BA,1147552,24574
2021-07-08,CE,897446,22909
2021-07-08,DF,435982,9344
2021-07-08,ES,525462,11615
2021-07-08,GO,693141,19626
2021-07-08,MA,324015,9256
2021-07-08,MG,1849993,47596
2021-07-08,MS,341841,8479
2021-07-08,MT,459069,12052
2021-07-08,PA,561062,15692
2021-07-08,PB,404848,8750
2021-07-08,PE,564789,18023
2021-07-08,PI,301198,6684
2021-07-08,PR,1316036,32030
2021-07-08,RJ,974848,56498
2021-07-08,RN,349549,6896
2021-07-08,RO,251462,6243
2021-07-08,RR,114714,1778
2021-07-08,RS,1243508,32053
2021-07-08,SC,1071810,17222
2021-07-08,SE,267596,5786
2021-07-08,SP,3838564,131478
2021-07-08,TO,201821,3301
2021-07-09,AC,86400,1764
2021-07-09,AL,222601,5499
2021-07-09,AM,407028,13367
2021-07-09,AP,118633,1865
2021-07-09,BA,1152031,24670
2021-07-09,CE,901227,23008
2021-07-09,DF,436649,9357
2021-07-09,ES,526670,11634
2021-07-09,GO,695563,19657
2021-07-09,MA,325011,9282
2021-07-09,MG,1855624,47756
2021-07-09,MS,342884,8507
2021-07-09,MT,460498,12067
2021-07-09,PA,561798,15701
2021-07-09,PB,405999,8767
2021-07-09,PE,566979,18068
2021-07-09,PI,301775,6689
2021-07-09,PR,1319888,32211
2021-07-09,RJ,977770,56559
2021-07-09,RN,350312,6898
2021-07-09,RO,251839,6257
2021-07-09,RR,115110,1778
2021-07-09,RS,1247381,32142
2021-07-09,SC,1074422,17252
2021-07-09,SE,268229,5794
2021-07-09,SP,3853276,131960
2021-07-09,TO,202215,3315
2021-07-10,AC,86454,1766
2021-07-10,AL,223127,5514
2021-07-10,AM,407520,13378
2021-07-10,AP,118797,1866
2021-07-10,BA,1155841,24742
2021-07-10,CE,901794,23034
2021-07-10,DF,437248,9370
2021-07-10,ES,527396,11637
2021-07-10,GO,696403,19723
2021-07-10,MA,325685,9310
2021-07-10,MG,1862425,47942
2021-07-10,MS,343498,8529
2021-07-10,MT,461403,12082
2021-07-10,PA,561944,15708
2021-07-10,PB,407299,8785
2021-07-10,PE,568940,18100
2021-07-10,PI,302167,6697
2021-07-10,PR,1324251,32398
2021-07-10,RJ,981088,56755
2021-07-10,RN,350868,6902
2021-07-10,RO,252040,6267
2021-07-10,RR,115284,1782
2021-07-10,RS,1251502,32196
2021-07-10,SC,1077091,17301
2021-07-10,SE,268504,5802
2021-07-10,SP,3860960,132065
2021-07-10,TO,202398,3330
2021-07-11,AC,86467,1766
2021-07-11,AL,223464,5530
2021-07-11,AM,407787,13382
2021-07-11,AP,118928,1866
2021-07-11,BA,1158122,24770
2021-07-11,CE,901794,23034
2021-07-11,DF,437726,9379
2021-07-11,ES,527800,11646
2021-07-11,GO,696571,19730
2021-07-11,MA,325782,9315
2021-07-11,MG,1865444,48102
2021-07-11,MS,343827,8537
2021-07-11,MT,461726,12099
2021-07-11,PA,561964,15709
2021-07-11,PB,408009,8794
2021-07-11,PE,569863,18110
2021-07-11,PI,302309,6706
2021-07-11,PR,1325450,32466
2021-07-11,RJ,981839,56808
2021-07-11,RN,350978,6915
2021-07-11,RO,252075,6267
2021-07-11,RR,115419,1785
2021-07-11,RS,1252036,32216
2021-07-11,SC,1078056,17318
2021-07-11,SE,268803,5811
2021-07-11,SP,3866178,132140
2021-07-11,TO,202654,3344
2021-07-12,AC,86481,1767
2021-07-12,AL,223666,5546
2021-07-12,AM,408037,13387
2021-07-12,AP,119078,1870
2021-07-12,BA,1159419,24834
2021-07-12,CE,902190,23053
2021-07-12,DF,438446,9389
2021-07-12,ES,528709,11662
2021-07-12,GO,698446,19764
2021-07-12,MA,326094,9335
2021-07-12,MG,1866541,48124
2021-07-12,MS,344234,8556
2021-07-12,MT,463039,12128
2021-07-12,PA,562351,15719
2021-07-12,PB,408382,8808
2021-07-12,PE,570246,18131
2021-07-12,PI,302496,6712
2021-07-12,PR,1327770,32715
2021-07-12,RJ,982609,56848
2021-07-12,RN,351254,6931
2021-07-12,RO,252292,6278
2021-07-12,RR,115483,1785
2021-07-12,RS,1252528,32247
2021-07-12,SC,1079089,17356
2021-07-12,SE,269078,5820
2021-07-12,SP,3869300,132205
2021-07-12,TO,203024,3354
2021-07-13,AC,86492,1770
2021-07-13,AL,223929,5562
2021-07-13,AM,408615,13398
2021-07-13,AP,119182,1873
2021-07-13,BA,1161932,24910
2021-07-13,CE,903171,23096
2021-07-13,DF,438865,9407
2021-07-13,ES,529451,11676
2021-07-13,GO,702906,19845
2021-07-13,MA,327112,9353
2021-07-13,MG,1872749,48151
2021-07-13,MS,345391,8587
2021-07-13,MT,464786,12157
2021-07-13,PA,563426,15754
2021-07-13,PB,408440,8815
2021-07-13,PE,572536,18166
2021-07-13,PI,303225,6718
2021-07-13,PR,1330827,32963
2021-07-13,RJ,984554,56947
2021-07-13,RN,351778,6948
2021-07-13,RO,252839,6287
2021-07-13,RR,115829,1797
2021-07-13,RS,1256745,32354
2021-07-13,SC,1081566,17410
2021-07-13,SE,269198,5829
2021-07-13,SP,3879846,132845
2021-07-13,TO,203443,3364
2021-07-14,AC,86544,1771
2021-07-14,AL,224588,5578
2021-07-14,AM,409167,13405
2021-07-14,AP,119312,1875
2021-07-14,BA,1164162,24974
2021-07-14,CE,904502,23116
2021-07-14,DF,439528,9420
2021-07-14,ES,530353,11682
2021-07-14,GO,704774,19904
2021-07-14,MA,328190,9378
2021-07-14,MG,1880519,48350
2021-07-14,MS,346142,8612
2021-07-14,MT,466455,12175
2021-07-14,PA,564575,15775
2021-07-14,PB,409744,8829
2021-07-14,PE,574681,18206
2021-07-14,PI,303961,6725
2021-07-14,PR,1334353,33160
2021-07-14,RJ,986233,57075
2021-07-14,RN,352164,6964
2021-07-14,RO,253420,6290
2021-07-14,RR,115829,1797
2021-07-14,RS,1261755,32435
2021-07-14,SC,1084339,17445
2021-07-14,SE,269568,5837
2021-07-14,SP,3896083,133364
2021-07-14,TO,203981,3375
2021-07-15,AC,86595,1774
2021-07-15,AL,224758,5594
2021-07-15,AM,409783,13413
2021-07-15,AP,119427,1876
2021-07-15,BA,1165822,25043
2021-07-15,CE,907496,23192
2021-07-15,DF,439981,9434
2021-07-15,ES,531447,11695
2021-07-15,GO,707236,19986
2021-07-15,MA,329102,9401
2021-07-15,MG,1888402,48513
2021-07-15,MS,346952,8630
2021-07-15,MT,467939,12193
2021-07-15,PA,565366,15798
2021-07-15,PB,411054,8841
2021-07-15,PE,575865,18235
2021-07-15,PI,304559,6730
2021-07-15,PR,1337888,33337
2021-07-15,RJ,992619,57252
2021-07-15,RN,352895,6982
2021-07-15,RO,253640,6296
2021-07-15,RR,116561,1804
2021-07-15,RS,1264483,32500
2021-07-15,SC,1086728,17474
2021-07-15,SE,270077,5846
2021-07-15,SP,3908279,133901
2021-07-15,TO,204350,3386
2021-07-16,AC,86644,1776
2021-07-16,AL,225064,5610
2021-07-16,AM,410367,13421
2021-07-16,AP,119540,1877
2021-07-16,BA,1168377,25108
2021-07-16,CE,907496,23192
2021-07-16,DF,440734,9455
2021-07-16,ES,532524,11707
2021-07-16,GO,709237,20037
2021-07-16,MA,329943,9417
2021-07-16,MG,1894268,48681
2021-07-16,MS,347729,8653
2021-07-16,MT,469572,12218
2021-07-16,PA,566006,15815
2021-07-16,PB,411997,8851
2021-07-16,PE,577115,18294
2021-07-16,PI,305007,6737
2021-07-16,PR,1340411,33503
2021-07-16,RJ,995266,57388
2021-07-16,RN,353188,6995
2021-07-16,RO,254264,6304
2021-07-16,RR,116950,1808
2021-07-16,RS,1266570,32579
2021-07-16,SC,1088880,17520
2021-07-16,SE,270472,5853
2021-07-16,SP,3919754,134320
2021-07-16,TO,204832,3396
2021-07-17,AC,86664,1776
2021-07-17,AL,225600,5626
2021-07-17,AM,410882,13429
2021-07-17,AP,119716,1879
2021-07-17,BA,1171292,25166
2021-07-17,CE,908578,23202
2021-07-17,DF,441251,9467
2021-07-17,ES,533445,11712
2021-07-17,GO,709544,20058
2021-07-17,MA,330641,9429
2021-07-17,MG,1900420,48872
2021-07-17,MS,348293,8680
2021-07-17,MT,470440,12231
2021-07-17,PA,566090,15824
2021-07-17,PB,412972,8866
2021-07-17,PE,578448,18304
2021-07-17,PI,305231,6746
2021-07-17,PR,1343827,33680
2021-07-17,RJ,998919,57522
2021-07-17,RN,353188,7000
2021-07-17,RO,254387,6305
2021-07-17,RR,117209,1810
2021-07-17,RS,1270862,32623
2021-07-17,SC,1090805,17546
2021-07-17,SE,270619,5857
2021-07-17,SP,3936849,134768
2021-07-17,TO,205064,3408
2021-07-18,AC,86680,1777
2021-07-18,AL,225999,5641
2021-07-18,AM,411112,13434
2021-07-18,AP,119899,1880
2021-07-18,BA,1173423,25197
2021-07-18,CE,909020,23202
2021-07-18,DF,441749,9479
2021-07-18,ES,533846,11716
2021-07-18,GO,709791,20071
2021-07-18,MA,330768,9433
2021-07-18,MG,1903127,48975
2021-07-18,MS,348632,8693
2021-07-18,MT,470752,12253
2021-07-18,PA,566135,15829
2021-07-18,PB,413821,8872
2021-07-18,PE,579086,18325
2021-07-18,PI,305351,6750
2021-07-18,PR,1345044,33740
2021-07-18,RJ,999906,57578
2021-07-18,RN,353610,7014
2021-07-18,RO,254457,6306
2021-07-18,RR,117266,1811
2021-07-18,RS,1271270,32642
2021-07-18,SC,1091516,17571
2021-07-18,SE,270835,5860
2021-07-18,SP,3939632,134803
2021-07-18,TO,205251,3415
2021-07-19,AC,86729,1779
2021-07-19,AL,226165,5656
2021-07-19,AM,411385,13443
2021-07-19,AP,120039,1883
2021-07-19,BA,1174613,25250
2021-07-19,CE,909205,23233
2021-07-19,DF,442223,9491
2021-07-19,ES,534718,11742
2021-07-19,GO,710657,20167
2021-07-19,MA,331085,9445
2021-07-19,MG,1904195,48988
2021-07-19,MS,348893,8725
2021-07-19,MT,472073,12290
2021-07-19,PA,567092,15859
2021-07-19,PB,414061,8885
2021-07-19,PE,579425,18342
2021-07-19,PI,305457,6760
2021-07-19,PR,1347283,33813
2021-07-19,RJ,1000496,57585
2021-07-19,RN,353932,7026
2021-07-19,RO,254557,6307
2021-07-19,RR,117316,1815
2021-07-19,RS,1271486,32669
2021-07-19,SC,1092280,17599
2021-07-19,SE,271012,5864
2021-07-19,SP,3942776,134900
2021-07-19,TO,205568,3419
2021-07-20,AC,86743,1780
2021-07-20,AL,226411,5671
2021-07-20,AM,411894,13449
2021-07-20,AP,120153,1884
2021-07-20,BA,1175267,25304
2021-07-20,CE,909564,23262
2021-07-20,DF,442703,9501
2021-07-20,ES,535708,11759
2021-07-20,GO,714961,20239
2021-07-20,MA,331437,9464
2021-07-20,MG,1909343,49025
2021-07-20,MS,349779,8749
2021-07-20,MT,473930,12311
2021-07-20,PA,567568,15883
2021-07-20,PB,414419,8895
2021-07-20,PE,579779,18388
2021-07-20,PI,306037,6766
2021-07-20,PR,1349928,33908
2021-07-20,RJ,1001670,57705
2021-07-20,RN,354534,7034
2021-07-20,RO,255008,6310
2021-07-20,RR,117670,1823
2021-07-20,RS,1272258,32763
2021-07-20,SC,1093968,17652
2021-07-20,SE,271539,5870
2021-07-20,SP,3947574,135490
2021-07-20,TO,206010,3429
2021-07-21,AC,86757,1791
2021-07-21,AL,226887,5685
2021-07-21,AM,412545,13453
2021-07-21,AP,120274,1887
2021-07-21,BA,1178355,25357
2021-07-21,CE,911021,23287
2021-07-21,DF,443280,9509
2021-07-21,ES,536677,11773
2021-07-21,GO,718238,20263
2021-07-21,MA,331864,9492
2021-07-21,MG,1915094,49233
2021-07-21,MS,350611,8779
2021-07-21,MT,475551,12337
2021-07-21,PA,568161,15914
2021-07-21,PB,414982,8906
2021-07-21,PE,581593,18444
2021-07-21,PI,306574,6770
2021-07-21,PR,1352948,33992
2021-07-21,RJ,1005098,57856
2021-07-21,RN,355349,7039
2021-07-21,RO,255294,6322
2021-07-21,RR,118036,1826
2021-07-21,RS,1275329,32831
2021-07-21,SC,1096616,17679
2021-07-21,SE,271921,5876
2021-07-21,SP,3966009,135973
2021-07-21,TO,206619,3440
2021-07-22,AC,86844,1793
2021-07-22,AL,227121,5698
2021-07-22,AM,413146,13462
2021-07-22,AP,120403,1888
2021-07-22,BA,1180732,25410
2021-07-22,CE,912497,23339
2021-07-22,DF,443797,9526
2021-07-22,ES,537562,11787
2021-07-22,GO,721791,20322
2021-07-22,MA,332315,9510
2021-07-22,MG,1921230,49377
2021-07-22,MS,351267,8802
2021-07-22,MT,476808,12357
2021-07-22,PA,568722,15941
2021-07-22,PB,416261,8915
2021-07-22,PE,582849,18502
2021-07-22,PI,306947,6777
2021-07-22,PR,1355387,34087
2021-07-22,RJ,1008623,58036
2021-07-22,RN,355668,7044
2021-07-22,RO,255454,6326
2021-07-22,RR,118338,1828
2021-07-22,RS,1279550,32910
2021-07-22,SC,1098579,17707
2021-07-22,SE,272220,5882
2021-07-22,SP,3979102,136466
2021-07-22,TO,207143,3452
2021-07-23,AC,86855,1796
2021-07-23,AL,227369,5711
2021-07-23,AM,413558,13468
2021-07-23,AP,120534,1889
2021-07-23,BA,1182673,25457
2021-07-23,CE,913440,23361
2021-07-23,DF,444665,9538
2021-07-23,ES,538351,11800
2021-07-23,GO,723409,20436
2021-07-23,MA,332749,9529
2021-07-23,MG,1928391,49500
2021-07-23,MS,351814,8816
2021-07-23,MT,478366,12382
2021-07-23,PA,569246,15958
2021-07-23,PB,417159,8922
2021-07-23,PE,583969,18548
2021-07-23,PI,307398,6788
2021-07-23,PR,1357700,34181
2021-07-23,RJ,1012026,58219
2021-07-23,RN,357641,7048
2021-07-23,RO,255724,6331
2021-07-23,RR,118502,1828
2021-07-23,RS,1343586,32972
2021-07-23,SC,1100959,17726
2021-07-23,SE,272677,5888
2021-07-23,SP,3991188,136884
2021-07-23,TO,207511,3459
2021-07-24,AC,86936,1796
2021-07-24,AL,227900,5724
2021-07-24,AM,413853,13477
2021-07-24,AP,120646,1891
2021-07-24,BA,1184314,25485
2021-07-24,CE,914005,23364
2021-07-24,DF,445424,9548
2021-07-24,ES,538908,11810
2021-07-24,GO,725560,20454
2021-07-24,MA,333173,9547
2021-07-24,MG,1933302,49675
2021-07-24,MS,352309,8837
2021-07-24,MT,479072,12397
2021-07-24,PA,569350,15963
2021-07-24,PB,417766,8930
2021-07-24,PE,584669,18599
2021-07-24,PI,307472,6797
2021-07-24,PR,1360016,34264
2021-07-24,RJ,1013744,58361
2021-07-24,RN,357804,7052
2021-07-24,RO,255914,6337
2021-07-24,RR,118766,1829
2021-07-24,RS,1350885,33039
2021-07-24,SC,1102663,17771
2021-07-24,SE,272846,5891
2021-07-24,SP,3997084,137211
2021-07-24,TO,207726,3466
2021-07-25,AC,86952,1796
2021-07-25,AL,228379,5733
2021-07-25,AM,414113,13482
2021-07-25,AP,120716,1892
2021-07-25,BA,1185439,25504
2021-07-25,CE,914635,23382
2021-07-25,DF,446136,9557
2021-07-25,ES,539355,11813
2021-07-25,GO,725967,20472
2021-07-25,MA,333206,9556
2021-07-25,MG,1936291,49832
2021-07-25,MS,352580,8853
2021-07-25,MT,479380,12409
2021-07-25,PA,569365,15965
2021-07-25,PB,418377,8938
2021-07-25,PE,585614,18616
2021-07-25,PI,307621,6808
2021-07-25,PR,1361135,34308
2021-07-25,RJ,1014583,58412
2021-07-25,RN,357822,7057
2021-07-25,RO,256044,6338
2021-07-25,RR,118818,1830
2021-07-25,RS,1352285,33046
2021-07-25,SC,1103428,17794
2021-07-25,SE,273048,5893
2021-07-25,SP,4001078,137236
2021-07-25,TO,207995,3472
2021-07-26,AC,86987,1797
2021-07-26,AL,228442,5746
2021-07-26,AM,414344,13492
2021-07-26,AP,120803,1897
2021-07-26,BA,1186213,25540
2021-07-26,CE,914992,23382
2021-07-26,DF,446772,9567
2021-07-26,ES,540031,11828
2021-07-26,GO,728153,20539
2021-07-26,MA,333606,9563
2021-07-26,MG,1937490,49869
2021-07-26,MS,353161,8870
2021-07-26,MT,480910,12450
2021-07-26,PA,570021,15971
2021-07-26,PB,418590,8945
2021-07-26,PE,586023,18629
2021-07-26,PI,307881,6815
2021-07-26,PR,1366309,34502
2021-07-26,RJ,1014915,58452
2021-07-26,RN,358044,7070
2021-07-26,RO,256357,6337
2021-07-26,RR,118968,1831
2021-07-26,RS,1353052,33059
2021-07-26,SC,1104454,17822
2021-07-26,SE,273330,5896
2021-07-26,SP,4003549,137273
2021-07-26,TO,208398,3477
2021-07-27,AC,86999,1797
2021-07-27,AL,228770,5759
2021-07-27,AM,414789,13501
2021-07-27,AP,120881,1898
2021-07-27,BA,1187550,25594
2021-07-27,CE,916008,23402
2021-07-27,DF,447354,9578
2021-07-27,ES,540720,11847
2021-07-27,GO,731673,20556
2021-07-27,MA,334181,9576
2021-07-27,MG,1942682,49901
2021-07-27,MS,354221,8893
2021-07-27,MT,482143,12468
2021-07-27,PA,570670,15990
2021-07-27,PB,418777,8952
2021-07-27,PE,586854,18665
2021-07-27,PI,308443,6821
2021-07-27,PR,1368490,34695
2021-07-27,RJ,1018721,58612
2021-07-27,RN,358937,7074
2021-07-27,RO,257053,6345
2021-07-27,RR,119261,1841
2021-07-27,RS,1355601,33147
2021-07-27,SC,1106804,17871
2021-07-27,SE,273449,5901
2021-07-27,SP,4015426,137740
2021-07-27,TO,208921,3484
2021-07-28,AC,87053,1798
2021-07-28,AL,229130,5772
2021-07-28,AM,415278,13508
2021-07-28,AP,120962,1902
2021-07-28,BA,1188967,25630
2021-07-28,CE,916994,23465
2021-07-28,DF,447990,9593
2021-07-28,ES,541420,11862
2021-07-28,GO,736410,20643
2021-07-28,MA,335193,9595
2021-07-28,MG,1948753,50059
2021-07-28,MS,354720,8910
2021-07-28,MT,483734,12499
2021-07-28,PA,571421,16011
2021-07-28,PB,419574,8962
2021-07-28,PE,587849,18702
2021-07-28,PI,308872,6829
2021-07-28,PR,1371895,34879
2021-07-28,RJ,1022499,58766
2021-07-28,RN,359201,7087
2021-07-28,RO,257250,6355
2021-07-28,RR,119572,1849
2021-07-28,RS,1358763,33205
2021-07-28,SC,1108855,17902
2021-07-28,SE,273629,5903
2021-07-28,SP,4027062,138101
2021-07-28,TO,209372,3493
2021-07-29,AC,87073,1798
2021-07-29,AL,229310,5785
2021-07-29,AM,415846,13515
2021-07-29,AP,121076,1905
2021-07-29,BA,1190992,25674
2021-07-29,CE,917645,23488
2021-07-29,DF,448666,9599
2021-07-29,ES,541935,11879
2021-07-29,GO,739633,20745
2021-07-29,MA,336142,9607
2021-07-29,MG,1954421,50225
2021-07-29,MS,355303,8924
2021-07-29,MT,485161,12523
2021-07-29,PA,572068,16034
2021-07-29,PB,420593,8971
2021-07-29,PE,588887,18736
2021-07-29,PI,309345,6833
2021-07-29,PR,1374352,35073
2021-07-29,RJ,1023940,58973
2021-07-29,RN,359378,7091
2021-07-29,RO,257513,6365
2021-07-29,RR,119828,1854
2021-07-29,RS,1361874,33246
2021-07-29,SC,1110742,17932
2021-07-29,SE,273863,5907
2021-07-29,SP,4038375,138436
2021-07-29,TO,209773,3502
2021-07-30,AC,87128,1798
2021-07-30,AL,229647,5797
2021-07-30,AM,416375,13523
2021-07-30,AP,121156,1906
2021-07-30,BA,1192293,25717
2021-07-30,CE,918377,23497
2021-07-30,DF,449404,9610
2021-07-30,ES,542633,11888
2021-07-30,GO,742291,20739
2021-07-30,MA,336777,9622
2021-07-30,MG,1960215,50346
2021-07-30,MS,355962,8938
2021-07-30,MT,486683,12541
2021-07-30,PA,572456,16048
2021-07-30,PB,421585,8977
2021-07-30,PE,589843,18768
2021-07-30,PI,309699,6835
2021-07-30,PR,1376644,35156
2021-07-30,RJ,1029016,59110
2021-07-30,RN,359665,7093
2021-07-30,RO,257769,6368
2021-07-30,RR,120005,1855
2021-07-30,RS,1363467,33289
2021-07-30,SC,1112332,17960
2021-07-30,SE,274024,5908
2021-07-30,SP,4048478,138702
2021-07-30,TO,210175,3512
2021-07-31,AC,87141,1799
2021-07-31,AL,229960,5809
2021-07-31,AM,416712,13527
2021-07-31,AP,121218,1907
2021-07-31,BA,1193689,25750
2021-07-31,CE,919206,23519
2021-07-31,DF,450166,9620
2021-07-31,ES,543006,11889
2021-07-31,GO,742718,20801
2021-07-31,MA,337116,9636
2021-07-31,MG,1966524,50461
2021-07-31,MS,356462,8955
2021-07-31,MT,487349,12549
2021-07-31,PA,572501,16057
2021-07-31,PB,422048,8987
2021-07-31,PE,590785,18784
2021-07-31,PI,309858,6837
2021-07-31,PR,1379001,35233
2021-07-31,RJ,1031839,59269
2021-07-31,RN,359776,7097
2021-07-31,RO,257845,6368
2021-07-31,RR,120121,1857
2021-07-31,RS,1367908,33334
2021-07-31,SC,1113757,17978
2021-07-31,SE,274262,5910
2021-07-31,SP,4057868,138996
2021-07-31,TO,210346,3523
2021-08-01,AC,87147,1800
2021-08-01,AL,230069,5821
2021-08-01,AM,416888,13531
2021-08-01,AP,121284,1907
2021-08-01,BA,1194316,25759
2021-08-01,CE,919462,23519
2021-08-01,DF,450865,9630
2021-08-01,ES,543277,11892
2021-08-01,GO,743131,20812
2021-08-01,MA,337153,9641
2021-08-01,MG,1973286,50611
2021-08-01,MS,356742,8962
2021-08-01,MT,487609,12571
2021-08-01,PA,572520,16058
2021-08-01,PB,422543,8994
2021-08-01,PE,591428,18808
2021-08-01,PI,309956,6844
2021-08-01,PR,1381247,35258
2021-08-01,RJ,1032320,59298
2021-08-01,RN,359801,7100
2021-08-01,RO,257999,6368
2021-08-01,RR,120159,1858
2021-08-01,RS,1368880,33347
2021-08-01,SC,1114412,17995
2021-08-01,SE,274595,5915
2021-08-01,SP,4061741,139039
2021-08-01,TO,210704,3529
2021-08-02,AC,87186,1802
2021-08-02,AL,230131,5833
2021-08-02,AM,417119,13536
2021-08-02,AP,121342,1913
2021-08-02,BA,1194954,25785
2021-08-02,CE,919544,23528
2021-08-02,DF,451570,9644
2021-08-02,ES,543698,11912
2021-08-02,GO,746561,20956
2021-08-02,MA,337357,9648
2021-08-02,MG,1975547,50628
2021-08-02,MS,357373,8983
2021-08-02,MT,488640,12612
2021-08-02,PA,572988,16068
2021-08-02,PB,422675,9003
2021-08-02,PE,591952,18822
2021-08-02,PI,310213,6846
2021-08-02,PR,1383358,35275
2021-08-02,RJ,1033477,59375
2021-08-02,RN,359995,7106
2021-08-02,RO,258143,6376
2021-08-02,RR,120252,1858
2021-08-02,RS,1369579,33365
2021-08-02,SC,1115302,18023
2021-08-02,SE,274732,5918
2021-08-02,SP,4063680,139059
2021-08-02,TO,211027,3537
2021-08-03,AC,87188,1802
2021-08-03,AL,230346,5845
2021-08-03,AM,417509,13545
2021-08-03,AP,121384,1914
2021-08-03,BA,1195507,25828
2021-08-03,CE,920296,23566
2021-08-03,DF,451894,9661
2021-08-03,ES,544254,11928
2021-08-03,GO,749743,21066
2021-08-03,MA,337999,9664
2021-08-03,MG,1975715,50639
2021-08-03,MS,357904,9003
2021-08-03,MT,490667,12645
2021-08-03,PA,573746,16101
2021-08-03,PB,422712,9011
2021-08-03,PE,592724,18857
2021-08-03,PI,310549,6850
2021-08-03,PR,1386437,35417
2021-08-03,RJ,1036927,59487
2021-08-03,RN,360217,7165
2021-08-03,RO,258508,6384
2021-08-03,RR,120410,1860
2021-08-03,RS,1371426,33415
2021-08-03,SC,1116810,18067
2021-08-03,SE,274981,5922
2021-08-03,SP,4073622,139464
2021-08-03,TO,211399,3541
2021-08-04,AC,87232,1802
2021-08-04,AL,230757,5857
2021-08-04,AM,418096,13554
2021-08-04,AP,121490,1915
2021-08-04,BA,1197413,25856
2021-08-04,CE,920296,23566
2021-08-04,DF,452527,9677
2021-08-04,ES,544970,11944
2021-08-04,GO,753056,21081
2021-08-04,MA,338713,9684
2021-08-04,MG,1981007,50801
2021-08-04,MS,358410,9026
2021-08-04,MT,491762,12673
2021-08-04,PA,574402,16136
2021-08-04,PB,423584,9018
2021-08-04,PE,593462,18899
2021-08-04,PI,310883,6859
2021-08-04,PR,1389689,35514
2021-08-04,RJ,1041216,59535
2021-08-04,RN,360441,7173
2021-08-04,RO,258792,6385
2021-08-04,RR,120590,1886
2021-08-04,RS,1373027,33443
2021-08-04,SC,1118520,18092
2021-08-04,SE,275097,5925
2021-08-04,SP,4084112,139870
2021-08-04,TO,211858,3548
2021-08-05,AC,87291,1802
2021-08-05,AL,231225,5868
2021-08-05,AM,418439,13562
2021-08-05,AP,121542,1916
2021-08-05,BA,1199008,25881
2021-08-05,CE,921483,23653
2021-08-05,DF,453192,9689
2021-08-05,ES,545876,11959
2021-08-05,GO,756033,21225
2021-08-05,MA,339339,9701
2021-08-05,MG,1985928,50938
2021-08-05,MS,358979,9040
2021-08-05,MT,493021,12699
2021-08-05,PA,575009,16151
2021-08-05,PB,424154,9023
2021-08-05,PE,594106,18941
2021-08-05,PI,311353,6865
2021-08-05,PR,1391877,35586
2021-08-05,RJ,1044535,59659
2021-08-05,RN,360690,7177
2021-08-05,RO,259013,6391
2021-08-05,RR,120750,1886
2021-08-05,RS,1376188,33496
2021-08-05,SC,1120003,18117
2021-08-05,SE,275333,5929
2021-08-05,SP,4094211,140135
2021-08-05,TO,212303,3556
2021-08-06,AC,87379,1804
2021-08-06,AL,231409,5879
2021-08-06,AM,418894,13570
2021-08-06,AP,121618,1922
2021-08-06,BA,1200275,25907
2021-08-06,CE,922409,23677
2021-08-06,DF,454184,9703
2021-08-06,ES,546323,11971
2021-08-06,GO,759722,21236
2021-08-06,MA,339942,9720
2021-08-06,MG,1991198,51088
2021-08-06,MS,359396,9062
2021-08-06,MT,494176,12731
2021-08-06,PA,575556,16156
2021-08-06,PB,424577,9037
2021-08-06,PE,594796,18967
2021-08-06,PI,311597,6870
2021-08-06,PR,1398609,35649
2021-08-06,RJ,1046494,59787
2021-08-06,RN,360931,7180
2021-08-06,RO,259293,6398
2021-08-06,RR,120905,1886
2021-08-06,RS,1379224,33533
2021-08-06,SC,1121820,18149
2021-08-06,SE,275473,5932
2021-08-06,SP,4104768,140428
2021-08-06,TO,212575,3560
2021-08-07,AC,87389,1804
2021-08-07,AL,231659,5886
2021-08-07,AM,419294,13577
2021-08-07,AP,121666,1924
2021-08-07,BA,1201950,25954
2021-08-07,CE,923045,23692
2021-08-07,DF,454767,9716
2021-08-07,ES,546660,11976
2021-08-07,GO,760281,21290
2021-08-07,MA,340256,9735
2021-08-07,MG,1995686,51216
2021-08-07,MS,359796,9074
2021-08-07,MT,494833,12748
2021-08-07,PA,575630,16165
2021-08-07,PB,424983,9049
2021-08-07,PE,595519,19005
2021-08-07,PI,311728,6872
2021-08-07,PR,1401131,35774
2021-08-07,RJ,1058911,59959
2021-08-07,RN,361034,7183
2021-08-07,RO,259537,6399
2021-08-07,RR,121012,1889
2021-08-07,RS,1380941,33567
2021-08-07,SC,1123341,18170
2021-08-07,SE,275549,5936
2021-08-07,SP,4113741,140677
2021-08-07,TO,212734,3564
2021-08-08,AC,87389,1804
2021-08-08,AL,231762,5895
2021-08-08,AM,419450,13584
2021-08-08,AP,121709,1924
2021-08-08,BA,1202434,25955
2021-08-08,CE,923331,23692
2021-08-08,DF,455088,9723
2021-08-08,ES,546894,11980
2021-08-08,GO,760663,21302
2021-08-08,MA,340275,9740
2021-08-08,MG,1997875,51317
2021-08-08,MS,360499,9082
2021-08-08,MT,495005,12763
2021-08-08,PA,575680,16169
2021-08-08,PB,425304,9057
2021-08-08,PE,595842,19016
2021-08-08,PI,311784,6877
2021-08-08,PR,1402385,35834
2021-08-08,RJ,1060591,59984
2021-08-08,RN,361034,7188
2021-08-08,RO,259559,6399
2021-08-08,RR,121043,1890
2021-08-08,RS,1381549,33576
2021-08-08,SC,1123885,18178
2021-08-08,SE,275618,5937
2021-08-08,SP,4117467,140755
2021-08-08,TO,212851,3569
2021-08-09,AC,87422,1804
2021-08-09,AL,231783,5905
2021-08-09,AM,419744,13591
2021-08-09,AP,121725,1926
2021-08-09,BA,1202820,25983
2021-08-09,CE,923513,23727
2021-08-09,DF,455682,9741
2021-08-09,ES,547356,11993
2021-08-09,GO,764427,21356
2021-08-09,MA,340477,9752
2021-08-09,MG,1998878,51343
2021-08-09,MS,360942,9090
2021-08-09,MT,496108,12800
2021-08-09,PA,576070,16179
2021-08-09,PB,425425,9065
2021-08-09,PE,595942,19028
2021-08-09,PI,311946,6881
2021-08-09,PR,1403372,35928
2021-08-09,RJ,1061793,59990
2021-08-09,RN,361206,7192
2021-08-09,RO,259832,6407
2021-08-09,RR,121130,1901
2021-08-09,RS,1381971,33588
2021-08-09,SC,1124632,18204
2021-08-09,SE,275776,5938
2021-08-09,SP,4119265,140809
2021-08-09,TO,213262,3576
2021-08-10,AC,87423,1804
2021-08-10,AL,231920,5914
2021-08-10,AM,420174,13596
2021-08-10,AP,121824,1930
2021-08-10,BA,1204276,26023
2021-08-10,CE,924062,23741
2021-08-10,DF,456129,9760
2021-08-10,ES,548106,12006
2021-08-10,GO,768566,21511
2021-08-10,MA,341080,9766
2021-08-10,MG,2003011,51362
2021-08-10,MS,361313,9113
2021-08-10,MT,497505,12828
2021-08-10,PA,576550,16205
2021-08-10,PB,425619,9071
2021-08-10,PE,596513,19072
2021-08-10,PI,312348,6888
2021-08-10,PR,1404904,36047
2021-08-10,RJ,1063772,60136
2021-08-10,RN,361518,7197
2021-08-10,RO,260090,6414
2021-08-10,RR,121315,1902
2021-08-10,RS,1383854,33631
2021-08-10,SC,1126670,18245
2021-08-10,SE,276218,5941
2021-08-10,SP,4129720,141277
2021-08-10,TO,213478,3585
2021-08-11,AC,87468,1805
2021-08-11,AL,232128,5923
2021-08-11,AM,420524,13605
2021-08-11,AP,121868,1931
2021-08-11,BA,1205316,26046
2021-08-11,CE,924654,23775
2021-08-11,DF,456791,9772
2021-08-11,ES,548895,12019
2021-08-11,GO,771414,21584
2021-08-11,MA,341669,9783
2021-08-11,MG,2007665,51502
2021-08-11,MS,361650,9125
2021-08-11,MT,498932,12858
2021-08-11,PA,576949,16224
2021-08-11,PB,426198,9076
2021-08-11,PE,597338,19101
2021-08-11,PI,312661,6888
2021-08-11,PR,1407021,36065
2021-08-11,RJ,1067809,60266
2021-08-11,RN,361683,7199
2021-08-11,RO,260372,6424
2021-08-11,RR,121481,1905
2021-08-11,RS,1385669,33669
2021-08-11,SC,1128471,18265
2021-08-11,SE,276504,5942
2021-08-11,SP,4138421,141664
2021-08-11,TO,213845,3593
2021-08-12,AC,87476,1807
2021-08-12,AL,232288,5932
2021-08-12,AM,420902,13613
2021-08-12,AP,121934,1933
2021-08-12,BA,1206678,26070
2021-08-12,CE,925096,23779
2021-08-12,DF,457452,9781
2021-08-12,ES,549522,12035
2021-08-12,GO,774217,21667
2021-08-12,MA,342370,9799
2021-08-12,MG,2012190,51614
2021-08-12,MS,362163,9141
2021-08-12,MT,500157,12881
2021-08-12,PA,577423,16237
2021-08-12,PB,426620,9082
2021-08-12,PE,598050,19117
2021-08-12,PI,312904,6895
2021-08-12,PR,1409308,36164
2021-08-12,RJ,1072522,60441
2021-08-12,RN,361904,7206
2021-08-12,RO,260380,6428
2021-08-12,RR,121666,1907
2021-08-12,RS,1387232,33703
2021-08-12,SC,1130282,18290
2021-08-12,SE,276653,5946
2021-08-12,SP,4147665,141958
2021-08-12,TO,214193,3599
2021-08-13,AC,87485,1807
2021-08-13,AL,232369,5941
2021-08-13,AM,421256,13622
2021-08-13,AP,121961,1934
2021-08-13,BA,1207796,26097
2021-08-13,CE,925347,23787
2021-08-13,DF,458052,9792
2021-08-13,ES,550448,12066
2021-08-13,GO,776484,21680
2021-08-13,MA,342807,9814
2021-08-13,MG,2015707,51744
2021-08-13,MS,362732,9160
2021-08-13,MT,501493,12904
2021-08-13,PA,577856,16245
2021-08-13,PB,427069,9086
2021-08-13,PE,598708,19135
2021-08-13,PI,313185,6902
2021-08-13,PR,1411868,36314
2021-08-13,RJ,1076885,60549
2021-08-13,RN,362246,7209
2021-08-13,RO,260563,6428
2021-08-13,RR,121697,1916
2021-08-13,RS,1388588,33724
2021-08-13,SC,1131807,18311
2021-08-13,SE,276784,5946
2021-08-13,SP,4156563,142199
2021-08-13,TO,214482,3605
2021-08-14,AC,87487,1807
2021-08-14,AL,232635,5950
2021-08-14,AM,421434,13625
2021-08-14,AP,122012,1936
2021-08-14,BA,1208878,26118
2021-08-14,CE,926017,23815
2021-08-14,DF,459095,9802
2021-08-14,ES,550920,12070
2021-08-14,GO,777224,21738
2021-08-14,MA,343001,9826
2021-08-14,MG,2019435,51849
2021-08-14,MS,363045,9170
2021-08-14,MT,501974,12927
2021-08-14,PA,577872,16257
2021-08-14,PB,427511,9089
2021-08-14,PE,600002,19152
2021-08-14,PI,313345,6906
2021-08-14,PR,1414633,36433
2021-08-14,RJ,1080746,60632
2021-08-14,RN,362285,7210
2021-08-14,RO,260723,6431
2021-08-14,RR,121908,1916
2021-08-14,RS,1390173,33752
2021-08-14,SC,1133146,18328
2021-08-14,SE,276821,5947
2021-08-14,SP,4164587,142528
2021-08-14,TO,214625,3615
2021-08-15,AC,87489,1807
2021-08-15,AL,232954,5958
2021-08-15,AM,421553,13628
2021-08-15,AP,122034,1936
2021-08-15,BA,1209429,26128
2021-08-15,CE,926247,23822
2021-08-15,DF,459593,9818
2021-08-15,ES,551458,12074
2021-08-15,GO,778053,21749
2021-08-15,MA,343079,9834
2021-08-15,MG,2021563,51959
2021-08-15,MS,363282,9182
2021-08-15,MT,502246,12946
2021-08-15,PA,577921,16271
2021-08-15,PB,427885,9093
2021-08-15,PE,600292,19160
2021-08-15,PI,313410,6908
2021-08-15,PR,1416245,36485
2021-08-15,RJ,1080845,60647
2021-08-15,RN,362356,7217
2021-08-15,RO,260751,6432
2021-08-15,RR,121940,1917
2021-08-15,RS,1390756,33756
2021-08-15,SC,1133790,18334
2021-08-15,SE,276865,5948
2021-08-15,SP,4168493,142588
2021-08-15,TO,214771,3621
2021-08-16,AC,87492,1808
2021-08-16,AL,233168,5966
2021-08-16,AM,421730,13630
2021-08-16,AP,122062,1939
2021-08-16,BA,1209749,26151
2021-08-16,CE,926380,23829
2021-08-16,DF,460361,9839
2021-08-16,ES,551943,12088
2021-08-16,GO,782209,21837
2021-08-16,MA,343341,9844
2021-08-16,MG,2022676,51970
2021-08-16,MS,363718,9200
2021-08-16,MT,503237,12971
2021-08-16,PA,578383,16280
2021-08-16,PB,427989,9098
2021-08-16,PE,600492,19173
2021-08-16,PI,313685,6911
2021-08-16,PR,1417847,36536
2021-08-16,RJ,1083263,60655
2021-08-16,RN,362466,7225
2021-08-16,RO,260765,6440
2021-08-16,RR,122064,1920
2021-08-16,RS,1391166,33768
2021-08-16,SC,1134696,18365
2021-08-16,SE,276874,5949
2021-08-16,SP,4170541,142609
2021-08-16,TO,215178,3627
2021-08-17,AC,87602,1808
2021-08-17,AL,233285,5974
2021-08-17,AM,421999,13639
2021-08-17,AP,122080,1941
2021-08-17,BA,1210672,26178
2021-08-17,CE,926987,23859
2021-08-17,DF,460840,9849
2021-08-17,ES,552662,12097
2021-08-17,GO,786816,21897
2021-08-17,MA,344025,9859
2021-08-17,MG,2025991,52002
2021-08-17,MS,364188,9213
2021-08-17,MT,505045,12998
2021-08-17,PA,578942,16303
2021-08-17,PB,428240,9108
2021-08-17,PE,601076,19188
2021-08-17,PI,313928,6915
2021-08-17,PR,1422603,36596
2021-08-17,RJ,1088188,60771
2021-08-17,RN,363096,7228
2021-08-17,RO,261227,6447
2021-08-17,RR,122224,1923
2021-08-17,RS,1392507,33807
2021-08-17,SC,1136726,18405
2021-08-17,SE,276891,5951
2021-08-17,SP,4179148,143135
2021-08-17,TO,215480,3631
2021-08-18,AC,87607,1808
2021-08-18,AL,233458,5982
2021-08-18,AM,422272,13643
2021-08-18,AP,122148,1942
2021-08-18,BA,1211625,26199
2021-08-18,CE,927422,23905
2021-08-18,DF,461422,9863
2021-08-18,ES,553599,12107
2021-08-18,GO,790666,21908
2021-08-18,MA,344670,9872
2021-08-18,MG,2030241,52132
2021-08-18,MS,364563,9224
2021-08-18,MT,505870,13016
2021-08-18,PA,579487,16324
2021-08-18,PB,428870,9115
2021-08-18,PE,601974,19213
2021-08-18,PI,314151,6915
2021-08-18,PR,1429658,36687
2021-08-18,RJ,1093165,60902
2021-08-18,RN,363231,7237
2021-08-18,RO,261439,6450
2021-08-18,RR,122373,1924
2021-08-18,RS,1394299,33849
2021-08-18,SC,1138221,18432
2021-08-18,SE,276954,5954
2021-08-18,SP,4187465,143471
2021-08-18,TO,215780,3637
2021-08-19,AC,87638,1808
2021-08-19,AL,233601,5990
2021-08-19,AM,422517,13645
2021-08-19,AP,122199,1943
2021-08-19,BA,1212603,26226
2021-08-19,CE,928016,23921
2021-08-19,DF,461925,9878
2021-08-19,ES,554688,12117
2021-08-19,GO,793961,22023
2021-08-19,MA,345154,9892
2021-08-19,MG,2034478,52248
2021-08-19,MS,365088,9237
2021-08-19,MT,507065,13036
2021-08-19,PA,580041,16340
2021-08-19,PB,429430,9123
2021-08-19,PE,602507,19224
2021-08-19,PI,314421,6918
2021-08-19,PR,1433191,36769
2021-08-19,RJ,1097935,61090
2021-08-19,RN,363436,7238
2021-08-19,RO,261632,6450
2021-08-19,RR,122638,1925
2021-08-19,RS,1395995,33887
2021-08-19,SC,1139900,18453
2021-08-19,SE,277009,5958
2021-08-19,SP,4195466,143752
2021-08-19,TO,216104,3642
2021-08-20,AC,87671,1809
2021-08-20,AL,233743,5998
2021-08-20,AM,422695,13649
2021-08-20,AP,122237,1944
2021-08-20,BA,1213318,26240
2021-08-20,CE,928564,23953
2021-08-20,DF,462687,9887
2021-08-20,ES,555703,12127
2021-08-20,GO,796457,22077
2021-08-20,MA,345629,9910
2021-08-20,MG,2038307,52326
2021-08-20,MS,365578,9247
2021-08-20,MT,508123,13058
2021-08-20,PA,580586,16351
2021-08-20,PB,429861,9130
2021-08-20,PE,603057,19262
2021-08-20,PI,314679,6920
2021-08-20,PR,1436627,36849
2021-08-20,RJ,1102305,61254
2021-08-20,RN,363959,7242
2021-08-20,RO,261794,6454
2021-08-20,RR,122831,1926
2021-08-20,RS,1398352,33917
2021-08-20,SC,1142067,18477
2021-08-20,SE,277045,5961
2021-08-20,SP,4202577,144013
2021-08-20,TO,216392,3646
2021-08-21,AC,87678,1809
2021-08-21,AL,233886,6006
2021-08-21,AM,422868,13651
2021-08-21,AP,122253,1945
2021-08-21,BA,1214324,26260
2021-08-21,CE,928921,23955
2021-08-21,DF,463530,9898
2021-08-21,ES,556203,12129
2021-08-21,GO,797023,22086
2021-08-21,MA,345832,9916
2021-08-21,MG,2041595,52411
2021-08-21,MS,365994,9260
2021-08-21,MT,508653,13074
2021-08-21,PA,580622,16355
2021-08-21,PB,430311,9135
2021-08-21,PE,603534,19287
2021-08-21,PI,314821,6924
2021-08-21,PR,1440654,36911
2021-08-21,RJ,1104215,61368
2021-08-21,RN,364058,7243
2021-08-21,RO,261880,6454
2021-08-21,RR,122960,1927
2021-08-21,RS,1399810,33945
2021-08-21,SC,1143649,18494
2021-08-21,SE,277077,5964
2021-08-21,SP,4209421,144185
2021-08-21,TO,216392,3646
2021-08-22,AC,87680,1809
2021-08-22,AL,234084,6014
2021-08-22,AM,423058,13652
2021-08-22,AP,122261,1947
2021-08-22,BA,1214690,26276
2021-08-22,CE,929060,23961
2021-08-22,DF,463942,9914
2021-08-22,ES,556392,12131
2021-08-22,GO,797376,22095
2021-08-22,MA,345949,9922
2021-08-22,MG,2043512,52491
2021-08-22,MS,366340,9266
2021-08-22,MT,508907,13094
2021-08-22,PA,580667,16365
2021-08-22,PB,430610,9137
2021-08-22,PE,603713,19296
2021-08-22,PI,314921,6927
2021-08-22,PR,1442350,36963
2021-08-22,RJ,1106424,61388
2021-08-22,RN,364070,7248
2021-08-22,RO,261946,6455
2021-08-22,RR,122975,1928
2021-08-22,RS,1400339,33951
2021-08-22,SC,1144220,18503
2021-08-22,SE,277187,5967
2021-08-22,SP,4212611,144216
2021-08-22,TO,216824,3655
2021-08-23,AC,87682,1811
2021-08-23,AL,234201,6022
2021-08-23,AM,423146,13656
2021-08-23,AP,122288,1948
2021-08-23,BA,1215040,26287
2021-08-23,CE,929060,23961
2021-08-23,DF,465073,9934
2021-08-23,ES,557108,12145
2021-08-23,GO,800619,22181
2021-08-23,MA,346125,9929
2021-08-23,MG,2044357,52508
2021-08-23,MS,366637,9280
2021-08-23,MT,509890,13123
2021-08-23,PA,581117,16390
2021-08-23,PB,430730,9145
2021-08-23,PE,603827,19306
2021-08-23,PI,315110,6932
2021-08-23,PR,1444035,37020
2021-08-23,RJ,1107794,61403
2021-08-23,RN,364223,7250
2021-08-23,RO,262081,6462
2021-08-23,RR,123095,1928
2021-08-23,RS,1400644,33964
2021-08-23,SC,1145063,18530
2021-08-23,SE,277194,5970
2021-08-23,SP,4214553,144243
2021-08-23,TO,217058,3660
2021-08-24,AC,87724,1811
2021-08-24,AL,234355,6030
2021-08-24,AM,423308,13661
2021-08-24,AP,122306,1949
2021-08-24,BA,1215884,26307
2021-08-24,CE,929145,23975
2021-08-24,DF,465555,9948
2021-08-24,ES,557925,12160
2021-08-24,GO,804508,22230
2021-08-24,MA,346608,9935
2021-08-24,MG,2047252,52521
2021-08-24,MS,367015,9308
2021-08-24,MT,510974,13140
2021-08-24,PA,581788,16404
2021-08-24,PB,430994,9149
2021-08-24,PE,604331,19314
2021-08-24,PI,315337,6936
2021-08-24,PR,1445954,37098
2021-08-24,RJ,1112203,61605
2021-08-24,RN,364406,7255
2021-08-24,RO,262247,6464
2021-08-24,RR,123121,1933
2021-08-24,RS,1402070,34011
2021-08-24,SC,1147023,18558
2021-08-24,SE,277227,5972
2021-08-24,SP,4222902,144510
2021-08-24,TO,217396,3664
2021-08-25,AC,87729,1813
2021-08-25,AL,234729,6036
2021-08-25,AM,423524,13669
2021-08-25,AP,122333,1949
2021-08-25,BA,1216546,26332
2021-08-25,CE,929670,23979
2021-08-25,DF,466294,9966
2021-08-25,ES,558799,12177
2021-08-25,GO,806965,22276
2021-08-25,MA,347057,9946
2021-08-25,MG,2051177,52626
2021-08-25,MS,367405,9323
2021-08-25,MT,512076,13163
2021-08-25,PA,582326,16422
2021-08-25,PB,431090,9154
2021-08-25,PE,604991,19329
2021-08-25,PI,315601,6937
2021-08-25,PR,1447855,37178
2021-08-25,RJ,1116338,61752
2021-08-25,RN,364587,7256
2021-08-25,RO,262411,6470
2021-08-25,RR,123394,1935
2021-08-25,RS,1403339,34056
2021-08-25,SC,1148649,18581
2021-08-25,SE,277283,5975
2021-08-25,SP,4229600,144767
2021-08-25,TO,217750,3668
2021-08-26,AC,87761,1813
2021-08-26,AL,235030,6042
2021-08-26,AM,423701,13672
2021-08-26,AP,122358,1949
2021-08-26,BA,1217632,26350
2021-08-26,CE,929954,23988
2021-08-26,DF,466840,9983
2021-08-26,ES,559518,12192
2021-08-26,GO,809238,22276
2021-08-26,MA,347821,9962
2021-08-26,MG,2055849,52713
2021-08-26,MS,367690,9335
2021-08-26,MT,513037,13177
2021-08-26,PA,582752,16435
2021-08-26,PB,431997,9160
2021-08-26,PE,605518,19337
2021-08-26,PI,315858,6939
2021-08-26,PR,1450194,37281
2021-08-26,RJ,1119881,61982
2021-08-26,RN,364695,7258
2021-08-26,RO,262577,6471
2021-08-26,RR,123461,1936
2021-08-26,RS,1404562,34087
2021-08-26,SC,1150649,18607
2021-08-26,SE,277349,5978
2021-08-26,SP,4236436,145012
2021-08-26,TO,218079,3670
2021-08-27,AC,87798,1813
2021-08-27,AL,235262,6048
2021-08-27,AM,423832,13674
2021-08-27,AP,122383,1950
2021-08-27,BA,1218650,26379
2021-08-27,CE,930816,24015
2021-08-27,DF,467693,9993
2021-08-27,ES,560430,12208
2021-08-27,GO,811684,22355
2021-08-27,MA,348215,9977
2021-08-27,MG,2057992,52784
2021-08-27,MS,367966,9336
2021-08-27,MT,514060,13191
2021-08-27,PA,583202,16443
2021-08-27,PB,432350,9165
2021-08-27,PE,606004,19345
2021-08-27,PI,316053,6941
2021-08-27,PR,1452487,37333
2021-08-27,RJ,1122331,62091
2021-08-27,RN,364852,7259
2021-08-27,RO,262676,6473
2021-08-27,RR,123662,1939
2021-08-27,RS,1405745,34113
2021-08-27,SC,1152212,18628
2021-08-27,SE,277367,5981
2021-08-27,SP,4244071,145316
2021-08-27,TO,218396,3673
2021-08-28,AC,87802,1813
2021-08-28,AL,235491,6054
2021-08-28,AM,423958,13677
2021-08-28,AP,122400,1951
2021-08-28,BA,1219440,26416
2021-08-28,CE,931152,24015
2021-08-28,DF,468264,10007
2021-08-28,ES,560949,12215
2021-08-28,GO,812556,22361
2021-08-28,MA,348399,9993
2021-08-28,MG,2061240,52885
2021-08-28,MS,368245,9346
2021-08-28,MT,515039,13200
2021-08-28,PA,583297,16444
2021-08-28,PB,432734,9171
2021-08-28,PE,606439,19359
2021-08-28,PI,316174,6943
2021-08-28,PR,1454459,37365
2021-08-28,RJ,1124612,62221
2021-08-28,RN,364941,7261
2021-08-28,RO,262836,6473
2021-08-28,RR,123735,1939
2021-08-28,RS,1406975,34142
2021-08-28,SC,1153610,18640
2021-08-28,SE,277383,5984
2021-08-28,SP,4250474,145499
2021-08-28,TO,218529,3676
2021-08-29,AC,87803,1814
2021-08-29,AL,235658,6060
2021-08-29,AM,424021,13679
2021-08-29,AP,122410,1951
2021-08-29,BA,1219827,26443
2021-08-29,CE,931152,24015
2021-08-29,DF,468944,10024
2021-08-29,ES,561455,12222
2021-08-29,GO,813240,22365
2021-08-29,MA,348440,10002
2021-08-29,MG,2063232,52958
2021-08-29,MS,368309,9354
2021-08-29,MT,515092,13202
2021-08-29,PA,583302,16445
2021-08-29,PB,433012,9176
2021-08-29,PE,606670,19364
2021-08-29,PI,316246,6945
2021-08-29,PR,1455699,37411
2021-08-29,RJ,1125234,62242
2021-08-29,RN,364942,7265
2021-08-29,RO,262859,6473
2021-08-29,RR,123749,1940
2021-08-29,RS,1407378,34145
2021-08-29,SC,1154131,18646
2021-08-29,SE,277410,5986
2021-08-29,SP,4253516,145522
2021-08-29,TO,218665,3679
2021-08-30,AC,87804,1814
2021-08-30,AL,235702,6066
2021-08-30,AM,424130,13682
2021-08-30,AP,122420,1951
2021-08-30,BA,1220168,26466
2021-08-30,CE,931321,24015
2021-08-30,DF,469940,10041
2021-08-30,ES,562205,12242
2021-08-30,GO,815148,22401
2021-08-30,MA,348591,10016
2021-08-30,MG,2063829,52967
2021-08-30,MS,368581,9370
2021-08-30,MT,516107,13225
2021-08-30,PA,583797,16453
2021-08-30,PB,433170,9182
2021-08-30,PE,607021,19370
2021-08-30,PI,316440,6945
2021-08-30,PR,1456790,37451
2021-08-30,RJ,1125567,62248
2021-08-30,RN,365033,7267
2021-08-30,RO,263036,6476
2021-08-30,RR,123816,1942
2021-08-30,RS,1408030,34159
2021-08-30,SC,1154865,18666
2021-08-30,SE,277442,5989
2021-08-30,SP,4255324,145558
2021-08-30,TO,218915,3683
2021-08-31,AC,87823,1814
2021-08-31,AL,235774,6072
2021-08-31,AM,424281,13687
2021-08-31,AP,122427,1953
2021-08-31,BA,1220792,26487
2021-08-31,CE,931561,24025
2021-08-31,DF,470471,10054
2021-08-31,ES,563031,12253
2021-08-31,GO,819494,22495
2021-08-31,MA,349064,10031
2021-08-31,MG,2066338,52986
2021-08-31,MS,368886,9382
2021-08-31,MT,517162,13238
2021-08-31,PA,584363,16461
2021-08-31,PB,433322,9187
2021-08-31,PE,607529,19383
2021-08-31,PI,316699,6946
2021-08-31,PR,1457929,37500
2021-08-31,RJ,1128166,62457
2021-08-31,RN,365177,7269
2021-08-31,RO,263211,6478
2021-08-31,RR,123990,1948
2021-08-31,RS,1408873,34199
2021-08-31,SC,1156369,18703
2021-08-31,SE,277455,5992
2021-08-31,SP,4262684,145836
2021-08-31,TO,219158,3689
2021-09-01,AC,87831,1814
2021-09-01,AL,235900,6078
2021-09-01,AM,424428,13687
2021-09-01,AP,122439,1953
2021-09-01,BA,1221597,26497
2021-09-01,CE,931803,24027
2021-09-01,DF,471656,10062
2021-09-01,ES,563808,12268
2021-09-01,GO,822582,22533
2021-09-01,MA,349537,10040
2021-09-01,MG,2069230,53082
2021-09-01,MS,369146,9392
2021-09-01,MT,518178,13257
2021-09-01,PA,584704,16479
2021-09-01,PB,433729,9190
2021-09-01,PE,608586,19411
2021-09-01,PI,316900,6950
2021-09-01,PR,1459199,37555
2021-09-01,RJ,1130276,62595
2021-09-01,RN,365294,7270
2021-09-01,RO,263450,6478
2021-09-01,RR,124092,1949
2021-09-01,RS,1409665,34227
2021-09-01,SC,1157666,18724
2021-09-01,SE,277470,5995
2021-09-01,SP,4269138,146015
2021-09-01,TO,219465,3693
2021-09-02,AC,87835,1814
2021-09-02,AL,235997,6084
2021-09-02,AM,424562,13689
2021-09-02,AP,122457,1954
2021-09-02,BA,1222427,26510
2021-09-02,CE,932267,24041
2021-09-02,DF,472677,10084
2021-09-02,ES,564438,12283
2021-09-02,GO,825110,22589
2021-09-02,MA,349894,10051
2021-09-02,MG,2073221,53167
2021-09-02,MS,369475,9403
2021-09-02,MT,519062,13271
2021-09-02,PA,585086,16493
2021-09-02,PB,434170,9199
2021-09-02,PE,609157,19425
2021-09-02,PI,317096,6951
2021-09-02,PR,1462480,37614
2021-09-02,RJ,1132381,62774
2021-09-02,RN,365395,7278
2021-09-02,RO,263586,6481
2021-09-02,RR,124214,1953
2021-09-02,RS,1410394,34268
2021-09-02,SC,1158903,18754
2021-09-02,SE,277502,5998
2021-09-02,SP,4275258,146179
2021-09-02,TO,219746,3696
2021-09-03,AC,87855,1814
2021-09-03,AL,236108,6090
2021-09-03,AM,424737,13690
2021-09-03,AP,122481,1959
2021-09-03,BA,1223241,26535
2021-09-03,CE,932522,24046
2021-09-03,DF,473731,10104
2021-09-03,ES,565138,12291
2021-09-03,GO,826894,22635
2021-09-03,MA,350234,10060
2021-09-03,MG,2074688,53244
2021-09-03,MS,369733,9411
2021-09-03,MT,519889,13284
2021-09-03,PA,585306,16503
2021-09-03,PB,434800,9203
2021-09-03,PE,609698,19445
2021-09-03,PI,317261,6953
2021-09-03,PR,1465445,37664
2021-09-03,RJ,1134359,62978
2021-09-03,RN,365447,7280
2021-09-03,RO,263728,6482
2021-09-03,RR,124293,1956
2021-09-03,RS,1411194,34296
2021-09-03,SC,1160164,18774
2021-09-03,SE,277528,6000
2021-09-03,SP,4281972,146348
2021-09-03,TO,219948,3698
2021-09-04,AC,87875,1814
2021-09-04,AL,236423,6096
2021-09-04,AM,424833,13693
2021-09-04,AP,122493,1959
2021-09-04,BA,1223769,26565
2021-09-04,CE,932934,24065
2021-09-04,DF,474420,10116
2021-09-04,ES,565978,12296
2021-09-04,GO,827202,22647
2021-09-04,MA,350611,10066
2021-09-04,MG,2077270,53323
2021-09-04,MS,369916,9418
2021-09-04,MT,520547,13292
2021-09-04,PA,585391,16504
2021-09-04,PB,435373,9208
2021-09-04,PE,610059,19451
2021-09-04,PI,317349,6956
2021-09-04,PR,1466759,37721
2021-09-04,RJ,1136652,63142
2021-09-04,RN,365552,7281
2021-09-04,RO,263772,6483
2021-09-04,RR,124429,1956
2021-09-04,RS,1411872,34313
2021-09-04,SC,1161207,18788
2021-09-04,SE,277544,6001
2021-09-04,SP,4288443,146526
2021-09-04,TO,220044,3700
2021-09-05,AC,87875,1814
2021-09-05,AL,236604,6101
2021-09-05,AM,424917,13694
2021-09-05,AP,122508,1959
2021-09-05,BA,1223979,26572
2021-09-05,CE,933319,24065
2021-09-05,DF,475083,10128
2021-09-05,ES,566429,12302
2021-09-05,GO,827786,22659
2021-09-05,MA,350848,10070
2021-09-05,MG,2080596,53323
2021-09-05,MS,370014,9429
2021-09-05,MT,520817,13305
2021-09-05,PA,585403,16506
2021-09-05,PB,435729,9212
2021-09-05,PE,610297,19462
2021-09-05,PI,317417,6959
2021-09-05,PR,1468047,37765
2021-09-05,RJ,1137593,63234
2021-09-05,RN,365683,7282
2021-09-05,RO,263782,6486
2021-09-05,RR,124441,1957
2021-09-05,RS,1412356,34323
2021-09-05,SC,1161674,18792
2021-09-05,SE,277566,6001
2021-09-05,SP,4290459,146549
2021-09-05,TO,220154,3702
2021-09-06,AC,87877,1814
2021-09-06,AL,236777,6106
2021-09-06,AM,424996,13696
2021-09-06,AP,122540,1959
2021-09-06,BA,1224174,26577
2021-09-06,CE,933490,24065
2021-09-06,DF,476143,10144
2021-09-06,ES,567037,12313
2021-09-06,GO,828878,22699
2021-09-06,MA,351106,10071
2021-09-06,MG,2081186,53323
2021-09-06,MS,370224,9434
2021-09-06,MT,521204,13316
2021-09-06,PA,585515,16512
2021-09-06,PB,435822,9217
2021-09-06,PE,610740,19469
2021-09-06,PI,317558,6963
2021-09-06,PR,1469154,37801
2021-09-06,RJ,1137927,63243
2021-09-06,RN,365736,7286
2021-09-06,RO,263834,6488
2021-09-06,RR,124441,1957
2021-09-06,RS,1412828,34333
2021-09-06,SC,1162499,18813
2021-09-06,SE,277578,6001
2021-09-06,SP,4291993,146567
2021-09-06,TO,220290,3704
2021-09-07,AC,87899,1815
2021-09-07,AL,236840,6111
2021-09-07,AM,425063,13697
2021-09-07,AP,122547,1959
2021-09-07,BA,1224498,26583
2021-09-07,CE,933732,24085
2021-09-07,DF,476789,10156
2021-09-07,ES,567686,12318
2021-09-07,GO,829569,22710
2021-09-07,MA,351398,10073
2021-09-07,MG,2081186,53386
2021-09-07,MS,370341,9439
2021-09-07,MT,521458,13326
2021-09-07,PA,585534,16517
2021-09-07,PB,436098,9220
2021-09-07,PE,610980,19476
2021-09-07,PI,317693,6964
2021-09-07,PR,1470333,37830
2021-09-07,RJ,1140025,63312
2021-09-07,RN,365758,7290
2021-09-07,RO,263904,6490
2021-09-07,RR,124453,1958
2021-09-07,RS,1414422,34350
2021-09-07,SC,1163834,18831
2021-09-07,SE,277589,6001
2021-09-07,SP,4295149,146595
2021-09-07,TO,220372,3706
2021-09-08,AC,87900,1815
2021-09-08,AL,236881,6116
2021-09-08,AM,425125,13698
2021-09-08,AP,122558,1960
2021-09-08,BA,1224668,26597
2021-09-08,CE,934038,24095
2021-09-08,DF,477592,10166
2021-09-08,ES,568392,12333
2021-09-08,GO,829866,22710
2021-09-08,MA,351508,10076
2021-09-08,MG,2086149,53407
2021-09-08,MS,370399,9447
2021-09-08,MT,522029,13344
2021-09-08,PA,585939,16521
2021-09-08,PB,436341,9224
2021-09-08,PE,611475,19485
2021-09-08,PI,317760,6965
2021-09-08,PR,1471436,37858
2021-09-08,RJ,1140428,63354
2021-09-08,RN,365874,7292
2021-09-08,RO,263924,6494
2021-09-08,RR,124453,1958
2021-09-08,RS,1414881,34362
2021-09-08,SC,1164514,18853
2021-09-08,SE,277600,6001
2021-09-08,SP,4297229,146610
2021-09-08,TO,220372,3706
2021-09-09,AC,87903,1815
2021-09-09,AL,236963,6121
2021-09-09,AM,425339,13701
2021-09-09,AP,122566,1960
2021-09-09,BA,1225258,26617
2021-09-09,CE,934106,24115
2021-09-09,DF,478117,10178
2021-09-09,ES,569268,12341
2021-09-09,GO,833330,22868
2021-09-09,MA,351917,10084
2021-09-09,MG,2088668,53424
2021-09-09,MS,370399,9455
2021-09-09,MT,522843,13358
2021-09-09,PA,586298,16523
2021-09-09,PB,436528,9230
2021-09-09,PE,611739,19497
2021-09-09,PI,317817,6966
2021-09-09,PR,1472984,37904
2021-09-09,RJ,1158164,63545
2021-09-09,RN,366025,7295
2021-09-09,RO,263924,6494
2021-09-09,RR,124477,1963
2021-09-09,RS,1415177,34400
2021-09-09,SC,1166156,18879
2021-09-09,SE,277611,6002
2021-09-09,SP,4298180,146828
2021-09-09,TO,220394,3708
2021-09-10,AC,87907,1816
2021-09-10,AL,237003,6126
2021-09-10,AM,425427,13701
2021-09-10,AP,122592,1960
2021-09-10,BA,1225697,26627
2021-09-10,CE,934181,24117
2021-09-10,DF,478695,10191
2021-09-10,ES,570074,12350
2021-09-10,GO,836069,22912
2021-09-10,MA,352279,10090
2021-09-10,MG,2091779,53525
2021-09-10,MS,370454,9459
2021-09-10,MT,523601,13378
2021-09-10,PA,586377,16526
2021-09-10,PB,436544,9231
2021-09-10,PE,612680,19511
2021-09-10,PI,317918,6969
2021-09-10,PR,1474461,37954
2021-09-10,RJ,1158414,63641
2021-09-10,RN,366265,7296
2021-09-10,RO,264015,6495
2021-09-10,RR,124482,1967
2021-09-10,RS,1417918,34425
2021-09-10,SC,1166453,18907
2021-09-10,SE,277625,6003
2021-09-10,SP,4298851,147020
2021-09-10,TO,220843,3710
2021-09-11,AC,87907,1816
2021-09-11,AL,237119,6131
2021-09-11,AM,425506,13704
2021-09-11,AP,122595,1960
2021-09-11,BA,1225697,26633
2021-09-11,CE,934447,24126
2021-09-11,DF,479284,10201
2021-09-11,ES,570816,12351
2021-09-11,GO,836385,22913
2021-09-11,MA,352403,10095
2021-09-11,MG,2094900,53611
2021-09-11,MS,370718,9463
2021-09-11,MT,523942,13391
2021-09-11,PA,586460,16531
2021-09-11,PB,436560,9233
2021-09-11,PE,612857,19529
2021-09-11,PI,318022,6971
2021-09-11,PR,1476317,38027
2021-09-11,RJ,1159088,63846
2021-09-11,RN,366344,7296
2021-09-11,RO,264188,6502
2021-09-11,RR,126832,1968
2021-09-11,RS,1419078,34438
2021-09-11,SC,1166654,18925
2021-09-11,SE,277643,6003
2021-09-11,SP,4299629,147198
2021-09-11,TO,220971,3713
2021-09-12,AC,87911,1816
2021-09-12,AL,237182,6136
2021-09-12,AM,425566,13705
2021-09-12,AP,122602,1960
2021-09-12,BA,1226337,26637
2021-09-12,CE,934494,24127
2021-09-12,DF,480018,10212
2021-09-12,ES,571442,12354
2021-09-12,GO,836526,22918
2021-09-12,MA,352412,10101
2021-09-12,MG,2096295,53681
2021-09-12,MS,370873,9468
2021-09-12,MT,524029,13395
2021-09-12,PA,586468,16534
2021-09-12,PB,436570,9240
2021-09-12,PE,613436,19539
2021-09-12,PI,318033,6975
2021-09-12,PR,1478138,38079
2021-09-12,RJ,1159247,63880
2021-09-12,RN,366360,7302
2021-09-12,RO,264210,6503
2021-09-12,RR,126855,1968
2021-09-12,RS,1419330,34453
2021-09-12,SC,1166871,18936
2021-09-12,SE,277653,6003
2021-09-12,SP,4300307,147236
2021-09-12,TO,221058,3716
2021-09-13,AC,87914,1816
2021-09-13,AL,237209,6141
2021-09-13,AM,425625,13705
2021-09-13,AP,122603,1962
2021-09-13,BA,1226497,26650
2021-09-13,CE,934512,24132
2021-09-13,DF,480823,10222
2021-09-13,ES,572205,12369
2021-09-13,GO,838389,22968
2021-09-13,MA,352470,10106
2021-09-13,MG,2097095,53698
2021-09-13,MS,371045,9477
2021-09-13,MT,524610,13412
2021-09-13,PA,586890,16544
2021-09-13,PB,436603,9246
2021-09-13,PE,613526,19552
2021-09-13,PI,318066,6980
2021-09-13,PR,1479670,38116
2021-09-13,RJ,1159247,63880
2021-09-13,RN,366417,7309
2021-09-13,RO,264317,6506
2021-09-13,RR,126855,1971
2021-09-13,RS,1419604,34462
2021-09-13,SC,1167047,18953
2021-09-13,SE,277669,6003
2021-09-13,SP,4300644,147258
2021-09-13,TO,221317,3719
2021-09-14,AC,87914,1816
2021-09-14,AL,237287,6146
2021-09-14,AM,425701,13707
2021-09-14,AP,122609,1963
2021-09-14,BA,1226941,26677
2021-09-14,CE,935273,24144
2021-09-14,DF,481699,10230
2021-09-14,ES,573046,12387
2021-09-14,GO,839866,22983
2021-09-14,MA,352747,10110
2021-09-14,MG,2098724,53732
2021-09-14,MS,371282,9484
2021-09-14,MT,525332,13418
2021-09-14,PA,587225,16548
2021-09-14,PB,436629,9250
2021-09-14,PE,614141,19560
2021-09-14,PI,318125,6980
2021-09-14,PR,1481268,38163
2021-09-14,RJ,1159801,64077
2021-09-14,RN,366532,7309
2021-09-14,RO,264395,6508
2021-09-14,RR,126855,1980
2021-09-14,RS,1420827,34510
2021-09-14,SC,1167468,18982
2021-09-14,SE,277686,6003
2021-09-14,SP,4301525,147444
2021-09-14,TO,221540,3724
2021-09-15,AC,87916,1816
2021-09-15,AL,237350,6151
2021-09-15,AM,425781,13709
2021-09-15,AP,122616,1969
2021-09-15,BA,1227412,26689
2021-09-15,CE,935383,24144
2021-09-15,DF,482337,10245
2021-09-15,ES,573954,12397
2021-09-15,GO,840489,23015
2021-09-15,MA,353095,10120
2021-09-15,MG,2103798,53845
2021-09-15,MS,371315,9490
2021-09-15,MT,526090,13431
2021-09-15,PA,587587,16567
2021-09-15,PB,436645,9253
2021-09-15,PE,614430,19574
2021-09-15,PI,318228,6983
2021-09-15,PR,1482927,38216
2021-09-15,RJ,1160185,64295
2021-09-15,RN,366665,7313
2021-09-15,RO,264504,6512
2021-09-15,RR,125840,1982
2021-09-15,RS,1421433,34538
2021-09-15,SC,1167725,19010
2021-09-15,SE,277747,6003
2021-09-15,SP,4302511,147641
2021-09-15,TO,221750,3728
2021-09-16,AC,87924,1816
2021-09-16,AL,237453,6156
2021-09-16,AM,425844,13709
2021-09-16,AP,122627,1969
2021-09-16,BA,1227870,26712
2021-09-16,CE,935400,24139
2021-09-16,DF,482967,10260
2021-09-16,ES,574541,12404
2021-09-16,GO,842634,23084
2021-09-16,MA,353301,10128
2021-09-16,MG,2106357,53899
2021-09-16,MS,371452,9492
2021-09-16,MT,526609,13445
2021-09-16,PA,587871,16574
2021-09-16,PB,436723,9259
2021-09-16,PE,614860,19586
2021-09-16,PI,318337,6984
2021-09-16,PR,1484665,38268
2021-09-16,RJ,1161182,64472
2021-09-16,RN,366884,7315
2021-09-16,RO,264671,6513
2021-09-16,RR,125866,1982
2021-09-16,RS,1422000,34554
2021-09-16,SC,1168139,19033
2021-09-16,SE,277791,6003
2021-09-16,SP,4325189,147811
2021-09-16,TO,222002,3732
2021-09-17,AC,87925,1817
2021-09-17,AL,237479,6161
2021-09-17,AM,425907,13710
2021-09-17,AP,122643,1969
2021-09-17,BA,1228507,26742
2021-09-17,CE,935513,24148
2021-09-17,DF,483705,10267
2021-09-17,ES,575626,12419
2021-09-17,GO,844108,23083
2021-09-17,MA,353554,10132
2021-09-17,MG,2108362,53971
2021-09-17,MS,371518,9497
2021-09-17,MT,527223,13458
2021-09-17,PA,587922,16578
2021-09-17,PB,436755,9264
2021-09-17,PE,615196,19595
2021-09-17,PI,318371,6985
2021-09-17,PR,1486523,38333
2021-09-17,RJ,1161682,64677
2021-09-17,RN,367055,7320
2021-09-17,RO,264785,6511
2021-09-17,RR,126086,1987
2021-09-17,RS,1422778,34575
2021-09-17,SC,1168503,19055
2021-09-17,SE,277819,6004
2021-09-17,SP,4348775,147944
2021-09-17,TO,222172,3735
2021-09-18,AC,87930,1817
2021-09-18,AL,237621,6165
2021-09-18,AM,425960,13712
2021-09-18,AP,122664,1969
2021-09-18,BA,1228777,26752
2021-09-18,CE,935722,24157
2021-09-18,DF,484499,10273
2021-09-18,ES,576183,12426
2021-09-18,GO,844714,23136
2021-09-18,MA,353695,10135
2021-09-18,MG,2110768,54023
2021-09-18,MS,371518,9497
2021-09-18,MT,527839,13465
2021-09-18,PA,588010,16585
2021-09-18,PB,439899,9268
2021-09-18,PE,615550,19605
2021-09-18,PI,318473,6987
2021-09-18,PR,1488604,38407
2021-09-18,RJ,1266882,64843
2021-09-18,RN,367710,7320
2021-09-18,RO,264810,6511
2021-09-18,RR,126095,1987
2021-09-18,RS,1428292,34595
2021-09-18,SC,1168817,19067
2021-09-18,SE,277835,6004
2021-09-18,SP,4350223,148079
2021-09-18,TO,222278,3738
2021-09-19,AC,87932,1817
2021-09-19,AL,237663,6169
2021-09-19,AM,425994,13713
2021-09-19,AP,122669,1969
2021-09-19,BA,1229070,26755
2021-09-19,CE,935931,24157
2021-09-19,DF,485590,10284
2021-09-19,ES,576470,12430
2021-09-19,GO,845010,23139
2021-09-19,MA,353700,10135
2021-09-19,MG,2112043,54080
2021-09-19,MS,371855,9506
2021-09-19,MT,528096,13471
2021-09-19,PA,588049,16586
2021-09-19,PB,440067,9271
2021-09-19,PE,615672,19612
2021-09-19,PI,318493,6987
2021-09-19,PR,1490543,38456
2021-09-19,RJ,1268614,64895
2021-09-19,RN,367721,7322
2021-09-19,RO,264823,6511
2021-09-19,RR,126097,1987
2021-09-19,RS,1428678,34597
2021-09-19,SC,1169031,19075
2021-09-19,SE,277856,6005
2021-09-19,SP,4350530,148099
2021-09-19,TO,222344,3743
2021-09-20,AC,87932,1817
2021-09-20,AL,237673,6173
2021-09-20,AM,426024,13714
2021-09-20,AP,122677,1970
2021-09-20,BA,1229200,26771
2021-09-20,CE,935931,24157
2021-09-20,DF,486686,10298
2021-09-20,ES,577104,12448
2021-09-20,GO,846535,23198
2021-09-20,MA,353761,10136
2021-09-20,MG,2112758,54085
2021-09-20,MS,371861,9507
2021-09-20,MT,528703,13483
2021-09-20,PA,588511,16600
2021-09-20,PB,440106,9278
2021-09-20,PE,615823,19620
2021-09-20,PI,318566,6988
2021-09-20,PR,1492190,38491
2021-09-20,RJ,1269239,64918
2021-09-20,RN,367784,7324
2021-09-20,RO,264929,6512
2021-09-20,RR,126100,1987
2021-09-20,RS,1428989,34607
2021-09-20,SC,1169331,19098
2021-09-20,SE,277888,6005
2021-09-20,SP,4351001,148104
2021-09-20,TO,222522,3747
2021-09-21,AC,87932,1835
2021-09-21,AL,237702,6177
2021-09-21,AM,426072,13716
2021-09-21,AP,122704,1972
2021-09-21,BA,1229200,26781
2021-09-21,CE,935400,24158
2021-09-21,DF,487325,10311
2021-09-21,ES,577869,12464
2021-09-21,GO,849311,23259
2021-09-21,MA,354073,10140
2021-09-21,MG,2114292,54095
2021-09-21,MS,372097,9515
2021-09-21,MT,529288,13489
2021-09-21,PA,588964,16617
2021-09-21,PB,440131,9278
2021-09-21,PE,616128,19639
2021-09-21,PI,318608,6989
2021-09-21,PR,1494156,38556
2021-09-21,RJ,1272342,65103
2021-09-21,RN,367954,7327
2021-09-21,RO,265010,6512
2021-09-21,RR,126108,1988
2021-09-21,RS,1429276,34617
2021-09-21,SC,1169652,19119
2021-09-21,SE,277909,6005
2021-09-21,SP,4352832,148295
2021-09-21,TO,222864,3752
2021-09-22,AC,87932,1835
2021-09-22,AL,237784,6181
2021-09-22,AM,426125,13717
2021-09-22,AP,122726,1975
2021-09-22,BA,1230257,26788
2021-09-22,CE,935400,24163
2021-09-22,DF,488141,10323
2021-09-22,ES,578795,12474
2021-09-22,GO,852076,23292
2021-09-22,MA,354369,10145
2021-09-22,MG,2116703,54162
2021-09-22,MS,372109,9520
2021-09-22,MT,529938,13503
2021-09-22,PA,589252,16624
2021-09-22,PB,440428,9284
2021-09-22,PE,616910,19647
2021-09-22,PI,318702,6992
2021-09-22,PR,1496055,38624
2021-09-22,RJ,1273870,65227
2021-09-22,RN,368039,7330
2021-09-22,RO,265157,6515
2021-09-22,RR,126114,1988
2021-09-22,RS,1430461,34661
2021-09-22,SC,1184733,19146
2021-09-22,SE,277924,6006
2021-09-22,SP,4354658,148495
2021-09-22,TO,223123,3757
2021-09-23,AC,87934,1836
2021-09-23,AL,237842,6185
2021-09-23,AM,426175,13718
2021-09-23,AP,122735,1975
2021-09-23,BA,1230812,26798
2021-09-23,CE,935400,24175
2021-09-23,DF,489118,10342
2021-09-23,ES,579781,12488
2021-09-23,GO,854286,23293
2021-09-23,MA,354701,10147
2021-09-23,MG,2126277,54212
2021-09-23,MS,372268,9529
2021-09-23,MT,530459,13514
2021-09-23,PA,589628,16630
2021-09-23,PB,440631,9287
2021-09-23,PE,617304,19659
2021-09-23,PI,318815,6995
2021-09-23,PR,1498098,38685
2021-09-23,RJ,1275932,65382
2021-09-23,RN,368115,7331
2021-09-23,RO,265191,6515
2021-09-23,RR,126136,1990
2021-09-23,RS,1431351,34700
2021-09-23,SC,1185864,19160
2021-09-23,SE,277940,6007
2021-09-23,SP,4356590,148688
2021-09-23,TO,223309,3762
2021-09-24,AC,87937,1836
2021-09-24,AL,237888,6189
2021-09-24,AM,426230,13719
2021-09-24,AP,122759,1976
2021-09-24,BA,1231408,26829
2021-09-24,CE,935400,24175
2021-09-24,DF,490122,10364
2021-09-24,ES,580857,12501
2021-09-24,GO,856551,23342
2021-09-24,MA,355049,10152
2021-09-24,MG,2128581,54265
2021-09-24,MS,372324,9532
2021-09-24,MT,530885,13519
2021-09-24,PA,589962,16635
2021-09-24,PB,440856,9290
2021-09-24,PE,618327,19673
2021-09-24,PI,318919,6997
2021-09-24,PR,1500292,38769
2021-09-24,RJ,1278031,65498
2021-09-24,RN,368192,7333
2021-09-24,RO,265272,6519
2021-09-24,RR,126167,1992
2021-09-24,RS,1432114,34728
2021-09-24,SC,1186988,19171
2021-09-24,SE,277964,6008
2021-09-24,SP,4358788,148903
2021-09-24,TO,223489,3768
2021-09-25,AC,87938,1836
2021-09-25,AL,237944,6193
2021-09-25,AM,426286,13719
2021-09-25,AP,122769,1977
2021-09-25,BA,1231753,26833
2021-09-25,CE,935400,24175
2021-09-25,DF,490909,10382
2021-09-25,ES,581760,12503
2021-09-25,GO,857043,23359
2021-09-25,MA,355231,10156
2021-09-25,MG,2131317,54337
2021-09-25,MS,372324,9532
2021-09-25,MT,531159,13522
2021-09-25,PA,590034,16640
2021-09-25,PB,441021,9292
2021-09-25,PE,618843,19683
2021-09-25,PI,319057,7002
2021-09-25,PR,1502370,38837
2021-09-25,RJ,1278906,65613
2021-09-25,RN,368303,7333
2021-09-25,RO,265469,6520
2021-09-25,RR,126187,1992
2021-09-25,RS,1432844,34741
2021-09-25,SC,1188208,19186
2021-09-25,SE,277995,6008
2021-09-25,SP,4360548,149078
2021-09-25,TO,223593,3774
2021-09-26,AC,87938,1836
2021-09-26,AL,237974,6197
2021-09-26,AM,426318,13719
2021-09-26,AP,122778,1977
2021-09-26,BA,1231985,26836
2021-09-26,CE,935400,24197
2021-09-26,DF,491564,10395
2021-09-26,ES,582341,12507
2021-09-26,GO,857501,23364
2021-09-26,MA,355248,10159
2021-09-26,MG,2132748,54372
2021-09-26,MS,372660,9544
2021-09-26,MT,531254,13526
2021-09-26,PA,590116,16643
2021-09-26,PB,441155,9294
2021-09-26,PE,619048,19693
2021-09-26,PI,319098,7004
2021-09-26,PR,1504340,38887
2021-09-26,RJ,1280126,65653
2021-09-26,RN,368308,7334
2021-09-26,RO,265479,6520
2021-09-26,RR,126188,1993
2021-09-26,RS,1433261,34746
2021-09-26,SC,1188580,19199
2021-09-26,SE,278014,6008
2021-09-26,SP,4360931,149109
2021-09-26,TO,223714,3777
2021-09-27,AC,87939,1836
2021-09-27,AL,237999,6201
2021-09-27,AM,426339,13720
2021-09-27,AP,122781,1977
2021-09-27,BA,1232135,26842
2021-09-27,CE,935400,24207
2021-09-27,DF,492977,10415
2021-09-27,ES,583276,12526
2021-09-27,GO,858927,23365
2021-09-27,MA,355335,10162
2021-09-27,MG,2133191,54373
2021-09-27,MS,372781,9547
2021-09-27,MT,531717,13539
2021-09-27,PA,590569,16650
2021-09-27,PB,441193,9298
2021-09-27,PE,619239,19700
2021-09-27,PI,319116,7006
2021-09-27,PR,1506172,38929
2021-09-27,RJ,1280544,65661
2021-09-27,RN,368379,7335
2021-09-27,RO,265481,6520
2021-09-27,RR,126191,1993
2021-09-27,RS,1433550,34752
2021-09-27,SC,1188881,19214
2021-09-27,SE,278036,6008
2021-09-27,SP,4361331,149127
2021-09-27,TO,223925,3780
2021-09-28,AC,87940,1837
2021-09-28,AL,238040,6205
2021-09-28,AM,426388,13722
2021-09-28,AP,122803,1977
2021-09-28,BA,1232674,26845
2021-09-28,CE,935400,24210
2021-09-28,DF,493698,10435
2021-09-28,ES,584280,12539
2021-09-28,GO,861370,23457
2021-09-28,MA,355628,10164
2021-09-28,MG,2134739,54425
2021-09-28,MS,372813,9551
2021-09-28,MT,532594,13550
2021-09-28,PA,591021,16653
2021-09-28,PB,441224,9304
2021-09-28,PE,619551,19712
2021-09-28,PI,319282,7007
2021-09-28,PR,1507935,38984
2021-09-28,RJ,1282592,65856
2021-09-28,RN,368500,7336
2021-09-28,RO,265679,6524
2021-09-28,RR,126199,1998
2021-09-28,RS,1434425,34795
2021-09-28,SC,1190110,19242
2021-09-28,SE,278050,6008
2021-09-28,SP,4363122,149380
2021-09-28,TO,224224,3784
2021-09-29,AC,87923,1837
2021-09-29,AL,238117,6209
2021-09-29,AM,426435,13723
2021-09-29,AP,122814,1978
2021-09-29,BA,1233244,26851
2021-09-29,CE,935400,24210
2021-09-29,DF,494299,10454
2021-09-29,ES,585083,12550
2021-09-29,GO,863210,23493
2021-09-29,MA,355882,10169
2021-09-29,MG,2137964,54466
2021-09-29,MS,372917,9555
2021-09-29,MT,533464,13557
2021-09-29,PA,591318,16658
2021-09-29,PB,441458,9308
2021-09-29,PE,620174,19724
2021-09-29,PI,319334,7011
2021-09-29,PR,1509702,39041
2021-09-29,RJ,1283454,66015
2021-09-29,RN,368619,7337
2021-09-29,RO,265831,6525
2021-09-29,RR,126212,2001
2021-09-29,RS,1435929,34827
2021-09-29,SC,1191300,19265
2021-09-29,SE,278080,6009
2021-09-29,SP,4364582,149621
2021-09-29,TO,224419,3787
2021-09-30,AC,87924,1838
2021-09-30,AL,238210,6213
2021-09-30,AM,426476,13723
2021-09-30,AP,122836,1981
2021-09-30,BA,1233799,26859
2021-09-30,CE,940463,24221
2021-09-30,DF,495249,10464
2021-09-30,ES,586117,12558
2021-09-30,GO,864737,23514
2021-09-30,MA,356236,10174
2021-09-30,MG,2140378,54547
2021-09-30,MS,373084,9564
2021-09-30,MT,533891,13563
2021-09-30,PA,591574,16660
2021-09-30,PB,441674,9311
2021-09-30,PE,620723,19740
2021-09-30,PI,319410,7012
2021-09-30,PR,1511509,39096
2021-09-30,RJ,1285731,66134
2021-09-30,RN,368716,7340
2021-09-30,RO,265879,6529
2021-09-30,RR,126220,2001
2021-09-30,RS,1436962,34860
2021-09-30,SC,1192421,19276
2021-09-30,SE,278104,6010
2021-09-30,SP,4366132,149810
2021-09-30,TO,224657,3791
2021-10-01,AC,87925,1838
2021-10-01,AL,238249,6217
2021-10-01,AM,426527,13724
2021-10-01,AP,122858,1984
2021-10-01,BA,1234370,26866
2021-10-01,CE,940756,24233
2021-10-01,DF,496186,10480
2021-10-01,ES,587121,12567
2021-10-01,GO,865558,23533
2021-10-01,MA,356562,10177
2021-10-01,MG,2143234,54613
2021-10-01,MS,373271,9571
2021-10-01,MT,534336,13568
2021-10-01,PA,591824,16664
2021-10-01,PB,441837,9312
2021-10-01,PE,621192,19747
2021-10-01,PI,319572,7016
2021-10-01,PR,1513301,39109
2021-10-01,RJ,1288476,66261
2021-10-01,RN,368935,7340
2021-10-01,RO,265879,6529
2021-10-01,RR,126234,2001
2021-10-01,RS,1438878,34881
2021-10-01,SC,1193381,19291
2021-10-01,SE,278134,6010
2021-10-01,SP,4367748,149953
2021-10-01,TO,224819,3794
2021-10-02,AC,87926,1838
2021-10-02,AL,238270,6220
2021-10-02,AM,426554,13725
2021-10-02,AP,122879,1984
2021-10-02,BA,1234812,26870
2021-10-02,CE,940854,24240
2021-10-02,DF,496779,10488
2021-10-02,ES,587792,12573
2021-10-02,GO,865558,23533
2021-10-02,MA,356698,10179
2021-10-02,MG,2145773,54664
2021-10-02,MS,373401,9577
2021-10-02,MT,534515,13572
2021-10-02,PA,591867,16665
2021-10-02,PB,442011,9314
2021-10-02,PE,621633,19754
2021-10-02,PI,319706,7016
2021-10-02,PR,1515046,39161
2021-10-02,RJ,1289639,66422
2021-10-02,RN,368994,7341
2021-10-02,RO,265879,6529
2021-10-02,RR,126236,2002
2021-10-02,RS,1440380,34905
2021-10-02,SC,1194325,19306
2021-10-02,SE,278142,6011
2021-10-02,SP,4369061,150050
2021-10-02,TO,224819,3794
2021-10-03,AC,87926,1838
2021-10-03,AL,238370,6223
2021-10-03,AM,426578,13727
2021-10-03,AP,122894,1984
2021-10-03,BA,1235139,26873
2021-10-03,CE,940929,24246
2021-10-03,DF,498043,10495
2021-10-03,ES,588430,12575
2021-10-03,GO,867015,23566
2021-10-03,MA,356702,10182
2021-10-03,MG,2147088,54719
2021-10-03,MS,373645,9575
2021-10-03,MT,534575,13575
2021-10-03,PA,591872,16667
2021-10-03,PB,442171,9319
2021-10-03,PE,621834,19764
2021-10-03,PI,319762,7017
2021-10-03,PR,1516637,39208
2021-10-03,RJ,1289808,66437
2021-10-03,RN,369000,7341
2021-10-03,RO,265879,6529
2021-10-03,RR,126238,2002
2021-10-03,RS,1440854,34911
2021-10-03,SC,1194687,19313
2021-10-03,SE,278151,6011
2021-10-03,SP,4369538,150064
2021-10-03,TO,224937,3798
2021-10-04,AC,87930,1838
2021-10-04,AL,238458,6226
2021-10-04,AM,426603,13728
2021-10-04,AP,122897,1984
2021-10-04,BA,1235369,26881
2021-10-04,CE,940931,24246
2021-10-04,DF,499033,10510
2021-10-04,ES,589345,12592
2021-10-04,GO,869387,23569
2021-10-04,MA,356764,10184
2021-10-04,MG,2148756,54722
2021-10-04,MS,373708,9578
2021-10-04,MT,535077,13581
2021-10-04,PA,592267,16669
2021-10-04,PB,442208,9320
2021-10-04,PE,621928,19780
2021-10-04,PI,319783,7018
2021-10-04,PR,1518147,39256
2021-10-04,RJ,1291106,66465
2021-10-04,RN,369069,7343
2021-10-04,RO,265879,6529
2021-10-04,RR,126238,2003
2021-10-04,RS,1441243,34919
2021-10-04,SC,1195124,19324
2021-10-04,SE,278168,6012
2021-10-04,SP,4369743,150086
2021-10-04,TO,225058,3800
2021-10-05,AC,87931,1839
2021-10-05,AL,238572,6229
2021-10-05,AM,426658,13729
2021-10-05,AP,122937,1986
2021-10-05,BA,1235722,26886
2021-10-05,CE,940993,24255
2021-10-05,DF,502049,10527
2021-10-05,ES,590486,12611
2021-10-05,GO,872259,23637
2021-10-05,MA,357101,10187
2021-10-05,MG,2150012,54797
2021-10-05,MS,373888,9580
2021-10-05,MT,535628,13587
2021-10-05,PA,592640,16675
2021-10-05,PB,442237,9325
2021-10-05,PE,622302,19793
2021-10-05,PI,319841,7019
2021-10-05,PR,1519904,39316
2021-10-05,RJ,1293429,66648
2021-10-05,RN,369273,7346
2021-10-05,RO,265879,6529
2021-10-05,RR,126238,2003
2021-10-05,RS,1443135,34953
2021-10-05,SC,1196390,19346
2021-10-05,SE,278190,6013
2021-10-05,SP,4373508,150229
2021-10-05,TO,225154,3802
2021-10-06,AC,87931,1839
2021-10-06,AL,238630,6232
2021-10-06,AM,426717,13735
2021-10-06,AP,122961,1986
2021-10-06,BA,1236004,26896
2021-10-06,CE,941041,24270
2021-10-06,DF,502732,10537
2021-10-06,ES,591385,12625
2021-10-06,GO,875138,23703
2021-10-06,MA,357319,10189
2021-10-06,MG,2152853,54840
2021-10-06,MS,373926,9584
2021-10-06,MT,536147,13591
2021-10-06,PA,593035,16681
2021-10-06,PB,442464,9329
2021-10-06,PE,622742,19805
2021-10-06,PI,320596,7025
2021-10-06,PR,1521513,39367
2021-10-06,RJ,1295429,66741
2021-10-06,RN,369448,7347
2021-10-06,RO,266097,6536
2021-10-06,RR,126238,2005
2021-10-06,RS,1444439,34976
2021-10-06,SC,1197398,19360
2021-10-06,SE,278207,6013
2021-10-06,SP,4375187,150401
2021-10-06,TO,225322,3804
2021-10-07,AC,87938,1839
2021-10-07,AL,238680,6232
2021-10-07,AM,426772,13740
2021-10-07,AP,123002,1986
2021-10-07,BA,1236390,26901
2021-10-07,CE,941227,24281
2021-10-07,DF,503720,10569
2021-10-07,ES,592389,12638
2021-10-07,GO,877612,23714
2021-10-07,MA,357542,10192
2021-10-07,MG,2153954,54873
2021-10-07,MS,373980,9588
2021-10-07,MT,536677,13595
2021-10-07,PA,593336,16686
2021-10-07,PB,442662,9332
2021-10-07,PE,623144,19817
2021-10-07,PI,321029,7028
2021-10-07,PR,1523090,39422
2021-10-07,RJ,1295545,66785
2021-10-07,RN,369581,7350
2021-10-07,RO,266480,6541
2021-10-07,RR,126243,2005
2021-10-07,RS,1445556,34996
2021-10-07,SC,1198432,19374
2021-10-07,SE,278216,6014
2021-10-07,SP,4376700,150540
2021-10-07,TO,225612,3806
2021-10-08,AC,87940,1839
2021-10-08,AL,238728,6235
2021-10-08,AM,426817,13744
2021-10-08,AP,123046,1986
2021-10-08,BA,1237493,26909
2021-10-08,CE,941330,24296
2021-10-08,DF,504772,10585
2021-10-08,ES,593198,12654
2021-10-08,GO,879638,23748
2021-10-08,MA,357765,10194
2021-10-08,MG,2155777,54944
2021-10-08,MS,374132,9592
2021-10-08,MT,537240,13604
2021-10-08,PA,593560,16688
2021-10-08,PB,442842,9336
2021-10-08,PE,623561,19829
2021-10-08,PI,321273,7033
2021-10-08,PR,1524696,39471
2021-10-08,RJ,1299010,67029
2021-10-08,RN,369753,7350
2021-10-08,RO,266651,6544
2021-10-08,RR,126259,2006
2021-10-08,RS,1446846,35017
2021-10-08,SC,1199572,19387
2021-10-08,SE,278223,6015
2021-10-08,SP,4378139,150630
2021-10-08,TO,225779,3809
2021-10-09,AC,87944,1840
2021-10-09,AL,238827,6238
2021-10-09,AM,426882,13745
2021-10-09,AP,123074,1986
2021-10-09,BA,1237470,26916
2021-10-09,CE,941581,24309
2021-10-09,DF,505543,10594
2021-10-09,ES,594073,12660
2021-10-09,GO,879912,23754
2021-10-09,MA,357905,10195
2021-10-09,MG,2157905,54984
2021-10-09,MS,374132,9592
2021-10-09,MT,537574,13605
2021-10-09,PA,593608,16690
2021-10-09,PB,443000,9341
2021-10-09,PE,624018,19839
2021-10-09,PI,321433,7037
2021-10-09,PR,1526276,39510
2021-10-09,RJ,1299493,67170
2021-10-09,RN,369846,7350
2021-10-09,RO,266699,6543
2021-10-09,RR,126269,2006
2021-10-09,RS,1448076,35036
2021-10-09,SC,1200432,19397
2021-10-09,SE,278229,6016
2021-10-09,SP,4382863,150728
2021-10-09,TO,225779,3809
2021-10-10,AC,87944,1840
2021-10-10,AL,238879,6241
2021-10-10,AM,426919,13746
2021-10-10,AP,123096,1986
2021-10-10,BA,1237675,26919
2021-10-10,CE,941592,24309
2021-10-10,DF,506429,10604
2021-10-10,ES,594562,12664
2021-10-10,GO,880309,23767
2021-10-10,MA,357923,10197
2021-10-10,MG,2158771,54996
2021-10-10,MS,374495,9600
2021-10-10,MT,537728,13607
2021-10-10,PA,593612,16691
2021-10-10,PB,443141,9346
2021-10-10,PE,624197,19845
2021-10-10,PI,321611,7038
2021-10-10,PR,1527671,39540
2021-10-10,RJ,1300712,67175
2021-10-10,RN,369859,7350
2021-10-10,RO,266714,6543
2021-10-10,RR,126273,2006
2021-10-10,RS,1448543,35045
2021-10-10,SC,1200905,19400
2021-10-10,SE,278236,6017
2021-10-10,SP,4383381,150756
2021-10-10,TO,226078,3813
2021-10-11,AC,87944,1840
2021-10-11,AL,238918,6244
2021-10-11,AM,426946,13747
2021-10-11,AP,123104,1986
2021-10-11,BA,1237779,26925
2021-10-11,CE,941602,24310
2021-10-11,DF,507407,10621
2021-10-11,ES,595186,12674
2021-10-11,GO,880598,23808
2021-10-11,MA,357961,10201
2021-10-11,MG,2159712,55006
2021-10-11,MS,374677,9601
2021-10-11,MT,537795,13611
2021-10-11,PA,593788,16692
2021-10-11,PB,443181,9351
2021-10-11,PE,624349,19850
2021-10-11,PI,321838,7042
2021-10-11,PR,1528963,39562
2021-10-11,RJ,1301362,67188
2021-10-11,RN,369903,7354
2021-10-11,RO,266780,6544
2021-10-11,RR,126280,2006
2021-10-11,RS,1448779,35049
2021-10-11,SC,1201201,19412
2021-10-11,SE,278242,6018
2021-10-11,SP,4383780,150789
2021-10-11,TO,226172,3817
2021-10-12,AC,87944,1841
2021-10-12,AL,238963,6247
2021-10-12,AM,426974,13749
2021-10-12,AP,123132,1986
2021-10-12,BA,1237873,26933
2021-10-12,CE,941604,24317
2021-10-12,DF,507861,10633
2021-10-12,ES,595520,12681
2021-10-12,GO,881220,23818
2021-10-12,MA,358054,10205
2021-10-12,MG,2160419,55012
2021-10-12,MS,374745,9602
2021-10-12,MT,537854,13615
2021-10-12,PA,593914,16693
2021-10-12,PB,443203,9353
2021-10-12,PE,624559,19855
2021-10-12,PI,322014,7043
2021-10-12,PR,1530289,39583
2021-10-12,RJ,1301890,67204
2021-10-12,RN,369995,7357
2021-10-12,RO,266839,6546
2021-10-12,RR,126280,2006
2021-10-12,RS,1449891,35061
2021-10-12,SC,1201887,19418
2021-10-12,SE,278253,6019
2021-10-12,SP,4384190,150826
2021-10-12,TO,226235,3820
2021-10-13,AC,87968,1841
2021-10-13,AL,239046,6250
2021-10-13,AM,427008,13750
2021-10-13,AP,123142,1986
2021-10-13,BA,1238063,26940
2021-10-13,CE,941644,24317
2021-10-13,DF,508623,10648
2021-10-13,ES,596231,12707
2021-10-13,GO,882739,23849
2021-10-13,MA,358151,10206
2021-10-13,MG,2160751,55036
2021-10-13,MS,374855,9610
2021-10-13,MT,538265,13624
2021-10-13,PA,594246,16698
2021-10-13,PB,443248,9358
2021-10-13,PE,624730,19857
2021-10-13,PI,322304,7050
2021-10-13,PR,1531452,39603
2021-10-13,RJ,1302530,67207
2021-10-13,RN,370120,7358
2021-10-13,RO,267019,6546
2021-10-13,RR,126289,2006
2021-10-13,RS,1450212,35070
2021-10-13,SC,1202269,19431
2021-10-13,SE,278255,6020
2021-10-13,SP,4384416,150835
2021-10-13,TO,226393,3825
2021-10-14,AC,87994,1841
2021-10-14,AL,239074,6253
2021-10-14,AM,427058,13750
2021-10-14,AP,123195,1986
2021-10-14,BA,1238652,26950
2021-10-14,CE,941743,24335
2021-10-14,DF,509148,10664
2021-10-14,ES,596868,12720
2021-10-14,GO,884430,23912
2021-10-14,MA,358395,10208
2021-10-14,MG,2162611,55064
2021-10-14,MS,375047,9619
2021-10-14,MT,538902,13629
2021-10-14,PA,594724,16702
2021-10-14,PB,443294,9361
2021-10-14,PE,625147,19866
2021-10-14,PI,322556,7058
2021-10-14,PR,1532450,39654
2021-10-14,RJ,1304445,67342
2021-10-14,RN,370418,7361
2021-10-14,RO,267238,6547
2021-10-14,RR,126300,2016
2021-10-14,RS,1451069,35118
2021-10-14,SC,1203243,19457
2021-10-14,SE,278275,6020
2021-10-14,SP,4386346,150938
2021-10-14,TO,226571,3828
2021-10-15,AC,88001,1842
2021-10-15,AL,239166,6253
2021-10-15,AM,427103,13754
2021-10-15,AP,123226,1987
2021-10-15,BA,1239293,26957
2021-10-15,CE,941903,24349
2021-10-15,DF,509543,10681
2021-10-15,ES,597434,12738
2021-10-15,GO,885535,23938
2021-10-15,MA,358548,10210
2021-10-15,MG,2164781,55106
2021-10-15,MS,375110,9623
2021-10-15,MT,539461,13630
2021-10-15,PA,595130,16706
2021-10-15,PB,443505,9364
2021-10-15,PE,625561,19877
2021-10-15,PI,322742,7064
2021-10-15,PR,1533803,39747
2021-10-15,RJ,1305919,67457
2021-10-15,RN,370791,7363
2021-10-15,RO,267379,6550
2021-10-15,RR,126305,2016
2021-10-15,RS,1451864,35151
2021-10-15,SC,1204332,19475
2021-10-15,SE,278290,6020
2021-10-15,SP,4388031,151017
2021-10-15,TO,226727,3831
2021-10-16,AC,88005,1842
2021-10-16,AL,239215,6256
2021-10-16,AM,427147,13756
2021-10-16,AP,123256,1988
2021-10-16,BA,1239650,26967
2021-10-16,CE,942018,24378
2021-10-16,DF,510159,10692
2021-10-16,ES,598078,12746
2021-10-16,GO,885680,23944
2021-10-16,MA,358644,10211
2021-10-16,MG,2166108,55180
2021-10-16,MS,375110,9623
2021-10-16,MT,539611,13636
2021-10-16,PA,595161,16709
2021-10-16,PB,443739,9367
2021-10-16,PE,625969,19885
2021-10-16,PI,322860,7067
2021-10-16,PR,1534935,39793
2021-10-16,RJ,1306675,67575
2021-10-16,RN,370895,7364
2021-10-16,RO,267500,6551
2021-10-16,RR,126305,2018
2021-10-16,RS,1452630,35176
2021-10-16,SC,1205368,19489
2021-10-16,SE,278318,6020
2021-10-16,SP,4389479,151107
2021-10-16,TO,226727,3831
2021-10-17,AC,88007,1842
2021-10-17,AL,239312,6259
2021-10-17,AM,427164,13756
2021-10-17,AP,123270,1988
2021-10-17,BA,1239893,26968
2021-10-17,CE,942178,24378
2021-10-17,DF,510684,10703
2021-10-17,ES,598599,12754
2021-10-17,GO,885790,23944
2021-10-17,MA,358645,10212
2021-10-17,MG,2167487,55209
2021-10-17,MS,375363,9625
2021-10-17,MT,539764,13639
2021-10-17,PA,595181,16710
2021-10-17,PB,443885,9371
2021-10-17,PE,626258,19890
2021-10-17,PI,322994,7068
2021-10-17,PR,1535331,39810
2021-10-17,RJ,1306819,67584
2021-10-17,RN,370914,7364
2021-10-17,RO,267513,6551
2021-10-17,RR,126316,2018
2021-10-17,RS,1453179,35183
2021-10-17,SC,1205855,19492
2021-10-17,SE,278321,6021
2021-10-17,SP,4389848,151126
2021-10-17,TO,226857,3834
2021-10-18,AC,88010,1842
2021-10-18,AL,239370,6262
2021-10-18,AM,427188,13756
2021-10-18,AP,123277,1989
2021-10-18,BA,1240271,26976
2021-10-18,CE,942216,24378
2021-10-18,DF,511145,10720
2021-10-18,ES,599324,12774
2021-10-18,GO,887296,23967
2021-10-18,MA,358712,10215
2021-10-18,MG,2167653,55218
2021-10-18,MS,375509,9626
2021-10-18,MT,540091,13647
2021-10-18,PA,595617,16711
2021-10-18,PB,443927,9371
2021-10-18,PE,626308,19893
2021-10-18,PI,323137,7070
2021-10-18,PR,1536788,39877
2021-10-18,RJ,1308193,67584
2021-10-18,RN,371045,7368
2021-10-18,RO,267659,6552
2021-10-18,RR,126941,2019
2021-10-18,RS,1453468,35196
2021-10-18,SC,1206243,19500
2021-10-18,SE,278346,6022
2021-10-18,SP,4390006,151129
2021-10-18,TO,227003,3839
2021-10-19,AC,88011,1842
2021-10-19,AL,239423,6265
2021-10-19,AM,427237,13757
2021-10-19,AP,123316,1989
2021-10-19,BA,1240662,26986
2021-10-19,CE,942277,24384
2021-10-19,DF,511593,10732
2021-10-19,ES,599994,12788
2021-10-19,GO,889908,23986
2021-10-19,MA,358941,10217
2021-10-19,MG,2170366,55229
2021-10-19,MS,375571,9626
2021-10-19,MT,540521,13653
2021-10-19,PA,595995,16713
2021-10-19,PB,443972,9376
2021-10-19,PE,626781,19908
2021-10-19,PI,323274,7073
2021-10-19,PR,1538268,39941
2021-10-19,RJ,1307160,67652
2021-10-19,RN,371278,7368
2021-10-19,RO,267996,6558
2021-10-19,RR,127010,2019
2021-10-19,RS,1454266,35224
2021-10-19,SC,1207332,19515
2021-10-19,SE,278363,6023
2021-10-19,SP,4391302,151210
2021-10-19,TO,227153,3846
2021-10-20,AC,88019,1842
2021-10-20,AL,239499,6268
2021-10-20,AM,427304,13761
2021-10-20,AP,123342,1989
2021-10-20,BA,1241122,26992
2021-10-20,CE,942351,24393
2021-10-20,DF,512089,10745
2021-10-20,ES,600945,12796
2021-10-20,GO,892185,24018
2021-10-20,MA,359227,10219
2021-10-20,MG,2172199,55281
2021-10-20,MS,375805,9626
2021-10-20,MT,540909,13654
2021-10-20,PA,596341,16721
2021-10-20,PB,444184,9380
2021-10-20,PE,627188,19914
2021-10-20,PI,323598,7075
2021-10-20,PR,1539756,40002
2021-10-20,RJ,1308908,67697
2021-10-20,RN,371447,7369
2021-10-20,RO,268187,6559
2021-10-20,RR,127047,2022
2021-10-20,RS,1454824,35252
2021-10-20,SC,1208448,19531
2021-10-20,SE,278377,6024
2021-10-20,SP,4393050,151297
2021-10-20,TO,227324,3851
2021-10-21,AC,88022,1842
2021-10-21,AL,239546,6271
2021-10-21,AM,427368,13762
2021-10-21,AP,123367,1989
2021-10-21,BA,1241794,27001
2021-10-21,CE,942500,24427
2021-10-21,DF,512510,10756
2021-10-21,ES,601640,12809
2021-10-21,GO,894773,24041
2021-10-21,MA,359491,10220
2021-10-21,MG,2174114,55347
2021-10-21,MS,375805,9628
2021-10-21,MT,541247,13657
2021-10-21,PA,596715,16724
2021-10-21,PB,444352,9385
2021-10-21,PE,627657,19923
2021-10-21,PI,323888,7078
2021-10-21,PR,1541311,40063
2021-10-21,RJ,1311219,67774
2021-10-21,RN,371687,7372
2021-10-21,RO,268438,6560
2021-10-21,RR,127106,2023
2021-10-21,RS,1456011,35278
2021-10-21,SC,1209470,19549
2021-10-21,SE,278386,6024
2021-10-21,SP,4394675,151386
2021-10-21,TO,227566,3855
2021-10-22,AC,88023,1843
2021-10-22,AL,239573,6274
2021-10-22,AM,427413,13762
2021-10-22,AP,123398,1990
2021-10-22,BA,1242292,27010
2021-10-22,CE,942744,24438
2021-10-22,DF,512913,10766
2021-10-22,ES,602294,12823
2021-10-22,GO,895883,24067
2021-10-22,MA,359773,10222
2021-10-22,MG,2175842,55367
2021-10-22,MS,375819,9629
2021-10-22,MT,541617,13659
2021-10-22,PA,596977,16730
2021-10-22,PB,444568,9386
2021-10-22,PE,628125,19935
2021-10-22,PI,324128,7080
2021-10-22,PR,1542830,40127
2021-10-22,RJ,1312954,67905
2021-10-22,RN,371881,7375
2021-10-22,RO,268543,6561
2021-10-22,RR,127154,2025
2021-10-22,RS,1456567,35306
2021-10-22,SC,1209712,19555
2021-10-22,SE,278403,6025
2021-10-22,SP,4396904,151471
2021-10-22,TO,227723,3860
2021-10-23,AC,88024,1844
2021-10-23,AL,239639,6276
2021-10-23,AM,427463,13763
2021-10-23,AP,123425,1990
2021-10-23,BA,1242821,27017
2021-10-23,CE,942901,24457
2021-10-23,DF,513191,10786
2021-10-23,ES,602752,12826
2021-10-23,GO,895977,24069
2021-10-23,MA,359985,10223
2021-10-23,MG,2177140,55383
2021-10-23,MS,375819,9629
2021-10-23,MT,541743,13662
2021-10-23,PA,597007,16731
2021-10-23,PB,444752,9391
2021-10-23,PE,628588,19940
2021-10-23,PI,324318,7082
2021-10-23,PR,1544288,40186
2021-10-23,RJ,1314605,67997
2021-10-23,RN,372033,7377
2021-10-23,RO,268783,6561
2021-10-23,RR,127191,2029
2021-10-23,RS,1457408,35326
2021-10-23,SC,1211225,19570
2021-10-23,SE,278420,6026
2021-10-23,SP,4398737,151540
2021-10-23,TO,227723,3860
2021-10-24,AC,88033,1844
2021-10-24,AL,239697,6278
2021-10-24,AM,427491,13763
2021-10-24,AP,123446,1990
2021-10-24,BA,1243005,27019
2021-10-24,CE,942981,24465
2021-10-24,DF,513506,10791
2021-10-24,ES,603208,12827
2021-10-24,GO,896088,24069
2021-10-24,MA,360000,10224
2021-10-24,MG,2177936,55401
2021-10-24,MS,376047,9632
2021-10-24,MT,541772,13663
2021-10-24,PA,597015,16732
2021-10-24,PB,444929,9395
2021-10-24,PE,628757,19944
2021-10-24,PI,324435,7084
2021-10-24,PR,1544967,40238
2021-10-24,RJ,1314622,67997
2021-10-24,RN,372054,7379
2021-10-24,RO,268857,6561
2021-10-24,RR,127203,2029
2021-10-24,RS,1457796,35328
2021-10-24,SC,1211401,19572
2021-10-24,SE,278426,6027
2021-10-24,SP,4399007,151544
2021-10-24,TO,227815,3864
2021-10-25,AC,88038,1844
2021-10-25,AL,239786,6280
2021-10-25,AM,427523,13764
2021-10-25,AP,123478,1991
2021-10-25,BA,1243193,27033
2021-10-25,CE,943004,24465
2021-10-25,DF,513737,10812
2021-10-25,ES,603851,12842
2021-10-25,GO,898032,24116
2021-10-25,MA,360036,10225
2021-10-25,MG,2178158,55401
2021-10-25,MS,376098,9637
2021-10-25,MT,542198,13668
2021-10-25,PA,597343,16734
2021-10-25,PB,444962,9398
2021-10-25,PE,628895,19948
2021-10-25,PI,324542,7087
2021-10-25,PR,1546559,40291
2021-10-25,RJ,1314717,68004
2021-10-25,RN,372219,7381
2021-10-25,RO,269030,6562
2021-10-25,RR,127240,2029
2021-10-25,RS,1458316,35334
2021-10-25,SC,1211707,19582
2021-10-25,SE,278444,6027
2021-10-25,SP,4399216,151545
2021-10-25,TO,227997,3867
2021-10-26,AC,88040,1845
2021-10-26,AL,239845,6282
2021-10-26,AM,427577,13765
2021-10-26,AP,123508,1991
2021-10-26,BA,1243641,27042
2021-10-26,CE,943027,24478
2021-10-26,DF,514035,10831
2021-10-26,ES,604410,12856
2021-10-26,GO,899983,24128
2021-10-26,MA,360278,10227
2021-10-26,MG,2179609,55402
2021-10-26,MS,376217,9638
2021-10-26,MT,542670,13675
2021-10-26,PA,597688,16735
2021-10-26,PB,445012,9399
2021-10-26,PE,629223,19959
2021-10-26,PI,324832,7088
2021-10-26,PR,1548139,40357
2021-10-26,RJ,1315560,68108
2021-10-26,RN,372502,7388
2021-10-26,RO,269322,6564
2021-10-26,RR,127278,2029
2021-10-26,RS,1458946,35364
2021-10-26,SC,1212748,19598
2021-10-26,SE,278465,6027
2021-10-26,SP,4400932,151623
2021-10-26,TO,228175,3871
2021-10-27,AC,88047,1845
2021-10-27,AL,239927,6284
2021-10-27,AM,427613,13767
2021-10-27,AP,123526,1991
2021-10-27,BA,1244123,27048
2021-10-27,CE,943135,24492
2021-10-27,DF,514293,10841
2021-10-27,ES,605245,12874
2021-10-27,GO,901529,24138
2021-10-27,MA,360586,10230
2021-10-27,MG,2181136,55501
2021-10-27,MS,376263,9642
2021-10-27,MT,543038,13676
2021-10-27,PA,598034,16738
2021-10-27,PB,445272,9403
2021-10-27,PE,629789,19970
2021-10-27,PI,325073,7095
2021-10-27,PR,1549717,40403
2021-10-27,RJ,1317850,68203
2021-10-27,RN,372773,7390
2021-10-27,RO,269596,6564
2021-10-27,RR,127319,2029
2021-10-27,RS,1461707,35389
2021-10-27,SC,1213774,19610
2021-10-27,SE,278473,6027
2021-10-27,SP,4402566,151682
2021-10-27,TO,228374,3873
2021-10-28,AC,88049,1845
2021-10-28,AL,239968,6286
2021-10-28,AM,427672,13769
2021-10-28,AP,123549,1991
2021-10-28,BA,1244785,27061
2021-10-28,CE,943297,24492
2021-10-28,DF,514538,10850
2021-10-28,ES,605804,12888
2021-10-28,GO,902418,24163
2021-10-28,MA,360843,10233
2021-10-28,MG,2182642,55525
2021-10-28,MS,376413,9642
2021-10-28,MT,543258,13677
2021-10-28,PA,598228,16740
2021-10-28,PB,445460,9406
2021-10-28,PE,630520,19990
2021-10-28,PI,325301,7096
2021-10-28,PR,1551158,40460
2021-10-28,RJ,1319439,68229
2021-10-28,RN,373008,7391
2021-10-28,RO,269843,6566
2021-10-28,RR,127357,2029
2021-10-28,RS,1463343,35423
2021-10-28,SC,1214738,19626
2021-10-28,SE,278484,6027
2021-10-28,SP,4403856,151798
2021-10-28,TO,228492,3875
2021-10-29,AC,88050,1845
2021-10-29,AL,240033,6288
2021-10-29,AM,427717,13769
2021-10-29,AP,123576,1991
2021-10-29,BA,1245437,27070
2021-10-29,CE,943426,24496
2021-10-29,DF,514733,10857
2021-10-29,ES,606351,12904
2021-10-29,GO,904558,24194
2021-10-29,MA,360997,10235
2021-10-29,MG,2183527,55542
2021-10-29,MS,376463,9646
2021-10-29,MT,543550,13681
2021-10-29,PA,598401,16743
2021-10-29,PB,445662,9411
2021-10-29,PE,630980,20001
2021-10-29,PI,325492,7098
2021-10-29,PR,1552646,40486
2021-10-29,RJ,1320762,68321
2021-10-29,RN,373290,7396
2021-10-29,RO,270027,6568
2021-10-29,RR,127372,2029
2021-10-29,RS,1464569,35456
2021-10-29,SC,1215514,19640
2021-10-29,SE,278485,6028
2021-10-29,SP,4404843,151914
2021-10-29,TO,228681,3877
2021-10-30,AC,88050,1845
2021-10-30,AL,240062,6290
2021-10-30,AM,427768,13770
2021-10-30,AP,123609,1991
2021-10-30,BA,1246064,27076
2021-10-30,CE,943560,24497
2021-10-30,DF,514815,10866
2021-10-30,ES,606950,12915
2021-10-30,GO,904909,24197
2021-10-30,MA,361042,10236
2021-10-30,MG,2184868,55552
2021-10-30,MS,376463,9646
2021-10-30,MT,543629,13682
2021-10-30,PA,598415,16745
2021-10-30,PB,445866,9418
2021-10-30,PE,631632,20007
2021-10-30,PI,325695,7099
2021-10-30,PR,1553985,40503
2021-10-30,RJ,1321174,68347
2021-10-30,RN,373684,7397
2021-10-30,RO,270151,6570
2021-10-30,RR,127385,2029
2021-10-30,RS,1466355,35487
2021-10-30,SC,1216323,19656
2021-10-30,SE,278492,6029
2021-10-30,SP,4405527,151975
2021-10-30,TO,228681,3877
2021-10-31,AC,88050,1845
2021-10-31,AL,240116,6292
2021-10-31,AM,427788,13770
2021-10-31,AP,123627,1991
2021-10-31,BA,1246296,27077
2021-10-31,CE,943664,24497
2021-10-31,DF,514936,10877
2021-10-31,ES,607209,12919
2021-10-31,GO,905194,24198
2021-10-31,MA,361077,10237
2021-10-31,MG,2185267,55582
2021-10-31,MS,376501,9646
2021-10-31,MT,543656,13683
2021-10-31,PA,598422,16746
2021-10-31,PB,446011,9422
2021-10-31,PE,631892,20018
2021-10-31,PI,325812,7101
2021-10-31,PR,1555283,40509
2021-10-31,RJ,1322087,68357
2021-10-31,RN,373693,7399
2021-10-31,RO,270361,6570
2021-10-31,RR,127390,2029
2021-10-31,RS,1466940,35496
2021-10-31,SC,1216691,19663
2021-10-31,SE,278498,6030
2021-10-31,SP,4406077,152002
2021-10-31,TO,228746,3879
2021-11-01,AC,88050,1845
2021-11-01,AL,240306,6294
2021-11-01,AM,427806,13771
2021-11-01,AP,123637,1993
2021-11-01,BA,1246439,27080
2021-11-01,CE,943675,24497
2021-11-01,DF,515134,10886
2021-11-01,ES,607550,12922
2021-11-01,GO,905579,24203
2021-11-01,MA,361099,10238
2021-11-01,MG,2185536,55588
2021-11-01,MS,376547,9646
2021-11-01,MT,543710,13686
2021-11-01,PA,598610,16747
2021-11-01,PB,446066,9423
2021-11-01,PE,632011,20025
2021-11-01,PI,325971,7103
2021-11-01,PR,1556474,40517
2021-11-01,RJ,1322150,68370
2021-11-01,RN,373854,7400
2021-11-01,RO,270451,6570
2021-11-01,RR,127413,2030
2021-11-01,RS,1467244,35500
2021-11-01,SC,1217010,19673
2021-11-01,SE,278504,6031
2021-11-01,SP,4406252,152019
2021-11-01,TO,228831,3881
2021-11-02,AC,88050,1845
2021-11-02,AL,240344,6296
2021-11-02,AM,427845,13772
2021-11-02,AP,123674,1993
2021-11-02,BA,1246636,27084
2021-11-02,CE,943719,24498
2021-11-02,DF,515211,10894
2021-11-02,ES,607840,12931
2021-11-02,GO,905875,24208
2021-11-02,MA,361130,10239
2021-11-02,MG,2185953,55592
2021-11-02,MS,376558,9646
2021-11-02,MT,543745,13688
2021-11-02,PA,598703,16748
2021-11-02,PB,446104,9426
2021-11-02,PE,632187,20029
2021-11-02,PI,326089,7108
2021-11-02,PR,1557585,40523
2021-11-02,RJ,1322497,68383
2021-11-02,RN,373926,7401
2021-11-02,RO,270571,6570
2021-11-02,RR,127417,2030
2021-11-02,RS,1468121,35512
2021-11-02,SC,1217672,19680
2021-11-02,SE,278511,6031
2021-11-02,SP,4406990,152081
2021-11-02,TO,228874,3882
2021-11-03,AC,88053,1845
2021-11-03,AL,240360,6298
2021-11-03,AM,427867,13772
2021-11-03,AP,123695,1993
2021-11-03,BA,1246728,27091
2021-11-03,CE,943738,24499
2021-11-03,DF,515399,10902
2021-11-03,ES,608357,12947
2021-11-03,GO,907460,24238
2021-11-03,MA,361260,10240
2021-11-03,MG,2186321,55613
2021-11-03,MS,376665,9647
2021-11-03,MT,544094,13694
2021-11-03,PA,599064,16750
2021-11-03,PB,454529,9430
2021-11-03,PE,632366,20033
2021-11-03,PI,326344,7108
2021-11-03,PR,1558616,40542
2021-11-03,RJ,1322861,68391
2021-11-03,RN,374161,7403
2021-11-03,RO,270767,6574
2021-11-03,RR,127456,2035
2021-11-03,RS,1468595,35525
2021-11-03,SC,1218044,19697
2021-11-03,SE,278520,6031
2021-11-03,SP,4407756,152098
2021-11-03,TO,229051,3884
2021-11-04,AC,88053,1845
2021-11-04,AL,240406,6300
2021-11-04,AM,427940,13774
2021-11-04,AP,123737,1993
2021-11-04,BA,1247344,27101
2021-11-04,CE,943752,24500
2021-11-04,DF,515497,10906
2021-11-04,ES,609070,12960
2021-11-04,GO,908182,24295
2021-11-04,MA,361497,10242
2021-11-04,MG,2187863,55670
2021-11-04,MS,376810,9649
2021-11-04,MT,544532,13695
2021-11-04,PA,599570,16753
2021-11-04,PB,454791,9435
2021-11-04,PE,632676,20048
2021-11-04,PI,326664,7110
2021-11-04,PR,1559676,40584
2021-11-04,RJ,1323955,68409
2021-11-04,RN,374612,7408
2021-11-04,RO,271085,6574
2021-11-04,RR,127510,2035
2021-11-04,RS,1470022,35570
2021-11-04,SC,1218908,19718
2021-11-04,SE,278531,6032
2021-11-04,SP,4409404,152222
2021-11-04,TO,229286,3886
2021-11-05,AC,88060,1845
2021-11-05,AL,240437,6302
2021-11-05,AM,428039,13775
2021-11-05,AP,123791,1993
2021-11-05,BA,1247951,27115
2021-11-05,CE,944024,24500
2021-11-05,DF,515639,10911
2021-11-05,ES,609634,12974
2021-11-05,GO,908815,24313
2021-11-05,MA,361654,10243
2021-11-05,MG,2189705,55728
2021-11-05,MS,376871,9653
2021-11-05,MT,544922,13700
2021-11-05,PA,600002,16757
2021-11-05,PB,454894,9440
2021-11-05,PE,633139,20055
2021-11-05,PI,326930,7111
2021-11-05,PR,1560787,40599
2021-11-05,RJ,1325246,68461
2021-11-05,RN,374612,7412
2021-11-05,RO,271491,6577
2021-11-05,RR,127573,2035
2021-11-05,RS,1471554,35612
2021-11-05,SC,1219718,19728
2021-11-05,SE,278545,6033
2021-11-05,SP,4410875,152337
2021-11-05,TO,229456,3887
2021-11-06,AC,88066,1845
2021-11-06,AL,240500,6304
2021-11-06,AM,428109,13776
2021-11-06,AP,123809,1993
2021-11-06,BA,1248550,27117
2021-11-06,CE,944178,24503
2021-11-06,DF,515639,10911
2021-11-06,ES,610035,12979
2021-11-06,GO,909078,24313
2021-11-06,MA,361749,10244
2021-11-06,MG,2191011,55746
2021-11-06,MS,376871,9653
2021-11-06,MT,545075,13700
2021-11-06,PA,600051,16760
2021-11-06,PB,455577,9443
2021-11-06,PE,633807,20067
2021-11-06,PI,327054,7114
2021-11-06,PR,1561863,40611
2021-11-06,RJ,1326476,68494
2021-11-06,RN,375226,7415
2021-11-06,RO,271601,6577
2021-11-06,RR,127613,2036
2021-11-06,RS,1472791,35628
2021-11-06,SC,1220620,19734
2021-11-06,SE,278550,6033
2021-11-06,SP,4412182,152516
2021-11-06,TO,229456,3887
2021-11-07,AC,88068,1845
2021-11-07,AL,240535,6306
2021-11-07,AM,428155,13776
2021-11-07,AP,123836,1993
2021-11-07,BA,1248855,27119
2021-11-07,CE,944250,24503
2021-11-07,DF,515639,10911
2021-11-07,ES,610299,12983
2021-11-07,GO,909265,24313
2021-11-07,MA,361758,10245
2021-11-07,MG,2191594,55759
2021-11-07,MS,376956,9654
2021-11-07,MT,545099,13700
2021-11-07,PA,600073,16762
2021-11-07,PB,455886,9448
2021-11-07,PE,633998,20071
2021-11-07,PI,327160,7114
2021-11-07,PR,1563127,40616
2021-11-07,RJ,1326833,68505
2021-11-07,RN,375254,7417
2021-11-07,RO,271722,6577
2021-11-07,RR,127614,2036
2021-11-07,RS,1473274,35632
2021-11-07,SC,1220929,19735
2021-11-07,SE,278557,6033
2021-11-07,SP,4412882,152527
2021-11-07,TO,229580,3889
2021-11-08,AC,88068,1845
2021-11-08,AL,240672,6308
2021-11-08,AM,428268,13778
2021-11-08,AP,123851,1993
2021-11-08,BA,1249100,27127
2021-11-08,CE,944287,24505
2021-11-08,DF,515957,10920
2021-11-08,ES,610856,12997
2021-11-08,GO,910331,24313
2021-11-08,MA,361837,10246
2021-11-08,MG,2191858,55759
2021-11-08,MS,377031,9658
2021-11-08,MT,545399,13706
2021-11-08,PA,600381,16765
2021-11-08,PB,455971,9453
2021-11-08,PE,634065,20076
2021-11-08,PI,327325,7118
2021-11-08,PR,1564278,40638
2021-11-08,RJ,1327116,68520
2021-11-08,RN,375678,7420
2021-11-08,RO,271851,6577
2021-11-08,RR,127628,2036
2021-11-08,RS,1473599,35644
2021-11-08,SC,1221124,19736
2021-11-08,SE,278574,6033
2021-11-08,SP,4413241,152527
2021-11-08,TO,229727,3891
2021-11-09,AC,88073,1845
2021-11-09,AL,240695,6310
2021-11-09,AM,428345,13780
2021-11-09,AP,123894,1993
2021-11-09,BA,1249613,27136
2021-11-09,CE,944330,24522
2021-11-09,DF,516055,10928
2021-11-09,ES,611374,13009
2021-11-09,GO,911812,24314
2021-11-09,MA,362105,10248
2021-11-09,MG,2192910,55780
2021-11-09,MS,377110,9659
2021-11-09,MT,545781,13709
2021-11-09,PA,600828,16770
2021-11-09,PB,456025,9455
2021-11-09,PE,634380,20085
2021-11-09,PI,327575,7124
2021-11-09,PR,1565092,40661
2021-11-09,RJ,1328192,68553
2021-11-09,RN,376095,7422
2021-11-09,RO,272291,6579
2021-11-09,RR,127720,2036
2021-11-09,RS,1474969,35688
2021-11-09,SC,1221916,19736
2021-11-09,SE,278586,6033
2021-11-09,SP,4414187,152529
2021-11-09,TO,229929,3893
2021-11-10,AC,88078,1845
2021-11-10,AL,240733,6312
2021-11-10,AM,428426,13781
2021-11-10,AP,123924,1993
2021-11-10,BA,1250129,27150
2021-11-10,CE,947860,24527
2021-11-10,DF,516194,10938
2021-11-10,ES,611838,13023
2021-11-10,GO,912617,24315
2021-11-10,MA,362254,10250
2021-11-10,MG,2193876,55820
2021-11-10,MS,377172,9659
2021-11-10,MT,546065,13709
2021-11-10,PA,601244,16780
2021-11-10,PB,456038,9458
2021-11-10,PE,634857,20095
2021-11-10,PI,327816,7124
2021-11-10,PR,1566052,40674
2021-11-10,RJ,1329609,68607
2021-11-10,RN,376496,7429
2021-11-10,RO,272572,6583
2021-11-10,RR,127756,2037
2021-11-10,RS,1476183,35726
2021-11-10,SC,1222642,19763
2021-11-10,SE,278596,6033
2021-11-10,SP,4415745,152538
2021-11-10,TO,230090,3896
2021-11-11,AC,88089,1845
2021-11-11,AL,240763,6314
2021-11-11,AM,428486,13781
2021-11-11,AP,123967,1994
2021-11-11,BA,1250614,27155
2021-11-11,CE,947864,24528
2021-11-11,DF,516340,10947
2021-11-11,ES,612443,13034
2021-11-11,GO,916884,24376
2021-11-11,MA,362407,10252
2021-11-11,MG,2194806,55849
2021-11-11,MS,377262,9663
2021-11-11,MT,546320,13710
2021-11-11,PA,601698,16788
2021-11-11,PB,456719,9461
2021-11-11,PE,635198,20102
2021-11-11,PI,328083,7127
2021-11-11,PR,1567069,40688
2021-11-11,RJ,1330549,68635
2021-11-11,RN,376948,7431
2021-11-11,RO,272882,6584
2021-11-11,RR,127804,2038
2021-11-11,RS,1477329,35756
2021-11-11,SC,1223397,19777
2021-11-11,SE,278606,6034
2021-11-11,SP,4417592,152539
2021-11-11,TO,230281,3897
2021-11-12,AC,88094,1845
2021-11-12,AL,240791,6316
2021-11-12,AM,428538,13781
2021-11-12,AP,123995,1995
2021-11-12,BA,1251326,27161
2021-11-12,CE,948112,24538
2021-11-12,DF,516470,10957
2021-11-12,ES,612832,13043
2021-11-12,GO,919364,24378
2021-11-12,MA,362660,10254
2021-11-12,MG,2196054,55885
2021-11-12,MS,377266,9663
2021-11-12,MT,546588,13713
2021-11-12,PA,601995,16798
2021-11-12,PB,457031,9462
2021-11-12,PE,635488,20107
2021-11-12,PI,328326,7131
2021-11-12,PR,1568053,40701
2021-11-12,RJ,1331675,68665
2021-11-12,RN,377415,7436
2021-11-12,RO,273094,6585
2021-11-12,RR,127851,2038
2021-11-12,RS,1478555,35782
2021-11-12,SC,1224148,19807
2021-11-12,SE,278610,6034
2021-11-12,SP,4420263,152953
2021-11-12,TO,230402,3898
2021-11-13,AC,88104,1845
2021-11-13,AL,240846,6318
2021-11-13,AM,428615,13782
2021-11-13,AP,124030,1995
2021-11-13,BA,1251866,27171
2021-11-13,CE,948251,24549
2021-11-13,DF,516470,10957
2021-11-13,ES,613190,13047
2021-11-13,GO,919472,24393
2021-11-13,MA,362776,10255
2021-11-13,MG,2197328,55917
2021-11-13,MS,377287,9663
2021-11-13,MT,546692,13715
2021-11-13,PA,602081,16800
2021-11-13,PB,457417,9463
2021-11-13,PE,635910,20115
2021-11-13,PI,328434,7137
2021-11-13,PR,1568932,40706
2021-11-13,RJ,1332674,68719
2021-11-13,RN,377586,7437
2021-11-13,RO,273242,6586
2021-11-13,RR,127869,2038
2021-11-13,RS,1479535,35808
2021-11-13,SC,1224773,19826
2021-11-13,SE,278617,6035
2021-11-13,SP,4421955,153058
2021-11-13,TO,230402,3898
2021-11-14,AC,88109,1845
2021-11-14,AL,240870,6320
2021-11-14,AM,428672,13782
2021-11-14,AP,124057,1995
2021-11-14,BA,1252199,27174
2021-11-14,CE,948326,24549
2021-11-14,DF,516470,10957
2021-11-14,ES,613467,13050
2021-11-14,GO,919738,24392
2021-11-14,MA,362848,10256
2021-11-14,MG,2197873,55940
2021-11-14,MS,377480,9664
2021-11-14,MT,546710,13717
2021-11-14,PA,602102,16803
2021-11-14,PB,457634,9466
2021-11-14,PE,636081,20118
2021-11-14,PI,328481,7141
2021-11-14,PR,1569361,40706
2021-11-14,RJ,1332780,68726
2021-11-14,RN,377601,7439
2021-11-14,RO,273404,6587
2021-11-14,RR,127882,2038
2021-11-14,RS,1479943,35810
2021-11-14,SC,1225072,19830
2021-11-14,SE,278624,6035
2021-11-14,SP,4422424,153059
2021-11-14,TO,230447,3899
2021-11-15,AC,88110,1845
2021-11-15,AL,240994,6322
2021-11-15,AM,428685,13784
2021-11-15,AP,124077,1995
2021-11-15,BA,1252345,27177
2021-11-15,CE,948384,24554
2021-11-15,DF,516470,10957
2021-11-15,ES,613723,13055
2021-11-15,GO,919872,24393
2021-11-15,MA,362850,10257
2021-11-15,MG,2197989,55941
2021-11-15,MS,377592,9665
2021-11-15,MT,546752,13719
2021-11-15,PA,602181,16805
2021-11-15,PB,457690,9469
2021-11-15,PE,636135,20124
2021-11-15,PI,328577,7147
2021-11-15,PR,1569724,40708
2021-11-15,RJ,1333046,68732
2021-11-15,RN,377663,7445
2021-11-15,RO,273489,6588
2021-11-15,RR,127884,2038
2021-11-15,RS,1480215,35814
2021-11-15,SC,1225223,19833
2021-11-15,SE,278631,6035
2021-11-15,SP,4422590,153066
2021-11-15,TO,230507,3900
2021-11-16,AC,88113,1845
2021-11-16,AL,241003,6324
2021-11-16,AM,428711,13784
2021-11-16,AP,124116,1995
2021-11-16,BA,1252627,27181
2021-11-16,CE,948384,24554
2021-11-16,DF,516724,10969
2021-11-16,ES,614167,13065
2021-11-16,GO,921425,24408
2021-11-16,MA,362902,10258
2021-11-16,MG,2198185,55942
2021-11-16,MS,377683,9667
2021-11-16,MT,546974,13724
2021-11-16,PA,602686,16819
2021-11-16,PB,457746,9473
2021-11-16,PE,636185,20130
2021-11-16,PI,328833,7152
2021-11-16,PR,1570041,40715
2021-11-16,RJ,1333434,68753
2021-11-16,RN,378170,7451
2021-11-16,RO,273705,6594
2021-11-16,RR,127940,2038
2021-11-16,RS,1480517,35822
2021-11-16,SC,1225399,19842
2021-11-16,SE,278643,6036
2021-11-16,SP,4422923,153067
2021-11-16,TO,230726,3902
2021-11-17,AC,88114,1845
2021-11-17,AL,241017,6326
2021-11-17,AM,428815,13787
2021-11-17,AP,124169,1995
2021-11-17,BA,1253273,27187
2021-11-17,CE,948547,24567
2021-11-17,DF,516897,10981
2021-11-17,ES,614707,13081
2021-11-17,GO,924366,24421
2021-11-17,MA,363121,10259
2021-11-17,MG,2198918,55952
2021-11-17,MS,377683,9669
2021-11-17,MT,547232,13727
2021-11-17,PA,603124,16836
2021-11-17,PB,457831,9478
2021-11-17,PE,636562,20135
2021-11-17,PI,329013,7154
2021-11-17,PR,1570481,40736
2021-11-17,RJ,1334462,68774
2021-11-17,RN,378474,7456
2021-11-17,RO,274097,6594
2021-11-17,RR,128017,2038
2021-11-17,RS,1481569,35872
2021-11-17,SC,1226086,19863
2021-11-17,SE,278657,6037
2021-11-17,SP,4424893,153214
2021-11-17,TO,230949,3903
2021-11-18,AC,88120,1845
2021-11-18,AL,241063,6328
2021-11-18,AM,428912,13789
2021-11-18,AP,124205,1995
2021-11-18,BA,1253928,27205
2021-11-18,CE,948585,24574
2021-11-18,DF,517017,10988
2021-11-18,ES,614958,13085
2021-11-18,GO,925577,24420
2021-11-18,MA,363350,10261
2021-11-18,MG,2199684,55997
2021-11-18,MS,377683,9669
2021-11-18,MT,547491,13728
2021-11-18,PA,603677,16839
2021-11-18,PB,458255,9482
2021-11-18,PE,636774,20144
2021-11-18,PI,329287,7158
2021-11-18,PR,1570909,40741
2021-11-18,RJ,1335211,68793
2021-11-18,RN,378948,7461
2021-11-18,RO,274492,6599
2021-11-18,RR,128074,2038
2021-11-18,RS,1482785,35898
2021-11-18,SC,1226836,19879
2021-11-18,SE,278667,6038
2021-11-18,SP,4426828,153299
2021-11-18,TO,231159,3906
2021-11-19,AC,88127,1845
2021-11-19,AL,241096,6330
2021-11-19,AM,428981,13791
2021-11-19,AP,124236,1996
2021-11-19,BA,1254647,27221
2021-11-19,CE,948914,24582
2021-11-19,DF,517109,10994
2021-11-19,ES,615682,13093
2021-11-19,GO,926315,24420
2021-11-19,MA,363515,10263
2021-11-19,MG,2201241,56012
2021-11-19,MS,377872,9674
2021-11-19,MT,547692,13729
2021-11-19,PA,604217,16848
2021-11-19,PB,458536,9488
2021-11-19,PE,637077,20155
2021-11-19,PI,329370,7161
2021-11-19,PR,1571613,40747
2021-11-19,RJ,1336274,68817
2021-11-19,RN,379236,7466
2021-11-19,RO,274763,6601
2021-11-19,RR,128108,2039
2021-11-19,RS,1483685,35924
2021-11-19,SC,1227536,19891
2021-11-19,SE,278676,6039
2021-11-19,SP,4429036,153361
2021-11-19,TO,231292,3908
2021-11-20,AC,88134,1845
2021-11-20,AL,241144,6332
2021-11-20,AM,429084,13791
2021-11-20,AP,124269,1996
2021-11-20,BA,1255237,27227
2021-11-20,CE,949043,24588
2021-11-20,DF,517109,10994
2021-11-20,ES,616061,13097
2021-11-20,GO,926429,24420
2021-11-20,MA,363666,10264
2021-11-20,MG,2202048,56023
2021-11-20,MS,377936,9675
2021-11-20,MT,547778,13731
2021-11-20,PA,604287,16852
2021-11-20,PB,458790,9491
2021-11-20,PE,637396,20166
2021-11-20,PI,329779,7163
2021-11-20,PR,1572303,40749
2021-11-20,RJ,1337091,68832
2021-11-20,RN,379400,7468
2021-11-20,RO,274963,6604
2021-11-20,RR,128149,2042
2021-11-20,RS,1484515,35940
2021-11-20,SC,1228283,19905
2021-11-20,SE,278686,6040
2021-11-20,SP,4430190,153460
2021-11-20,TO,231292,3908
2021-11-21,AC,88137,1845
2021-11-21,AL,241237,6334
2021-11-21,AM,429121,13791
2021-11-21,AP,124284,1996
2021-11-21,BA,1255481,27230
2021-11-21,CE,949128,24588
2021-11-21,DF,517109,10994
2021-11-21,ES,616413,13100
2021-11-21,GO,926500,24443
2021-11-21,MA,363667,10265
2021-11-21,MG,2202346,56042
2021-11-21,MS,378097,9674
2021-11-21,MT,547826,13732
2021-11-21,PA,604451,16854
2021-11-21,PB,459068,9493
2021-11-21,PE,637566,20175
2021-11-21,PI,329875,7165
2021-11-21,PR,1572995,40750
2021-11-21,RJ,1337805,68837
2021-11-21,RN,379423,7471
2021-11-21,RO,275036,6605
2021-11-21,RR,128150,2042
2021-11-21,RS,1484875,35943
2021-11-21,SC,1228530,19908
2021-11-21,SE,278691,6040
2021-11-21,SP,4430977,153472
2021-11-21,TO,231362,3910
2021-11-22,AC,88139,1845
2021-11-22,AL,241321,6336
2021-11-22,AM,429163,13794
2021-11-22,AP,124304,1997
2021-11-22,BA,1255653,27241
2021-11-22,CE,949140,24600
2021-11-22,DF,517245,10999
2021-11-22,ES,616914,13111
2021-11-22,GO,926941,24455
2021-11-22,MA,363742,10267
2021-11-22,MG,2202451,56043
2021-11-22,MS,378264,9677
2021-11-22,MT,547826,13732
2021-11-22,PA,605115,16860
2021-11-22,PB,459120,9497
2021-11-22,PE,637689,20182
2021-11-22,PI,330085,7166
2021-11-22,PR,1573634,40752
2021-11-22,RJ,1337867,68841
2021-11-22,RN,379560,7476
2021-11-22,RO,275174,6616
2021-11-22,RR,128195,2042
2021-11-22,RS,1485120,35947
2021-11-22,SC,1228723,19920
2021-11-22,SE,278617,6040
2021-11-22,SP,4431196,153477
2021-11-22,TO,231561,3912
2021-11-23,AC,88139,1845
2021-11-23,AL,241339,6338
2021-11-23,AM,429244,13796
2021-11-23,AP,124355,1997
2021-11-23,BA,1256811,27251
2021-11-23,CE,949181,24606
2021-11-23,DF,517351,11004
2021-11-23,ES,617355,13123
2021-11-23,GO,928551,24466
2021-11-23,MA,363916,10269
2021-11-23,MG,2203200,56048
2021-11-23,MS,378359,9678
2021-11-23,MT,548282,13737
2021-11-23,PA,605797,16864
2021-11-23,PB,459166,9502
2021-11-23,PE,637995,20198
2021-11-23,PI,330358,7168
2021-11-23,PR,1574563,40754
2021-11-23,RJ,1338708,68884
2021-11-23,RN,380211,7480
2021-11-23,RO,275633,6622
2021-11-23,RR,128217,2045
2021-11-23,RS,1485930,35983
2021-11-23,SC,1229407,19937
2021-11-23,SE,278617,6040
2021-11-23,SP,4432720,153571
2021-11-23,TO,231780,3913
2021-11-24,AC,88183,1845
2021-11-24,AL,241349,6340
2021-11-24,AM,429335,13798
2021-11-24,AP,124392,1999
2021-11-24,BA,1257144,27258
2021-11-24,CE,949400,24615
2021-11-24,DF,517448,11013
2021-11-24,ES,617934,13135
2021-11-24,GO,931116,24479
2021-11-24,MA,364082,10271
2021-11-24,MG,2203716,56084
2021-11-24,MS,378384,9678
2021-11-24,MT,548525,13738
2021-11-24,PA,606478,16875
2021-11-24,PB,459489,9505
2021-11-24,PE,638268,20203
2021-11-24,PI,330655,7175
2021-11-24,PR,1575332,40759
2021-11-24,RJ,1339819,68919
2021-11-24,RN,380459,7481
2021-11-24,RO,275973,6627
2021-11-24,RR,128267,2050
2021-11-24,RS,1487095,36007
2021-11-24,SC,1230043,19942
2021-11-24,SE,278617,6040
2021-11-24,SP,4433915,153639
2021-11-24,TO,232012,3914
2021-11-25,AC,88192,1846
2021-11-25,AL,241379,6342
2021-11-25,AM,429471,13798
2021-11-25,AP,124438,2002
2021-11-25,BA,1257612,27270
2021-11-25,CE,949458,24624
2021-11-25,DF,517533,11020
2021-11-25,ES,618550,13144
2021-11-25,GO,933208,24494
2021-11-25,MA,364297,10273
2021-11-25,MG,2204754,56104
2021-11-25,MS,378445,9677
2021-11-25,MT,548712,13741
2021-11-25,PA,607108,16879
2021-11-25,PB,459500,9511
2021-11-25,PE,638595,20212
2021-11-25,PI,330963,7178
2021-11-25,PR,1576413,40763
2021-11-25,RJ,1340886,68935
2021-11-25,RN,380839,7484
2021-11-25,RO,276366,6628
2021-11-25,RR,128289,2050
2021-11-25,RS,1488101,36034
2021-11-25,SC,1230663,19957
2021-11-25,SE,278617,6041
2021-11-25,SP,4435125,153755
2021-11-25,TO,232191,3915
2021-11-26,AC,88200,1846
2021-11-26,AL,241394,6344
2021-11-26,AM,429611,13800
2021-11-26,AP,124500,2002
2021-11-26,BA,1258356,27277
2021-11-26,CE,949551,24624
2021-11-26,DF,517608,11026
2021-11-26,ES,618550,13144
2021-11-26,GO,934740,24504
2021-11-26,MA,364555,10277
2021-11-26,MG,2205611,56129
2021-11-26,MS,378510,9682
2021-11-26,MT,548939,13744
2021-11-26,PA,607830,16884
2021-11-26,PB,460032,9516
2021-11-26,PE,639000,20217
2021-11-26,PI,331092,7181
2021-11-26,PR,1577158,40766
2021-11-26,RJ,1341850,68998
2021-11-26,RN,381183,7486
2021-11-26,RO,276625,6628
2021-11-26,RR,128348,2050
2021-11-26,RS,1488680,36054
2021-11-26,SC,1231250,19966
2021-11-26,SE,278617,6042
2021-11-26,SP,4436451,153879
2021-11-26,TO,232335,3916
2021-11-27,AC,88203,1846
2021-11-27,AL,241409,6346
2021-11-27,AM,429743,13801
2021-11-27,AP,124528,2002
2021-11-27,BA,1258872,27282
2021-11-27,CE,949590,24624
2021-11-27,DF,517608,11026
2021-11-27,ES,619366,13157
2021-11-27,GO,934821,24504
2021-11-27,MA,364672,10281
2021-11-27,MG,2206864,56143
2021-11-27,MS,378660,9682
2021-11-27,MT,549051,13745
2021-11-27,PA,607981,16886
2021-11-27,PB,460269,9520
2021-11-27,PE,639373,20226
2021-11-27,PI,331273,7185
2021-11-27,PR,1577632,40771
2021-11-27,RJ,1342671,69011
2021-11-27,RN,381317,7488
2021-11-27,RO,276791,6633
2021-11-27,RR,128360,2050
2021-11-27,RS,1489564,36075
2021-11-27,SC,1231919,19973
2021-11-27,SE,278187,6043
2021-11-27,SP,4437386,153993
2021-11-27,TO,232335,3916
2021-11-28,AC,88209,1846
2021-11-28,AL,241432,6348
2021-11-28,AM,429778,13801
2021-11-28,AP,124550,2002
2021-11-28,BA,1259286,27284
2021-11-28,CE,949599,24624
2021-11-28,DF,517608,11026
2021-11-28,ES,619717,13160
2021-11-28,GO,934879,24504
2021-11-28,MA,364674,10285
2021-11-28,MG,2207192,56163
2021-11-28,MS,378715,9681
2021-11-28,MT,549062,13745
2021-11-28,PA,608062,16888
2021-11-28,PB,460469,9526
2021-11-28,PE,639479,20232
2021-11-28,PI,331371,7185
2021-11-28,PR,1577931,40772
2021-11-28,RJ,1342767,69024
2021-11-28,RN,381408,7492
2021-11-28,RO,276933,6636
2021-11-28,RR,128368,2050
2021-11-28,RS,1489933,36077
2021-11-28,SC,1232109,19976
2021-11-28,SE,278195,6043
2021-11-28,SP,4437843,154002
2021-11-28,TO,232412,3917
2021-11-29,AC,88213,1846
2021-11-29,AL,241471,6350
2021-11-29,AM,429821,13801
2021-11-29,AP,124574,2003
2021-11-29,BA,1259483,27297
2021-11-29,CE,949695,24624
2021-11-29,DF,517746,11035
2021-11-29,ES,620040,13170
2021-11-29,GO,935248,24515
2021-11-29,MA,364779,10289
2021-11-29,MG,2207289,56164
2021-11-29,MS,378802,9685
2021-11-29,MT,549225,13747
2021-11-29,PA,608696,16900
2021-11-29,PB,460515,9528
2021-11-29,PE,639507,20235
2021-11-29,PI,331541,7188
2021-11-29,PR,1578558,40785
2021-11-29,RJ,1342801,69027
2021-11-29,RN,381703,7496
2021-11-29,RO,277086,6639
2021-11-29,RR,128397,2050
2021-11-29,RS,1490272,36083
2021-11-29,SC,1232208,19983
2021-11-29,SE,278213,6043
2021-11-29,SP,4438012,154006
2021-11-29,TO,232575,3918
2021-11-30,AC,88213,1848
2021-11-30,AL,241490,6352
2021-11-30,AM,429944,13803
2021-11-30,AP,124649,2003
2021-11-30,BA,1260341,27309
2021-11-30,CE,949800,24659
2021-11-30,DF,517746,11035
2021-11-30,ES,620456,13180
2021-11-30,GO,936339,24541
2021-11-30,MA,365048,10294
2021-11-30,MG,2208075,56198
2021-11-30,MS,378873,9687
2021-11-30,MT,549444,13749
2021-11-30,PA,609392,16912
2021-11-30,PB,460580,9529
2021-11-30,PE,639737,20243
2021-11-30,PI,331612,7194
2021-11-30,PR,1578963,40798
2021-11-30,RJ,1343927,69061
2021-11-30,RN,382003,7499
2021-11-30,RO,277374,6640
2021-11-30,RR,128408,2051
2021-11-30,RS,1491305,36117
2021-11-30,SC,1232912,19992
2021-11-30,SE,278225,6043
2021-11-30,SP,4439105,154077
2021-11-30,TO,232808,3919
2021-12-01,AC,88220,1849
2021-12-01,AL,241513,6354
2021-12-01,AM,430073,13805
2021-12-01,AP,124685,2004
2021-12-01,BA,1260931,27320
2021-12-01,CE,951141,24664
2021-12-01,DF,517894,11038
2021-12-01,ES,620989,13192
2021-12-01,GO,938044,24550
2021-12-01,MA,365338,10297
2021-12-01,MG,2208887,56234
2021-12-01,MS,379047,9688
2021-12-01,MT,549634,13749
2021-12-01,PA,610087,16928
2021-12-01,PB,460909,9532
2021-12-01,PE,640158,20253
2021-12-01,PI,332003,7199
2021-12-01,PR,1579411,40800
2021-12-01,RJ,1344816,69082
2021-12-01,RN,382351,7501
2021-12-01,RO,277374,6640
2021-12-01,RR,128475,2054
2021-12-01,RS,1492136,36145
2021-12-01,SC,1233516,20000
2021-12-01,SE,278266,6044
2021-12-01,SP,4440191,154159
2021-12-01,TO,232945,3920
2021-12-02,AC,88223,1849
2021-12-02,AL,241535,6356
2021-12-02,AM,430192,13806
2021-12-02,AP,124755,2004
2021-12-02,BA,1261513,27329
2021-12-02,CE,951559,24667
2021-12-02,DF,517977,11040
2021-12-02,ES,621495,13198
2021-12-02,GO,938861,24559
2021-12-02,MA,365656,10300
2021-12-02,MG,2209928,56266
2021-12-02,MS,379140,9687
2021-12-02,MT,549836,13750
2021-12-02,PA,610832,16932
2021-12-02,PB,460917,9535
2021-12-02,PE,640441,20256
2021-12-02,PI,332271,7200
2021-12-02,PR,1580254,40803
2021-12-02,RJ,1345572,69102
2021-12-02,RN,382811,7503
2021-12-02,RO,278434,6646
2021-12-02,RR,128545,2055
2021-12-02,RS,1493170,36165
2021-12-02,SC,1234048,20010
2021-12-02,SE,278278,6045
2021-12-02,SP,4441578,154213
2021-12-02,TO,233141,3921
2021-12-03,AC,88225,1849
2021-12-03,AL,241565,6358
2021-12-03,AM,430350,13808
2021-12-03,AP,124825,2004
2021-12-03,BA,1262066,27336
2021-12-03,CE,951638,24667
2021-12-03,DF,518062,11043
2021-12-03,ES,621897,13204
2021-12-03,GO,939884,24580
2021-12-03,MA,365929,10304
2021-12-03,MG,2210587,56301
2021-12-03,MS,379197,9690
2021-12-03,MT,550013,13750
2021-12-03,PA,611527,16939
2021-12-03,PB,461374,9538
2021-12-03,PE,640777,20263
2021-12-03,PI,332529,7202
2021-12-03,PR,1581059,40804
2021-12-03,RJ,1346494,69124
2021-12-03,RN,383063,7503
2021-12-03,RO,278882,6650
2021-12-03,RR,128584,2056
2021-12-03,RS,1494207,36183
2021-12-03,SC,1234592,20028
2021-12-03,SE,278292,6046
2021-12-03,SP,4442612,154279
2021-12-03,TO,233352,3922
2021-12-04,AC,88228,1849
2021-12-04,AL,241599,6358
2021-12-04,AM,430484,13809
2021-12-04,AP,124893,2004
2021-12-04,BA,1262581,27341
2021-12-04,CE,951821,24673
2021-12-04,DF,518062,11043
2021-12-04,ES,622190,13208
2021-12-04,GO,939958,24580
2021-12-04,MA,366074,10309
2021-12-04,MG,2211438,56309
2021-12-04,MS,379267,9690
2021-12-04,MT,550082,13751
2021-12-04,PA,611662,16941
2021-12-04,PB,461639,9541
2021-12-04,PE,641311,20269
2021-12-04,PI,332611,7204
2021-12-04,PR,1581863,40807
2021-12-04,RJ,1346998,69132
2021-12-04,RN,383157,7503
2021-12-04,RO,279068,6652
2021-12-04,RR,128603,2056
2021-12-04,RS,1495070,36198
2021-12-04,SC,1235081,20033
2021-12-04,SE,278307,6047
2021-12-04,SP,4443589,154348
2021-12-04,TO,233352,3922
2021-12-05,AC,88228,1849
2021-12-05,AL,241638,6359
2021-12-05,AM,430519,13810
2021-12-05,AP,124935,2004
2021-12-05,BA,1262793,27343
2021-12-05,CE,951897,24674
2021-12-05,DF,518062,11043
2021-12-05,ES,622498,13208
2021-12-05,GO,940122,24582
2021-12-05,MA,366168,10315
2021-12-05,MG,2211602,56321
2021-12-05,MS,379286,9689
2021-12-05,MT,550105,13751
2021-12-05,PA,611790,16942
2021-12-05,PB,461912,9542
2021-12-05,PE,641553,20275
2021-12-05,PI,332726,7208
2021-12-05,PR,1582638,40809
2021-12-05,RJ,1347465,69140
2021-12-05,RN,383176,7506
2021-12-05,RO,279120,6652
2021-12-05,RR,128603,2056
2021-12-05,RS,1495440,36203
2021-12-05,SC,1235222,20035
2021-12-05,SE,278315,6047
2021-12-05,SP,4444413,154362
2021-12-05,TO,233454,3923
2021-12-06,AC,88239,1849
2021-12-06,AL,241697,6359
2021-12-06,AM,430602,13811
2021-12-06,AP,124990,2005
2021-12-06,BA,1263042,27351
2021-12-06,CE,952175,24687
2021-12-06,DF,518144,11046
2021-12-06,ES,622866,13219
2021-12-06,GO,941145,24585
2021-12-06,MA,366263,10320
2021-12-06,MG,2211716,56322
2021-12-06,MS,379355,9698
2021-12-06,MT,550258,13752
2021-12-06,PA,612569,16955
2021-12-06,PB,461965,9545
2021-12-06,PE,641687,20284
2021-12-06,PI,332909,7214
2021-12-06,PR,1583432,40813
2021-12-06,RJ,1347628,69153
2021-12-06,RN,383402,7509
2021-12-06,RO,279421,6658
2021-12-06,RR,128649,2056
2021-12-06,RS,1495752,36209
2021-12-06,SC,1235328,20039
2021-12-06,SE,278322,6047
2021-12-06,SP,4444626,154369
2021-12-06,TO,233513,3925
2021-12-07,AC,88241,1849
2021-12-07,AL,241740,6361
2021-12-07,AM,430790,13811
2021-12-07,AP,125081,2005
2021-12-07,BA,1263616,27359
2021-12-07,CE,952510,24691
2021-12-07,DF,518206,11047
2021-12-07,ES,623194,13228
2021-12-07,GO,941948,24594
2021-12-07,MA,366522,10324
2021-12-07,MG,2212394,56347
2021-12-07,MS,379389,9699
2021-12-07,MT,550495,13754
2021-12-07,PA,613264,16962
2021-12-07,PB,461988,9548
2021-12-07,PE,642046,20288
2021-12-07,PI,333121,7218
2021-12-07,PR,1584270,40815
2021-12-07,RJ,1348159,69181
2021-12-07,RN,383729,7509
2021-12-07,RO,279901,6658
2021-12-07,RR,128696,2059
2021-12-07,RS,1496521,36228
2021-12-07,SC,1235922,20052
2021-12-07,SE,278329,6048
2021-12-07,SP,4445942,154480
2021-12-07,TO,233814,3926
2021-12-08,AC,88254,1849
2021-12-08,AL,241764,6363
2021-12-08,AM,430992,13812
2021-12-08,AP,125161,2005
2021-12-08,BA,1264224,27365
2021-12-08,CE,952669,24703
2021-12-08,DF,518258,11049
2021-12-08,ES,623729,13228
2021-12-08,GO,942523,24601
2021-12-08,MA,366751,10328
2021-12-08,MG,2213035,56371
2021-12-08,MS,379448,9706
2021-12-08,MT,550713,13756
2021-12-08,PA,613978,16965
2021-12-08,PB,462240,9552
2021-12-08,PE,642496,20294
2021-12-08,PI,333318,7220
2021-12-08,PR,1585165,40817
2021-12-08,RJ,1348861,69200
2021-12-08,RN,384052,7514
2021-12-08,RO,280199,6668
2021-12-08,RR,128717,2061
2021-12-08,RS,1497262,36243
2021-12-08,SC,1236468,20064
2021-12-08,SE,278341,6048
2021-12-08,SP,4447229,154571
2021-12-08,TO,234113,3927
2021-12-09,AC,88264,1849
2021-12-09,AL,241772,6365
2021-12-09,AM,431086,13812
2021-12-09,AP,125252,2005
2021-12-09,BA,1264804,27370
2021-12-09,CE,952894,24709
2021-12-09,DF,518309,11052
2021-12-09,ES,624072,13234
2021-12-09,GO,942787,24604
2021-12-09,MA,366930,10333
2021-12-09,MG,2213520,56386
2021-12-09,MS,379502,9706
2021-12-09,MT,550879,13759
2021-12-09,PA,614815,16970
2021-12-09,PB,462450,9555
2021-12-09,PE,642881,20301
2021-12-09,PI,333573,7225
2021-12-09,PR,1586082,40819
2021-12-09,RJ,1349385,69224
2021-12-09,RN,384333,7518
2021-12-09,RO,280495,6671
2021-12-09,RR,128751,2063
2021-12-09,RS,1497889,36262
2021-12-09,SC,1237060,20073
2021-12-09,SE,278347,6049
2021-12-09,SP,4448466,154638
2021-12-09,TO,234113,3927
2021-12-10,AC,88264,1849
2021-12-10,AL,241780,6367
2021-12-10,AM,431263,13812
2021-12-10,AP,125336,2007
2021-12-10,BA,1264804,27384
2021-12-10,CE,953019,24717
2021-12-10,DF,518345,11058
2021-12-10,ES,624480,13238
2021-12-10,GO,943102,24604
2021-12-10,MA,367204,10335
2021-12-10,MG,2214356,56443
2021-12-10,MS,379502,9706
2021-12-10,MT,551056,13761
2021-12-10,PA,615573,16973
2021-12-10,PB,462567,9556
2021-12-10,PE,643307,20310
2021-12-10,PI,333615,7230
2021-12-10,PR,1586917,40828
2021-12-10,RJ,1349461,69255
2021-12-10,RN,384428,7523
2021-12-10,RO,280495,6671
2021-12-10,RR,128751,2063
2021-12-10,RS,1498577,36273
2021-12-10,SC,1237533,20076
2021-12-10,SE,278374,6050
2021-12-10,SP,4449552,154691
2021-12-10,TO,234113,3927
2021-12-11,AC,88272,1849
2021-12-11,AL,241800,6369
2021-12-11,AM,431403,13812
2021-12-11,AP,125420,2007
2021-12-11,BA,1264804,27386
2021-12-11,CE,953160,24720
2021-12-11,DF,518345,11058
2021-12-11,ES,624716,13240
2021-12-11,GO,943102,24604
2021-12-11,MA,367529,10337
2021-12-11,MG,2214927,56446
2021-12-11,MS,379502,9706
2021-12-11,MT,551113,13765
2021-12-11,PA,615681,16981
2021-12-11,PB,462585,9559
2021-12-11,PE,643319,20320
2021-12-11,PI,333618,7231
2021-12-11,PR,1587725,40829
2021-12-11,RJ,1349520,69259
2021-12-11,RN,384434,7523
2021-12-11,RO,280495,6671
2021-12-11,RR,128751,2063
2021-12-11,RS,1498577,36273
2021-12-11,SC,1237607,20083
2021-12-11,SE,278388,6051
2021-12-11,SP,4449552,154691
2021-12-11,TO,234113,3927
2021-12-12,AC,88280,1849
2021-12-12,AL,241820,6370
2021-12-12,AM,431528,13812
2021-12-12,AP,125481,2007
2021-12-12,BA,1264804,27390
2021-12-12,CE,953169,24721
2021-12-12,DF,518345,11058
2021-12-12,ES,624883,13240
2021-12-12,GO,943102,24604
2021-12-12,MA,367529,10337
2021-12-12,MG,2215076,56479
2021-12-12,MS,379502,9706
2021-12-12,MT,551118,13765
2021-12-12,PA,615779,16986
2021-12-12,PB,462585,9559
2021-12-12,PE,643326,20322
2021-12-12,PI,333654,7231
2021-12-12,PR,1588513,40830
2021-12-12,RJ,1349551,69290
2021-12-12,RN,384434,7524
2021-12-12,RO,280495,6671
2021-12-12,RR,128751,2063
2021-12-12,RS,1498577,36273
2021-12-12,SC,1237711,20086
2021-12-12,SE,278395,6051
2021-12-12,SP,4449552,154691
2021-12-12,TO,234113,3927
2021-12-13,AC,88284,1849
2021-12-13,AL,241825,6372
2021-12-13,AM,431592,13812
2021-12-13,AP,125542,2007
2021-12-13,BA,1264804,27399
2021-12-13,CE,953239,24721
2021-12-13,DF,518430,11063
2021-12-13,ES,625227,13247
2021-12-13,GO,943102,24604
2021-12-13,MA,367631,10338
2021-12-13,MG,2215192,56479
2021-12-13,MS,379502,9706
2021-12-13,MT,551252,13769
2021-12-13,PA,616595,16987
2021-12-13,PB,462585,9559
2021-12-13,PE,643336,20327
2021-12-13,PI,333687,7233
2021-12-13,PR,1589364,40833
2021-12-13,RJ,1349551,69290
2021-12-13,RN,384437,7527
2021-12-13,RO,280495,6671
2021-12-13,RR,128751,2063
2021-12-13,RS,1498577,36273
2021-12-13,SC,1237776,20088
2021-12-13,SE,278402,6052
2021-12-13,SP,4449552,154691
2021-12-13,TO,234113,3927
2021-12-14,AC,88287,1849
2021-12-14,AL,241832,6372
2021-12-14,AM,431820,13816
2021-12-14,AP,125662,2008
2021-12-14,BA,1264804,27410
2021-12-14,CE,953294,24731
2021-12-14,DF,518471,11069
2021-12-14,ES,625609,13253
2021-12-14,GO,943102,24604
2021-12-14,MA,367990,10339
2021-12-14,MG,2215363,56486
2021-12-14,MS,379502,9706
2021-12-14,MT,551459,13769
2021-12-14,PA,617636,17000
2021-12-14,PB,462597,9563
2021-12-14,PE,643353,20336
2021-12-14,PI,333766,7236
2021-12-14,PR,1590199,40835
2021-12-14,RJ,1349551,69290
2021-12-14,RN,384672,7530
2021-12-14,RO,280495,6671
2021-12-14,RR,128763,2064
2021-12-14,RS,1498999,36297
2021-12-14,SC,1237919,20095
2021-12-14,SE,278405,6053
2021-12-14,SP,4449552,154691
2021-12-14,TO,234113,3927
2021-12-15,AC,88300,1850
2021-12-15,AL,241846,6372
2021-12-15,AM,432003,13817
2021-12-15,AP,125803,2008
2021-12-15,BA,1264804,27417
2021-12-15,CE,953335,24738
2021-12-15,DF,518502,11074
2021-12-15,ES,625955,13256
2021-12-15,GO,943102,24604
2021-12-15,MA,368218,10343
2021-12-15,MG,2215822,56492
2021-12-15,MS,379502,9706
2021-12-15,MT,551675,13769
2021-12-15,PA,618459,17016
2021-12-15,PB,462620,9565
2021-12-15,PE,643365,20344
2021-12-15,PI,333846,7237
2021-12-15,PR,1590938,40848
2021-12-15,RJ,1349564,69303
2021-12-15,RN,384791,7533
2021-12-15,RO,281603,6688
2021-12-15,RR,128770,2068
2021-12-15,RS,1499084,36320
2021-12-15,SC,1238056,20101
2021-12-15,SE,278408,6054
2021-12-15,SP,4449806,154848
2021-12-15,TO,234113,3927
2021-12-16,AC,88308,1850
2021-12-16,AL,241860,6374
2021-12-16,AM,432182,13820
2021-12-16,AP,125913,2008
2021-12-16,BA,1264804,27421
2021-12-16,CE,953456,24742
2021-12-16,DF,518532,11077
2021-12-16,ES,626225,13267
2021-12-16,GO,943102,24604
2021-12-16,MA,368452,10345
2021-12-16,MG,2216223,56516
2021-12-16,MS,379502,9706
2021-12-16,MT,551825,13771
2021-12-16,PA,619258,17028
2021-12-16,PB,462620,9565
2021-12-16,PE,643383,20350
2021-12-16,PI,333891,7239
2021-12-16,PR,1591523,40852
2021-12-16,RJ,1349569,69308
2021-12-16,RN,384928,7540
2021-12-16,RO,281868,6692
2021-12-16,RR,128777,2070
2021-12-16,RS,1499247,36337
2021-12-16,SC,1238165,20110
2021-12-16,SE,278417,6054
2021-12-16,SP,4449806,154848
2021-12-16,TO,234113,3927
2021-12-17,AC,88314,1850
2021-12-17,AL,241875,6376
2021-12-17,AM,432501,13820
2021-12-17,AP,126017,2008
2021-12-17,BA,1264804,27428
2021-12-17,CE,953668,24742
2021-12-17,DF,518571,11084
2021-12-17,ES,626536,13271
2021-12-17,GO,943102,24604
2021-12-17,MA,368838,10348
2021-12-17,MG,2216616,56535
2021-12-17,MS,379502,9706
2021-12-17,MT,551971,13776
2021-12-17,PA,620123,17034
2021-12-17,PB,462620,9565
2021-12-17,PE,643396,20360
2021-12-17,PI,333891,7245
2021-12-17,PR,1592024,40853
2021-12-17,RJ,1349569,69308
2021-12-17,RN,385020,7542
2021-12-17,RO,282195,6694
2021-12-17,RR,128782,2070
2021-12-17,RS,1499462,36349
2021-12-17,SC,1238329,20120
2021-12-17,SE,278428,6054
2021-12-17,SP,4450042,154950
2021-12-17,TO,234113,3927
2021-12-18,AC,88329,1850
2021-12-18,AL,241892,6377
2021-12-18,AM,432588,13820
2021-12-18,AP,126089,2008
2021-12-18,BA,1264804,27430
2021-12-18,CE,953774,24749
2021-12-18,DF,518571,11084
2021-12-18,ES,626709,13272
2021-12-18,GO,943102,24604
2021-12-18,MA,369254,10350
2021-12-18,MG,2216792,56552
2021-12-18,MS,379502,9706
2021-12-18,MT,552035,13776
2021-12-18,PA,620261,17035
2021-12-18,PB,462654,9572
2021-12-18,PE,643403,20365
2021-12-18,PI,334036,7245
2021-12-18,PR,1592434,40855
2021-12-18,RJ,1349599,69338
2021-12-18,RN,385020,7542
2021-12-18,RO,282295,6696
2021-12-18,RR,128782,2070
2021-12-18,RS,1499613,36354
2021-12-18,SC,1238466,20124
2021-12-18,SE,278429,6055
2021-12-18,SP,4450144,155001
2021-12-18,TO,234113,3927
2021-12-19,AC,88335,1850
2021-12-19,AL,241895,6377
2021-12-19,AM,432665,13820
2021-12-19,AP,126140,2008
2021-12-19,BA,1264804,27432
2021-12-19,CE,953865,24749
2021-12-19,DF,518571,11084
2021-12-19,ES,626868,13273
2021-12-19,GO,943102,24604
2021-12-19,MA,369271,10352
2021-12-19,MG,2216886,56567
2021-12-19,MS,379502,9706
2021-12-19,MT,552046,13776
2021-12-19,PA,620404,17036
2021-12-19,PB,462654,9572
2021-12-19,PE,643412,20369
2021-12-19,PI,334042,7249
2021-12-19,PR,1592773,40855
2021-12-19,RJ,1349606,69345
2021-12-19,RN,385166,7545
2021-12-19,RO,282374,6697
2021-12-19,RR,128786,2070
2021-12-19,RS,1499745,36358
2021-12-19,SC,1238546,20129
2021-12-19,SE,278433,6055
2021-12-19,SP,4450144,155007
2021-12-19,TO,234113,3927
2021-12-20,AC,88335,1850
2021-12-20,AL,241901,6379
2021-12-20,AM,432712,13820
2021-12-20,AP,126200,2009
2021-12-20,BA,1264804,27438
2021-12-20,CE,953971,24759
2021-12-20,DF,518644,11087
2021-12-20,ES,627189,13284
2021-12-20,GO,943102,24604
2021-12-20,MA,369357,10355
2021-12-20,MG,2216985,56568
2021-12-20,MS,379502,9706
2021-12-20,MT,552149,13779
2021-12-20,PA,621070,17043
2021-12-20,PB,462658,9574
2021-12-20,PE,643420,20373
2021-12-20,PI,334061,7253
2021-12-20,PR,1593180,40857
2021-12-20,RJ,1349608,69347
2021-12-20,RN,385374,7554
2021-12-20,RO,282614,6704
2021-12-20,RR,128786,2070
2021-12-20,RS,1499870,36360
2021-12-20,SC,1238600,20131
2021-12-20,SE,278437,6056
2021-12-20,SP,4450144,155008
2021-12-20,TO,234113,3927
2021-12-21,AC,88339,1850
2021-12-21,AL,241911,6381
2021-12-21,AM,432835,13822
2021-12-21,AP,126309,2010
2021-12-21,BA,1264804,27444
2021-12-21,CE,954018,24760
2021-12-21,DF,518686,11090
2021-12-21,ES,627447,13290
2021-12-21,GO,943102,24604
2021-12-21,MA,369610,10357
2021-12-21,MG,2217408,56568
2021-12-21,MS,379502,9706
2021-12-21,MT,552351,13781
2021-12-21,PA,621970,17049
2021-12-21,PB,462658,9574
2021-12-21,PE,643431,20379
2021-12-21,PI,334080,7256
2021-12-21,PR,1593747,40858
2021-12-21,RJ,1349608,69347
2021-12-21,RN,385468,7557
2021-12-21,RO,282962,6706
2021-12-21,RR,128786,2074
2021-12-21,RS,1500037,36377
2021-12-21,SC,1238751,20135
2021-12-21,SE,278439,6056
2021-12-21,SP,4450144,155008
2021-12-21,TO,234113,3927
2021-12-22,AC,88345,1850
2021-12-22,AL,241915,6382
2021-12-22,AM,432995,13822
2021-12-22,AP,126369,2010
2021-12-22,BA,1264804,27452
2021-12-22,CE,954225,24760
2021-12-22,DF,518728,11093
2021-12-22,ES,627711,13293
2021-12-22,GO,943102,24604
2021-12-22,MA,369807,10359
2021-12-22,MG,2217808,56592
2021-12-22,MS,379578,9719
2021-12-22,MT,552555,13781
2021-12-22,PA,622705,17055
2021-12-22,PB,462671,9580
2021-12-22,PE,643441,20387
2021-12-22,PI,334107,7258
2021-12-22,PR,1594180,40872
2021-12-22,RJ,1349608,69347
2021-12-22,RN,385634,7558
2021-12-22,RO,283212,6710
2021-12-22,RR,128789,2074
2021-12-22,RS,1500065,36390
2021-12-22,SC,1238829,20136
2021-12-22,SE,278446,6056
2021-12-22,SP,4450196,155048
2021-12-22,TO,234113,3927
2021-12-23,AC,88356,1850
2021-12-23,AL,241930,6382
2021-12-23,AM,433141,13824
2021-12-23,AP,126459,2014
2021-12-23,BA,1264804,27458
2021-12-23,CE,954361,24765
2021-12-23,DF,518788,11094
2021-12-23,ES,627984,13296
2021-12-23,GO,943102,24604
2021-12-23,MA,370066,10361
2021-12-23,MG,2218264,56604
2021-12-23,MS,379581,9720
2021-12-23,MT,552790,13784
2021-12-23,PA,623305,17056
2021-12-23,PB,462671,9580
2021-12-23,PE,643448,20393
2021-12-23,PI,334168,7264
2021-12-23,PR,1594654,40874
2021-12-23,RJ,1349642,69381
2021-12-23,RN,385772,7562
2021-12-23,RO,283645,6712
2021-12-23,RR,128791,2074
2021-12-23,RS,1500136,36399
2021-12-23,SC,1238969,20141
2021-12-23,SE,278450,6056
2021-12-23,SP,4450265,155068
2021-12-23,TO,234113,3927
2021-12-24,AC,88370,1850
2021-12-24,AL,241949,6382
2021-12-24,AM,433208,13826
2021-12-24,AP,126546,2015
2021-12-24,BA,1264804,27463
2021-12-24,CE,954362,24765
2021-12-24,DF,518878,11095
2021-12-24,ES,628223,13304
2021-12-24,GO,944786,24653
2021-12-24,MA,370185,10363
2021-12-24,MG,2218695,56613
2021-12-24,MS,379808,9722
2021-12-24,MT,552884,13785
2021-12-24,PA,623422,17060
2021-12-24,PB,462706,9583
2021-12-24,PE,643458,20400
2021-12-24,PI,334220,7266
2021-12-24,PR,1594864,40876
2021-12-24,RJ,1349715,69402
2021-12-24,RN,386038,7566
2021-12-24,RO,283606,6713
2021-12-24,RR,128791,2074
2021-12-24,RS,1500183,36409
2021-12-24,SC,1239109,20144
2021-12-24,SE,278458,6056
2021-12-24,SP,4450302,155095
2021-12-24,TO,234113,3927
2021-12-25,AC,88373,1850
2021-12-25,AL,241953,6382
2021-12-25,AM,433236,13828
2021-12-25,AP,126618,2015
2021-12-25,BA,1264804,27464
2021-12-25,CE,954518,24765
2021-12-25,DF,518878,11095
2021-12-25,ES,628321,13307
2021-12-25,GO,944714,24673
2021-12-25,MA,370188,10366
2021-12-25,MG,2218695,56613
2021-12-25,MS,379826,9723
2021-12-25,MT,552923,13785
2021-12-25,PA,623446,17064
2021-12-25,PB,463560,9584
2021-12-25,PE,644071,20406
2021-12-25,PI,334241,7268
2021-12-25,PR,1594979,40877
2021-12-25,RJ,1350792,69404
2021-12-25,RN,386062,7566
2021-12-25,RO,283655,6713
2021-12-25,RR,128791,2074
2021-12-25,RS,1500183,36409
2021-12-25,SC,1239177,20144
2021-12-25,SE,278473,6056
2021-12-25,SP,4450315,155096
2021-12-25,TO,234113,3927
2021-12-26,AC,88378,1850
2021-12-26,AL,242002,6383
2021-12-26,AM,433268,13830
2021-12-26,AP,126649,2015
2021-12-26,BA,1268869,27464
2021-12-26,CE,954616,24765
2021-12-26,DF,518878,11095
2021-12-26,ES,628485,13308
2021-12-26,GO,944716,24673
2021-12-26,MA,370188,10369
2021-12-26,MG,2218695,56613
2021-12-26,MS,379854,9724
2021-12-26,MT,553022,13786
2021-12-26,PA,623467,17066
2021-12-26,PB,463584,9586
2021-12-26,PE,644093,20409
2021-12-26,PI,334301,7270
2021-12-26,PR,1595075,40877
2021-12-26,RJ,1350843,69408
2021-12-26,RN,386069,7566
2021-12-26,RO,283693,6716
2021-12-26,RR,128791,2074
2021-12-26,RS,1500183,36409
2021-12-26,SC,1239241,20144
2021-12-26,SE,278479,6056
2021-12-26,SP,4450315,155096
2021-12-26,TO,234113,3927
2021-12-27,AC,88379,1850
2021-12-27,AL,242006,6383
2021-12-27,AM,433335,13831
2021-12-27,AP,126701,2015
2021-12-27,BA,1269192,27471
2021-12-27,CE,954669,24773
2021-12-27,DF,519103,11100
2021-12-27,ES,628688,13313
2021-12-27,GO,945468,24655
2021-12-27,MA,370198,10372
2021-12-27,MG,2219093,56615
2021-12-27,MS,380024,9726
2021-12-27,MT,553215,13792
2021-12-27,PA,623950,17069
2021-12-27,PB,463616,9588
2021-12-27,PE,644189,20414
2021-12-27,PI,334319,7273
2021-12-27,PR,1595372,40879
2021-12-27,RJ,1350964,69425
2021-12-27,RN,386248,7570
2021-12-27,RO,283847,6721
2021-12-27,RR,128792,2078
2021-12-27,RS,1502491,36414
2021-12-27,SC,1240361,20147
2021-12-27,SE,278482,6056
2021-12-27,SP,4450315,155096
2021-12-27,TO,234964,3933
2021-12-28,AC,88379,1850
2021-12-28,AL,242014,6383
2021-12-28,AM,433454,13832
2021-12-28,AP,126794,2019
2021-12-28,BA,1269617,27479
2021-12-28,CE,954798,24778
2021-12-28,DF,519196,11104
2021-12-28,ES,629018,13320
2021-12-28,GO,946328,24666
2021-12-28,MA,370349,10374
2021-12-28,MG,2220262,56623
2021-12-28,MS,380118,9728
2021-12-28,MT,553557,13796
2021-12-28,PA,624673,17079
2021-12-28,PB,463656,9589
2021-12-28,PE,644517,20421
2021-12-28,PI,334338,7275
2021-12-28,PR,1595991,40881
2021-12-28,RJ,1351261,69435
2021-12-28,RN,386570,7570
2021-12-28,RO,284088,6726
2021-12-28,RR,128792,2078
2021-12-28,RS,1503538,36427
2021-12-28,SC,1241041,20177
2021-12-28,SE,278489,6056
2021-12-28,SP,4450438,155127
2021-12-28,TO,235340,3936
2021-12-29,AC,88379,1851
2021-12-29,AL,242030,6383
2021-12-29,AM,433588,13834
2021-12-29,AP,126858,2020
2021-12-29,BA,1270022,27496
2021-12-29,CE,955966,24792
2021-12-29,DF,519346,11105
2021-12-29,ES,629401,13323
2021-12-29,GO,946911,24668
2021-12-29,MA,370442,10375
2021-12-29,MG,2221303,56629
2021-12-29,MS,380242,9729
2021-12-29,MT,553852,13797
2021-12-29,PA,625052,17085
2021-12-29,PB,463855,9591
2021-12-29,PE,644852,20431
2021-12-29,PI,334350,7275
2021-12-29,PR,1596742,40885
2021-12-29,RJ,1351861,69457
2021-12-29,RN,386810,7571
2021-12-29,RO,284279,6730
2021-12-29,RR,128793,2078
2021-12-29,RS,1504717,36436
2021-12-29,SC,1242019,20182
2021-12-29,SE,278499,6056
2021-12-29,SP,4450438,155127
2021-12-29,TO,235558,3939
2021-12-30,AC,88384,1851
2021-12-30,AL,242040,6383
2021-12-30,AM,433709,13834
2021-12-30,AP,126921,2021
2021-12-30,BA,1270481,27501
2021-12-30,CE,956182,24799
2021-12-30,DF,519546,11107
2021-12-30,ES,629648,13327
2021-12-30,GO,947476,24678
2021-12-30,MA,370545,10376
2021-12-30,MG,2222482,56655
2021-12-30,MS,380405,9729
2021-12-30,MT,554222,13799
2021-12-30,PA,625463,17089
2021-12-30,PB,464121,9594
2021-12-30,PE,645225,20440
2021-12-30,PI,334440,7275
2021-12-30,PR,1597509,40887
2021-12-30,RJ,1351876,69459
2021-12-30,RN,387202,7571
2021-12-30,RO,284500,6734
2021-12-30,RR,129086,2078
2021-12-30,RS,1505847,36441
2021-12-30,SC,1242654,20183
2021-12-30,SE,278507,6057
2021-12-30,SP,4455011,155186
2021-12-30,TO,235558,3939
2021-12-31,AC,88384,1851
2021-12-31,AL,242080,6383
2021-12-31,AM,433813,13835
2021-12-31,AP,126981,2022
2021-12-31,BA,1270858,27506
2021-12-31,CE,956325,24806
2021-12-31,DF,519811,11108
2021-12-31,ES,629872,13328
2021-12-31,GO,947898,24695
2021-12-31,MA,370645,10377
2021-12-31,MG,2223985,56659
2021-12-31,MS,380515,9729
2021-12-31,MT,554424,13800
2021-12-31,PA,625518,17091
2021-12-31,PB,464335,9596
2021-12-31,PE,645681,20447
2021-12-31,PI,334472,7275
2021-12-31,PR,1598302,40889
2021-12-31,RJ,1352824,69467
2021-12-31,RN,387352,7572
2021-12-31,RO,284626,6734
2021-12-31,RR,129086,2078
2021-12-31,RS,1507117,36444
2021-12-31,SC,1243535,20186
2021-12-31,SE,278530,6057
2021-12-31,SP,4456108,155205
2021-12-31,TO,235558,3939
2022-01-01,AC,88386,1851
2022-01-01,AL,242091,6383
2022-01-01,AM,433850,13836
2022-01-01,AP,127013,2022
2022-01-01,BA,1271029,27507
2022-01-01,CE,957035,24806
2022-01-01,DF,519811,11108
2022-01-01,ES,629925,13330
2022-01-01,GO,947907,24695
2022-01-01,MA,370694,10377
2022-01-01,MG,2224553,56659
2022-01-01,MS,380515,9729
2022-01-01,MT,554474,13801
2022-01-01,PA,625527,17092
2022-01-01,PB,464511,9597
2022-01-01,PE,645887,20454
2022-01-01,PI,334490,7275
2022-01-01,PR,1598956,40889
2022-01-01,RJ,1352852,69472
2022-01-01,RN,387375,7572
2022-01-01,RO,284660,6737
2022-01-01,RR,129086,2078
2022-01-01,RS,1507117,36444
2022-01-01,SC,1243870,20188
2022-01-01,SE,278538,6057
2022-01-01,SP,4456469,155213
2022-01-01,TO,235558,3939
2022-01-02,AC,88386,1851
2022-01-02,AL,242104,6383
2022-01-02,AM,433882,13837
2022-01-02,AP,127033,2022
2022-01-02,BA,1271155,27510
2022-01-02,CE,957203,24812
2022-01-02,DF,519811,11108
2022-01-02,ES,630104,13331
2022-01-02,GO,947907,24695
2022-01-02,MA,370697,10378
2022-01-02,MG,2224553,56659
2022-01-02,MS,380653,9732
2022-01-02,MT,554521,13803
2022-01-02,PA,625533,17093
2022-01-02,PB,464565,9599
2022-01-02,PE,645946,20460
2022-01-02,PI,334548,7279
2022-01-02,PR,1599536,40890
2022-01-02,RJ,1352925,69472
2022-01-02,RN,387542,7573
2022-01-02,RO,284692,6739
2022-01-02,RR,129086,2078
2022-01-02,RS,1507117,36444
2022-01-02,SC,1244089,20189
2022-01-02,SE,278539,6057
2022-01-02,SP,4456581,155216
2022-01-02,TO,235917,3942
2022-01-03,AC,88395,1851
2022-01-03,AL,242108,6383
2022-01-03,AM,433970,13838
2022-01-03,AP,127080,2023
2022-01-03,BA,1271250,27519
2022-01-03,CE,957373,24815
2022-01-03,DF,520538,11110
2022-01-03,ES,630389,13335
2022-01-03,GO,948282,24699
2022-01-03,MA,370747,10381
2022-01-03,MG,2226164,56668
2022-01-03,MS,380820,9733
2022-01-03,MT,554872,13808
2022-01-03,PA,625982,17098
2022-01-03,PB,464590,9600
2022-01-03,PE,646004,20465
2022-01-03,PI,334582,7281
2022-01-03,PR,1600140,40891
2022-01-03,RJ,1356863,69472
2022-01-03,RN,387919,7577
2022-01-03,RO,284783,6742
2022-01-03,RR,129220,2078
2022-01-03,RS,1508446,36445
2022-01-03,SC,1244569,20194
2022-01-03,SE,278539,6058
2022-01-03,SP,4456745,155216
2022-01-03,TO,236554,3944
2022-01-04,AC,88395,1852
2022-01-04,AL,242165,6383
2022-01-04,AM,434142,13838
2022-01-04,AP,127147,2023
2022-01-04,BA,1271962,27538
2022-01-04,CE,957498,24823
2022-01-04,DF,521140,11112
2022-01-04,ES,631039,13337
2022-01-04,GO,948625,24699
2022-01-04,MA,370908,10384
2022-01-04,MG,2228574,56683
2022-01-04,MS,380845,9737
2022-01-04,MT,555561,13813
2022-01-04,PA,626701,17108
2022-01-04,PB,464629,9600
2022-01-04,PE,646276,20473
2022-01-04,PI,334606,7283
2022-01-04,PR,1602747,40900
2022-01-04,RJ,1359403,69513
2022-01-04,RN,388313,7580
2022-01-04,RO,285037,6745
2022-01-04,RR,129336,2078
2022-01-04,RS,1509873,36460
2022-01-04,SC,1246583,20198
2022-01-04,SE,278557,6059
2022-01-04,SP,4458689,155242
2022-01-04,TO,237117,3945
2022-01-05,AC,88395,1852
2022-01-05,AL,242225,6385
2022-01-05,AM,434320,13839
2022-01-05,AP,127208,2024
2022-01-05,BA,1272667,27550
2022-01-05,CE,957813,24826
2022-01-05,DF,521900,11115
2022-01-05,ES,631878,13340
2022-01-05,GO,949645,24699
2022-01-05,MA,371132,10386
2022-01-05,MG,2233159,56695
2022-01-05,MS,381666,9739
2022-01-05,MT,556349,13815
2022-01-05,PA,627439,17117
2022-01-05,PB,464880,9601
2022-01-05,PE,646788,20481
2022-01-05,PI,334664,7287
2022-01-05,PR,1606208,40903
2022-01-05,RJ,1362872,69515
2022-01-05,RN,388861,7581
2022-01-05,RO,285269,6748
2022-01-05,RR,129452,2078
2022-01-05,RS,1512186,36470
2022-01-05,SC,1249312,20204
2022-01-05,SE,278570,6059
2022-01-05,SP,4461651,155277
2022-01-05,TO,237760,3947
2022-01-06,AC,88403,1852
2022-01-06,AL,242367,6385
2022-01-06,AM,434595,13842
2022-01-06,AP,127298,2024
2022-01-06,BA,1273955,27554
2022-01-06,CE,958080,24828
2022-01-06,DF,523351,11116
2022-01-06,ES,633080,13346
2022-01-06,GO,951849,24722
2022-01-06,MA,371380,10390
2022-01-06,MG,2236559,56712
2022-01-06,MS,382613,9742
2022-01-06,MT,557535,13817
2022-01-06,PA,628094,17143
2022-01-06,PB,465082,9604
2022-01-06,PE,647427,20489
2022-01-06,PI,344324,7293
2022-01-06,PR,1611717,40906
2022-01-06,RJ,1368337,69520
2022-01-06,RN,389367,7583
2022-01-06,RO,285660,6756
2022-01-06,RR,129653,2078
2022-01-06,RS,1516451,36473
2022-01-06,SC,1252594,20212
2022-01-06,SE,278650,6060
2022-01-06,SP,4464482,155311
2022-01-06,TO,238031,3949
2022-01-07,AC,88403,1852
2022-01-07,AL,242563,6385
2022-01-07,AM,434958,13843
2022-01-07,AP,127381,2024
2022-01-07,BA,1275289,27574
2022-01-07,CE,960793,24836
2022-01-07,DF,524916,11119
2022-01-07,ES,634620,13350
2022-01-07,GO,952646,24724
2022-01-07,MA,371740,10394
2022-01-07,MG,2247541,56717
2022-01-07,MS,383694,9744
2022-01-07,MT,559112,13825
2022-01-07,PA,628813,17161
2022-01-07,PB,465266,9606
2022-01-07,PE,648110,20496
2022-01-07,PI,344379,7295
2022-01-07,PR,1618799,40910
2022-01-07,RJ,1375179,69524
2022-01-07,RN,390084,7584
2022-01-07,RO,286039,6761
2022-01-07,RR,129883,2078
2022-01-07,RS,1522119,36476
2022-01-07,SC,1257125,20223
2022-01-07,SE,278685,6060
2022-01-07,SP,4467399,155341
2022-01-07,TO,238746,3951
2022-01-08,AC,88403,1852
2022-01-08,AL,242752,6386
2022-01-08,AM,435384,13844
2022-01-08,AP,127480,2024
2022-01-08,BA,1276832,27589
2022-01-08,CE,960999,24841
2022-01-08,DF,524916,11119
2022-01-08,ES,635964,13351
2022-01-08,GO,953369,24724
2022-01-08,MA,371927,10396
2022-01-08,MG,2257723,56728
2022-01-08,MS,384267,9743
2022-01-08,MT,559863,13827
2022-01-08,PA,629010,17165
2022-01-08,PB,465373,9606
2022-01-08,PE,648856,20501
2022-01-08,PI,344434,7297
2022-01-08,PR,1626381,40912
2022-01-08,RJ,1382484,69530
2022-01-08,RN,390311,7585
2022-01-08,RO,286280,6764
2022-01-08,RR,130119,2078
2022-01-08,RS,1530029,36481
2022-01-08,SC,1261207,20224
2022-01-08,SE,278814,6061
2022-01-08,SP,4471113,155370
2022-01-08,TO,238746,3951
2022-01-09,AC,88403,1852
2022-01-09,AL,243188,6387
2022-01-09,AM,435749,13846
2022-01-09,AP,127529,2024
2022-01-09,BA,1277608,27592
2022-01-09,CE,962200,24842
2022-01-09,DF,524916,11119
2022-01-09,ES,636476,13352
2022-01-09,GO,953528,24726
2022-01-09,MA,372010,10397
2022-01-09,MG,2264274,56743
2022-01-09,MS,385573,9743
2022-01-09,MT,560379,13830
2022-01-09,PA,629169,17171
2022-01-09,PB,465685,9606
2022-01-09,PE,649262,20507
2022-01-09,PI,344523,7297
2022-01-09,PR,1629552,40913
2022-01-09,RJ,1385935,69532
2022-01-09,RN,390383,7586
2022-01-09,RO,286462,6763
2022-01-09,RR,130305,2078
2022-01-09,RS,1530029,36481
2022-01-09,SC,1263180,20224
2022-01-09,SE,278943,6062
2022-01-09,SP,4473190,155372
2022-01-09,TO,239022,3953
2022-01-10,AC,88440,1852
2022-01-10,AL,243620,6389
2022-01-10,AM,435978,13849
2022-01-10,AP,127586,2024
2022-01-10,BA,1277975,27607
2022-01-10,CE,963644,24851
2022-01-10,DF,527691,11120
2022-01-10,ES,643421,13353
2022-01-10,GO,954468,24736
2022-01-10,MA,372118,10399
2022-01-10,MG,2266456,56743
2022-01-10,MS,386183,9747
2022-01-10,MT,561684,13846
2022-01-10,PA,629982,17186
2022-01-10,PB,466027,9608
2022-01-10,PE,649459,20511
2022-01-10,PI,344557,7301
2022-01-10,PR,1634138,40917
2022-01-10,RJ,1386877,69532
2022-01-10,RN,390977,7587
2022-01-10,RO,286791,6769
2022-01-10,RR,130541,2078
2022-01-10,RS,1535484,36484
2022-01-10,SC,1264793,20227
2022-01-10,SE,278961,6062
2022-01-10,SP,4474109,155384
2022-01-10,TO,240188,3955
2022-01-11,AC,88628,1854
2022-01-11,AL,243736,6389
2022-01-11,AM,437197,13850
2022-01-11,AP,127794,2028
2022-01-11,BA,1280127,27616
2022-01-11,CE,963773,24852
2022-01-11,DF,531911,11122
2022-01-11,ES,646453,13356
2022-01-11,GO,957872,24738
2022-01-11,MA,372567,10401
2022-01-11,MG,2277380,56744
2022-01-11,MS,387398,9747
2022-01-11,MT,563762,13854
2022-01-11,PA,630652,17192
2022-01-11,PB,466088,9609
2022-01-11,PE,650270,20519
2022-01-11,PI,344630,7303
2022-01-11,PR,1643633,40922
2022-01-11,RJ,1397366,69546
2022-01-11,RN,391638,7587
2022-01-11,RO,287377,6775
2022-01-11,RR,130981,2078
2022-01-11,RS,1545035,36497
2022-01-11,SC,1271091,20235
2022-01-11,SE,279065,6062
2022-01-11,SP,4478468,155420
2022-01-11,TO,241216,3956
2022-01-12,AC,88813,1854
2022-01-12,AL,244055,6389
2022-01-12,AM,438856,13851
2022-01-12,AP,127963,2028
2022-01-12,BA,1281737,27628
2022-01-12,CE,964060,24852
2022-01-12,DF,535724,11123
2022-01-12,ES,649593,13360
2022-01-12,GO,961262,24741
2022-01-12,MA,373107,10402
2022-01-12,MG,2295533,56755
2022-01-12,MS,389880,9750
2022-01-12,MT,565930,13858
2022-01-12,PA,631395,17203
2022-01-12,PB,466088,9612
2022-01-12,PE,651223,20527
2022-01-12,PI,344668,7305
2022-01-12,PR,1656290,40927
2022-01-12,RJ,1409367,69553
2022-01-12,RN,392614,7587
2022-01-12,RO,288173,6778
2022-01-12,RR,131529,2078
2022-01-12,RS,1555404,36502
2022-01-12,SC,1277849,20243
2022-01-12,SE,279235,6062
2022-01-12,SP,4483053,155464
2022-01-12,TO,241753,3959
2022-01-13,AC,89244,1854
2022-01-13,AL,244561,6389
2022-01-13,AM,441260,13855
2022-01-13,AP,128212,2028
2022-01-13,BA,1283736,27642
2022-01-13,CE,964566,24856
2022-01-13,DF,538354,11125
2022-01-13,ES,653522,13363
2022-01-13,GO,967579,24753
2022-01-13,MA,373578,10406
2022-01-13,MG,2311318,56768
2022-01-13,MS,390734,9753
2022-01-13,MT,568367,13862
2022-01-13,PA,632264,17230
2022-01-13,PB,466939,9613
2022-01-13,PE,652670,20531
2022-01-13,PI,344753,7306
2022-01-13,PR,1668870,40930
2022-01-13,RJ,1422204,69565
2022-01-13,RN,393965,7593
2022-01-13,RO,288595,6782
2022-01-13,RR,132113,2078
2022-01-13,RS,1567590,36513
2022-01-13,SC,1286298,20249
2022-01-13,SE,279337,6063
2022-01-13,SP,4488929,155517
2022-01-13,TO,242824,3963
2022-01-14,AC,89529,1854
2022-01-14,AL,244908,6391
2022-01-14,AM,444042,13856
2022-01-14,AP,128571,2030
2022-01-14,BA,1286166,27650
2022-01-14,CE,966987,24867
2022-01-14,DF,541252,11126
2022-01-14,ES,658297,13371
2022-01-14,GO,968839,24754
2022-01-14,MA,374012,10411
2022-01-14,MG,2330228,56791
2022-01-14,MS,391417,9754
2022-01-14,MT,571298,13866
2022-01-14,PA,632989,17233
2022-01-14,PB,467443,9614
2022-01-14,PE,654170,20536
2022-01-14,PI,344821,7312
2022-01-14,PR,1683751,40931
2022-01-14,RJ,1438321,69574
2022-01-14,RN,394011,7599
2022-01-14,RO,289419,6787
2022-01-14,RR,132526,2078
2022-01-14,RS,1581887,36521
2022-01-14,SC,1296019,20264
2022-01-14,SE,279587,6064
2022-01-14,SP,4497401,155617
2022-01-14,TO,243157,3967
2022-01-15,AC,89635,1854
2022-01-15,AL,245054,6391
2022-01-15,AM,446680,13856
2022-01-15,AP,128799,2030
2022-01-15,BA,1287084,27658
2022-01-15,CE,968505,24870
2022-01-15,DF,541252,11126
2022-01-15,ES,661762,13371
2022-01-15,GO,969099,24765
2022-01-15,MA,374304,10413
2022-01-15,MG,2349381,56810
2022-01-15,MS,391693,9756
2022-01-15,MT,572734,13866
2022-01-15,PA,633356,17237
2022-01-15,PB,468178,9614
2022-01-15,PE,654766,20544
2022-01-15,PI,345004,7314
2022-01-15,PR,1693867,40931
2022-01-15,RJ,1438711,69579
2022-01-15,RN,394291,7602
2022-01-15,RO,290050,6789
2022-01-15,RR,132848,2078
2022-01-15,RS,1581887,36521
2022-01-15,SC,1298857,20268
2022-01-15,SE,279897,6065
2022-01-15,SP,4498145,155707
2022-01-15,TO,243157,3967
2022-01-16,AC,89801,1854
2022-01-16,AL,245628,6393
2022-01-16,AM,449759,13857
2022-01-16,AP,128990,2030
2022-01-16,BA,1288556,27662
2022-01-16,CE,970490,24872
2022-01-16,DF,541252,11126
2022-01-16,ES,661762,13371
2022-01-16,GO,969340,24766
2022-01-16,MA,374392,10418
2022-01-16,MG,2357908,56829
2022-01-16,MS,392408,9759
2022-01-16,MT,573280,13867
2022-01-16,PA,633508,17239
2022-01-16,PB,468244,9615
2022-01-16,PE,655069,20548
2022-01-16,PI,345078,7318
2022-01-16,PR,1699378,40933
2022-01-16,RJ,1442517,69585
2022-01-16,RN,394427,7604
2022-01-16,RO,290677,6790
2022-01-16,RR,133029,2078
2022-01-16,RS,1581887,36521
2022-01-16,SC,1301160,20279
2022-01-16,SE,280211,6066
2022-01-16,SP,4500516,155729
2022-01-16,TO,244197,3972
2022-01-17,AC,90250,1854
2022-01-17,AL,246044,6395
2022-01-17,AM,452433,13858
2022-01-17,AP,129580,2031
2022-01-17,BA,1290351,27672
2022-01-17,CE,978476,24913
2022-01-17,DF,546900,11128
2022-01-17,ES,671240,13376
2022-01-17,GO,972995,24769
2022-01-17,MA,374563,10422
2022-01-17,MG,2362231,56832
2022-01-17,MS,393607,9765
2022-01-17,MT,576156,13878
2022-01-17,PA,634200,17249
2022-01-17,PB,468652,9617
2022-01-17,PE,655476,20554
2022-01-17,PI,345171,7323
2022-01-17,PR,1709569,40940
2022-01-17,RJ,1444349,69586
2022-01-17,RN,395645,7611
2022-01-17,RO,291441,6791
2022-01-17,RR,133380,2082
2022-01-17,RS,1594960,36533
2022-01-17,SC,1304925,20284
2022-01-17,SE,280308,6067
2022-01-17,SP,4501846,155741
2022-01-17,TO,245897,3976
2022-01-18,AC,90299,1854
2022-01-18,AL,246511,6397
2022-01-18,AM,457408,13860
2022-01-18,AP,130239,2032
2022-01-18,BA,1294269,27695
2022-01-18,CE,980698,24916
2022-01-18,DF,551680,11132
2022-01-18,ES,681689,13385
2022-01-18,GO,978504,24792
2022-01-18,MA,375086,10427
2022-01-18,MG,2383041,56833
2022-01-18,MS,395316,9768
2022-01-18,MT,578570,13888
2022-01-18,PA,634851,17261
2022-01-18,PB,469004,9620
2022-01-18,PE,657143,20558
2022-01-18,PI,336925,7329
2022-01-18,PR,1729565,40951
2022-01-18,RJ,1459328,69616
2022-01-18,RN,397355,7618
2022-01-18,RO,293052,6795
2022-01-18,RR,134053,2082
2022-01-18,RS,1612300,36552
2022-01-18,SC,1315268,20295
2022-01-18,SE,280588,6067
2022-01-18,SP,4513255,155858
2022-01-18,TO,247897,3978
2022-01-19,AC,91471,1854
2022-01-19,AL,247013,6399
2022-01-19,AM,464913,13863
2022-01-19,AP,130947,2033
2022-01-19,BA,1299156,27711
2022-01-19,CE,982377,24942
2022-01-19,DF,553988,11135
2022-01-19,ES,690636,13395
2022-01-19,GO,982807,24792
2022-01-19,MA,375725,10431
2022-01-19,MG,2410724,56866
2022-01-19,MS,396785,9773
2022-01-19,MT,582116,13901
2022-01-19,PA,635898,17267
2022-01-19,PB,470906,9625
2022-01-19,PE,659358,20566
2022-01-19,PI,337286,7333
2022-01-19,PR,1742893,40951
2022-01-19,RJ,1528551,69623
2022-01-19,RN,399213,7622
2022-01-19,RO,294764,6798
2022-01-19,RR,134997,2084
2022-01-19,RS,1633330,36564
2022-01-19,SC,1327487,20308
2022-01-19,SE,281053,6068
2022-01-19,SP,4523521,155997
2022-01-19,TO,249695,3980
2022-01-20,AC,91781,1854
2022-01-20,AL,247550,6401
2022-01-20,AM,473232,13869
2022-01-20,AP,132389,2033
2022-01-20,BA,1303045,27731
2022-01-20,CE,987114,24956
2022-01-20,DF,558161,11136
2022-01-20,ES,700707,13404
2022-01-20,GO,988950,24815
2022-01-20,MA,376549,10433
2022-01-20,MG,2436663,56895
2022-01-20,MS,397919,9778
2022-01-20,MT,586391,13908
2022-01-20,PA,636990,17272
2022-01-20,PB,472855,9626
2022-01-20,PE,661588,20570
2022-01-20,PI,337653,7336
2022-01-20,PR,1767331,40955
2022-01-20,RJ,1550953,69637
2022-01-20,RN,400653,7628
2022-01-20,RO,296395,6800
2022-01-20,RR,135840,2084
2022-01-20,RS,1651551,36578
2022-01-20,SC,1337991,20319
2022-01-20,SE,281430,6069
2022-01-20,SP,4534066,156165
2022-01-20,TO,251748,3981
2022-01-21,AC,92004,1854
2022-01-21,AL,248397,6403
2022-01-21,AM,481295,13881
2022-01-21,AP,134108,2035
2022-01-21,BA,1308146,27752
2022-01-21,CE,990138,24980
2022-01-21,DF,561457,11139
2022-01-21,ES,713436,13413
2022-01-21,GO,995644,24849
2022-01-21,MA,377458,10438
2022-01-21,MG,2463640,56918
2022-01-21,MS,399835,9781
2022-01-21,MT,590360,13921
2022-01-21,PA,637758,17280
2022-01-21,PB,474846,9628
2022-01-21,PE,663854,20574
2022-01-21,PI,338077,7343
2022-01-21,PR,1788687,40965
2022-01-21,RJ,1571974,69649
2022-01-21,RN,403321,7635
2022-01-21,RO,298451,6805
2022-01-21,RR,136403,2086
2022-01-21,RS,1669817,36601
2022-01-21,SC,1349546,20338
2022-01-21,SE,282070,6070
2022-01-21,SP,4545225,156310
2022-01-21,TO,254144,3983
2022-01-22,AC,93533,1855
2022-01-22,AL,249267,6405
2022-01-22,AM,488762,13881
2022-01-22,AP,135391,2036
2022-01-22,BA,1312371,27770
2022-01-22,CE,990138,24980
2022-01-22,DF,561457,11139
2022-01-22,ES,723634,13414
2022-01-22,GO,999326,24858
2022-01-22,MA,378111,10443
2022-01-22,MG,2489776,56941
2022-01-22,MS,402297,9784
2022-01-22,MT,592707,13923
2022-01-22,PA,637971,17283
2022-01-22,PB,477089,9632
2022-01-22,PE,667212,20581
2022-01-22,PI,338343,7346
2022-01-22,PR,1804018,40982
2022-01-22,RJ,1602066,69674
2022-01-22,RN,404812,7637
2022-01-22,RO,300120,6806
2022-01-22,RR,137029,2086
2022-01-22,RS,1690598,36635
2022-01-22,SC,1361502,20361
2022-01-22,SE,282972,6072
2022-01-22,SP,4557842,156434
2022-01-22,TO,254144,3983
2022-01-23,AC,93724,1857
2022-01-23,AL,250239,6407
2022-01-23,AM,491973,13886
2022-01-23,AP,136561,2036
2022-01-23,BA,1316452,27773
2022-01-23,CE,1030428,24996
2022-01-23,DF,561457,11139
2022-01-23,ES,730355,13417
2022-01-23,GO,1000868,24869
2022-01-23,MA,378415,10447
2022-01-23,MG,2505003,56962
2022-01-23,MS,402729,9796
2022-01-23,MT,593248,13926
2022-01-23,PA,638330,17287
2022-01-23,PB,479096,9635
2022-01-23,PE,668570,20586
2022-01-23,PI,338582,7348
2022-01-23,PR,1815771,40988
2022-01-23,RJ,1610135,69677
2022-01-23,RN,404907,7643
2022-01-23,RO,301706,6807
2022-01-23,RR,137456,2086
2022-01-23,RS,1699261,36640
2022-01-23,SC,1365317,20372
2022-01-23,SE,283671,6074
2022-01-23,SP,4562990,156493
2022-01-23,TO,255544,3985
2022-01-24,AC,95091,1857
2022-01-24,AL,251188,6409
2022-01-24,AM,495528,13892
2022-01-24,AP,140462,2039
2022-01-24,BA,1319176,27791
2022-01-24,CE,1032651,25039
2022-01-24,DF,568433,11143
2022-01-24,ES,742822,13429
2022-01-24,GO,1006494,24870
2022-01-24,MA,378988,10452
2022-01-24,MG,2514049,56965
2022-01-24,MS,405767,9811
2022-01-24,MT,597415,13947
2022-01-24,PA,639755,17296
2022-01-24,PB,479952,9640
2022-01-24,PE,669804,20590
2022-01-24,PI,338895,7351
2022-01-24,PR,1827077,41005
2022-01-24,RJ,1613260,69689
2022-01-24,RN,407517,7651
2022-01-24,RO,303115,6810
2022-01-24,RR,137924,2086
2022-01-24,RS,1704958,36644
2022-01-24,SC,1368213,20384
2022-01-24,SE,284333,6075
2022-01-24,SP,4565699,156551
2022-01-24,TO,257971,3986
2022-01-25,AC,95594,1857
2022-01-25,AL,251724,6411
2022-01-25,AM,502862,13902
2022-01-25,AP,143037,2041
2022-01-25,BA,1325321,27819
2022-01-25,CE,1040161,25053
2022-01-25,DF,579130,11147
2022-01-25,ES,760663,13440
2022-01-25,GO,1014757,24870
2022-01-25,MA,380137,10454
2022-01-25,MG,2538453,56976
2022-01-25,MS,409185,9820
2022-01-25,MT,601482,13952
2022-01-25,PA,641080,17302
2022-01-25,PB,480736,9645
2022-01-25,PE,672585,20599
2022-01-25,PI,339762,7356
2022-01-25,PR,1847109,41034
2022-01-25,RJ,1637812,69700
2022-01-25,RN,410761,7658
2022-01-25,RO,305566,6814
2022-01-25,RR,138876,2086
2022-01-25,RS,1724485,36692
2022-01-25,SC,1382762,20418
2022-01-25,SE,284928,6077
2022-01-25,SP,4578916,156778
2022-01-25,TO,260332,3986
2022-01-26,AC,96532,1860
2022-01-26,AL,252440,6416
2022-01-26,AM,509128,13908
2022-01-26,AP,145141,2043
2022-01-26,BA,1331776,27837
2022-01-26,CE,1050801,25083
2022-01-26,DF,584615,11152
2022-01-26,ES,778865,13451
2022-01-26,GO,1021056,24944
2022-01-26,MA,381652,10457
2022-01-26,MG,2574836,57038
2022-01-26,MS,411872,9830
2022-01-26,MT,606349,13962
2022-01-26,PA,642826,17311
2022-01-26,PB,483908,9647
2022-01-26,PE,677307,20607
2022-01-26,PI,340452,7359
2022-01-26,PR,1872026,41065
2022-01-26,RJ,1661208,69726
2022-01-26,RN,415433,7668
2022-01-26,RO,307568,6821
2022-01-26,RR,139783,2091
2022-01-26,RS,1746431,36749
2022-01-26,SC,1394287,20447
2022-01-26,SE,286187,6079
2022-01-26,SP,4592100,156950
2022-01-26,TO,262540,3989
2022-01-27,AC,96834,1861
2022-01-27,AL,252983,6421
2022-01-27,AM,515440,13913
2022-01-27,AP,147215,2045
2022-01-27,BA,1339384,27866
2022-01-27,CE,1050801,25083
2022-01-27,DF,589858,11156
2022-01-27,ES,798001,13465
2022-01-27,GO,1027657,24978
2022-01-27,MA,383200,10462
2022-01-27,MG,2609256,57093
2022-01-27,MS,416005,9845
2022-01-27,MT,612452,13981
2022-01-27,PA,644948,17319
2022-01-27,PB,487074,9672
2022-01-27,PE,682805,20615
2022-01-27,PI,341237,7361
2022-01-27,PR,1899387,41109
2022-01-27,RJ,1695972,69776
2022-01-27,RN,419885,7686
2022-01-27,RO,309783,6822
2022-01-27,RR,140646,2096
2022-01-27,RS,1767745,36791
2022-01-27,SC,1407597,20474
2022-01-27,SE,287212,6081
2022-01-27,SP,4609121,157209
2022-01-27,TO,264904,3993
2022-01-28,AC,97430,1862
2022-01-28,AL,256808,6426
2022-01-28,AM,521451,13922
2022-01-28,AP,149199,2047
2022-01-28,BA,1347375,27894
2022-01-28,CE,1077060,25175
2022-01-28,DF,595257,11164
2022-01-28,ES,817400,13478
2022-01-28,GO,1033296,24996
2022-01-28,MA,384940,10470
2022-01-28,MG,2650009,57137
2022-01-28,MS,419274,9857
2022-01-28,MT,617419,14001
2022-01-28,PA,647079,17335
2022-01-28,PB,490428,9686
2022-01-28,PE,688513,20621
2022-01-28,PI,341968,7364
2022-01-28,PR,1923313,41167
2022-01-28,RJ,1723682,69804
2022-01-28,RN,423505,7696
2022-01-28,RO,312107,6827
2022-01-28,RR,141628,2096
2022-01-28,RS,1793519,36822
2022-01-28,SC,1423561,20514
2022-01-28,SE,289076,6084
2022-01-28,SP,4624017,157494
2022-01-28,TO,267537,3997
2022-01-29,AC,97829,1866
2022-01-29,AL,257136,6431
2022-01-29,AM,526320,13929
2022-01-29,AP,150433,2049
2022-01-29,BA,1355500,27907
2022-01-29,CE,1107160,25237
2022-01-29,DF,595257,11164
2022-01-29,ES,827360,13487
2022-01-29,GO,1035258,25002
2022-01-29,MA,385884,10477
2022-01-29,MG,2680134,57214
2022-01-29,MS,422264,9870
2022-01-29,MT,619729,14009
2022-01-29,PA,647628,17340
2022-01-29,PB,494098,9695
2022-01-29,PE,695094,20627
2022-01-29,PI,342655,7368
2022-01-29,PR,1941986,41185
2022-01-29,RJ,1747887,69849
2022-01-29,RN,424807,7703
2022-01-29,RO,314027,6827
2022-01-29,RR,142296,2096
2022-01-29,RS,1814198,36853
2022-01-29,SC,1435746,20542
2022-01-29,SE,290298,6089
2022-01-29,SP,4638360,157817
2022-01-29,TO,267537,3997
2022-01-30,AC,98149,1868
2022-01-30,AL,257663,6436
2022-01-30,AM,528268,13936
2022-01-30,AP,151208,2051
2022-01-30,BA,1359487,27912
2022-01-30,CE,1119607,25239
2022-01-30,DF,595257,11164
2022-01-30,ES,834339,13490
2022-01-30,GO,1035258,25002
2022-01-30,MA,386148,10483
2022-01-30,MG,2705734,57306
2022-01-30,MS,423244,9878
2022-01-30,MT,621054,14021
2022-01-30,PA,648139,17343
2022-01-30,PB,497653,9702
2022-01-30,PE,697295,20635
2022-01-30,PI,343014,7377
2022-01-30,PR,1952061,41191
2022-01-30,RJ,1753395,69878
2022-01-30,RN,425866,7705
2022-01-30,RO,316282,6830
2022-01-30,RR,142566,2096
2022-01-30,RS,1821565,36863
2022-01-30,SC,1439607,20550
2022-01-30,SE,292167,6093
2022-01-30,SP,4646106,157854
2022-01-30,TO,269128,4001
2022-01-31,AC,101260,1871
2022-01-31,AL,258240,6441
2022-01-31,AM,529876,13950
2022-01-31,AP,151958,2051
2022-01-31,BA,1363312,27944
2022-01-31,CE,1124676,25245
2022-01-31,DF,606765,11174
2022-01-31,ES,848235,13524
2022-01-31,GO,1037046,25037
2022-01-31,MA,386567,10488
2022-01-31,MG,2713581,57314
2022-01-31,MS,428146,9898
2022-01-31,MT,624997,14044
2022-01-31,PA,650512,17355
2022-01-31,PB,498923,9716
2022-01-31,PE,698267,20643
2022-01-31,PI,344237,7389
2022-01-31,PR,1973247,41242
2022-01-31,RJ,1757151,69884
2022-01-31,RN,428630,7739
2022-01-31,RO,318313,6833
2022-01-31,RR,142645,2096
2022-01-31,RS,1826295,36873
2022-01-31,SC,1442511,20579
2022-01-31,SE,293716,6098
2022-01-31,SP,4648715,157954
2022-01-31,TO,271819,4004
2022-02-01,AC,101417,1877
2022-02-01,AL,261715,6446
2022-02-01,AM,534592,13962
2022-02-01,AP,153068,2053
2022-02-01,BA,1367697,27981
2022-02-01,CE,1131297,25332
2022-02-01,DF,612563,11186
2022-02-01,ES,864965,13562
2022-02-01,GO,1037097,25050
2022-02-01,MA,387999,10495
2022-02-01,MG,2737915,57331
2022-02-01,MS,431152,9912
2022-02-01,MT,630266,14066
2022-02-01,PA,653234,17363
2022-02-01,PB,499327,9723
2022-02-01,PE,704277,20659
2022-02-01,PI,345807,7398
2022-02-01,PR,1997215,41281
2022-02-01,RJ,1772794,69922
2022-02-01,RN,431134,7758
2022-02-01,RO,320984,6837
2022-02-01,RR,143511,2099
2022-02-01,RS,1827422,36943
2022-02-01,SC,1455023,20629
2022-02-01,SE,295696,6103
2022-02-01,SP,4665845,158160
2022-02-01,TO,273687,4008
2022-02-02,AC,102866,1877
2022-02-02,AL,262163,6451
2022-02-02,AM,537441,13981
2022-02-02,AP,154329,2054
2022-02-02,BA,1374028,28026
2022-02-02,CE,1131297,25332
2022-02-02,DF,617945,11197
2022-02-02,ES,881190,13585
2022-02-02,GO,1050619,25101
2022-02-02,MA,389276,10501
2022-02-02,MG,2777186,57440
2022-02-02,MS,433787,9930
2022-02-02,MT,634891,14082
2022-02-02,PA,656272,17382
2022-02-02,PB,504194,9738
2022-02-02,PE,712083,20682
2022-02-02,PI,347924,7405
2022-02-02,PR,2015500,41320
2022-02-02,RJ,1790994,69970
2022-02-02,RN,434608,7768
2022-02-02,RO,323699,6844
2022-02-02,RR,144582,2101
2022-02-02,RS,1850106,37000
2022-02-02,SC,1458544,20664
2022-02-02,SE,297332,6109
2022-02-02,SP,4666941,158523
2022-02-02,TO,276380,4013
2022-02-03,AC,105014,1881
2022-02-03,AL,262735,6456
2022-02-03,AM,541668,13991
2022-02-03,AP,155288,2055
2022-02-03,BA,1389564,28077
2022-02-03,CE,1160180,25450
2022-02-03,DF,625031,11208
2022-02-03,ES,897437,13607
2022-02-03,GO,1057811,25117
2022-02-03,MA,390765,10510
2022-02-03,MG,2805771,57575
2022-02-03,MS,436674,9946
2022-02-03,MT,639383,14103
2022-02-03,PA,658777,17400
2022-02-03,PB,504216,9755
2022-02-03,PE,716733,20701
2022-02-03,PI,349140,7419
2022-02-03,PR,2042294,41334
2022-02-03,RJ,1819607,70026
2022-02-03,RN,437415,7778
2022-02-03,RO,326272,6846
2022-02-03,RR,145077,2104
2022-02-03,RS,1885128,37041
2022-02-03,SC,1477548,20690
2022-02-03,SE,299127,6115
2022-02-03,SP,4704552,158872
2022-02-03,TO,278366,4016
2022-02-04,AC,105843,1886
2022-02-04,AL,267909,6461
2022-02-04,AM,545165,13998
2022-02-04,AP,155838,2057
2022-02-04,BA,1399401,28133
2022-02-04,CE,1175073,25412
2022-02-04,DF,631233,11217
2022-02-04,ES,913000,13645
2022-02-04,GO,1064685,25150
2022-02-04,MA,392338,10519
2022-02-04,MG,2833192,57655
2022-02-04,MS,440295,9970
2022-02-04,MT,644179,14128
2022-02-04,PA,661600,17414
2022-02-04,PB,512790,9770
2022-02-04,PE,722858,20712
2022-02-04,PI,350036,7436
2022-02-04,PR,2064885,41397
2022-02-04,RJ,1837001,70125
2022-02-04,RN,440390,7790
2022-02-04,RO,329658,6857
2022-02-04,RR,145604,2105
2022-02-04,RS,1904975,37092
2022-02-04,SC,1488428,20732
2022-02-04,SE,301161,6120
2022-02-04,SP,4723087,159242
2022-02-04,TO,280382,4018
2022-02-05,AC,105874,1894
2022-02-05,AL,268496,6466
2022-02-05,AM,547521,14006
2022-02-05,AP,156261,2057
2022-02-05,BA,1406018,28164
2022-02-05,CE,1180133,25427
2022-02-05,DF,631233,11217
2022-02-05,ES,919616,13655
2022-02-05,GO,1067660,25188
2022-02-05,MA,393087,10526
2022-02-05,MG,2862173,57754
2022-02-05,MS,442256,9978
2022-02-05,MT,647358,14143
2022-02-05,PA,663430,17425
2022-02-05,PB,516970,9791
2022-02-05,PE,728518,20722
2022-02-05,PI,350618,7437
2022-02-05,PR,2080186,41423
2022-02-05,RJ,1852994,70206
2022-02-05,RN,440390,7793
2022-02-05,RO,331548,6863
2022-02-05,RR,145856,2105
2022-02-05,RS,1923545,37161
2022-02-05,SC,1496869,20764
2022-02-05,SE,303004,6126
2022-02-05,SP,4740153,159536
2022-02-05,TO,280382,4018
2022-02-06,AC,105938,1897
2022-02-06,AL,269037,6471
2022-02-06,AM,548338,14011
2022-02-06,AP,156500,2057
2022-02-06,BA,1408323,28168
2022-02-06,CE,1182283,25502
2022-02-06,DF,631233,11217
2022-02-06,ES,924063,13665
2022-02-06,GO,1069858,25192
2022-02-06,MA,393466,10534
2022-02-06,MG,2876518,57868
2022-02-06,MS,443055,9992
2022-02-06,MT,648173,14158
2022-02-06,PA,664513,17441
2022-02-06,PB,520609,9805
2022-02-06,PE,729542,20729
2022-02-06,PI,351240,7444
2022-02-06,PR,2087788,41431
2022-02-06,RJ,1854963,70232
2022-02-06,RN,442435,7815
2022-02-06,RO,333291,6866
2022-02-06,RR,145883,2105
2022-02-06,RS,1927675,37175
2022-02-06,SC,1499449,20778
2022-02-06,SE,304586,6129
2022-02-06,SP,4745504,159589
2022-02-06,TO,281323,4021
2022-02-07,AC,105979,1899
2022-02-07,AL,269644,6478
2022-02-07,AM,549076,14024
2022-02-07,AP,157127,2059
2022-02-07,BA,1410619,28217
2022-02-07,CE,1183229,25542
2022-02-07,DF,640006,11230
2022-02-07,ES,934798,13701
2022-02-07,GO,1072457,25197
2022-02-07,MA,393535,10543
2022-02-07,MG,2880591,57894
2022-02-07,MS,445638,10003
2022-02-07,MT,651468,14180
2022-02-07,PA,667874,17458
2022-02-07,PB,521577,9832
2022-02-07,PE,731104,20736
2022-02-07,PI,352464,7466
2022-02-07,PR,2094041,41450
2022-02-07,RJ,1856969,70234
2022-02-07,RN,444277,7826
2022-02-07,RO,335746,6869
2022-02-07,RR,146205,2105
2022-02-07,RS,1932262,37185
2022-02-07,SC,1502015,20805
2022-02-07,SE,306977,6135
2022-02-07,SP,4749089,159615
2022-02-07,TO,283047,4024
2022-02-08,AC,107864,1905
2022-02-08,AL,270094,6484
2022-02-08,AM,551934,14034
2022-02-08,AP,157750,2064
2022-02-08,BA,1418945,28281
2022-02-08,CE,1187507,25580
2022-02-08,DF,644626,11243
2022-02-08,ES,946853,13726
2022-02-08,GO,1082676,25243
2022-02-08,MA,394839,10552
2022-02-08,MG,2906996,57950
2022-02-08,MS,448921,10031
2022-02-08,MT,656067,14197
2022-02-08,PA,671716,17476
2022-02-08,PB,522528,9848
2022-02-08,PE,736919,20754
2022-02-08,PI,353714,7479
2022-02-08,PR,2116752,41529
2022-02-08,RJ,1870522,70323
2022-02-08,RN,448501,7846
2022-02-08,RO,338545,6881
2022-02-08,RR,146589,2106
2022-02-08,RS,1948574,37290
2022-02-08,SC,1511055,20853
2022-02-08,SE,308316,6141
2022-02-08,SP,4764785,160060
2022-02-08,TO,284778,4028
2022-02-09,AC,108794,1909
2022-02-09,AL,274449,6492
2022-02-09,AM,554583,14045
2022-02-09,AP,158214,2068
2022-02-09,BA,1424629,28345
2022-02-09,CE,1191350,25653
2022-02-09,DF,649550,11256
2022-02-09,ES,957092,13760
2022-02-09,GO,1091634,25281
2022-02-09,MA,396564,10562
2022-02-09,MG,2933701,58075
2022-02-09,MS,452472,10047
2022-02-09,MT,660038,14210
2022-02-09,PA,675003,17494
2022-02-09,PB,528173,9871
2022-02-09,PE,742409,20771
2022-02-09,PI,354619,7497
2022-02-09,PR,2137621,41570
2022-02-09,RJ,1882077,70448
2022-02-09,RN,450878,7863
2022-02-09,RO,341370,6886
2022-02-09,RR,146641,2106
2022-02-09,RS,1964978,37384
2022-02-09,SC,1520112,20876
2022-02-09,SE,310100,6147
2022-02-09,SP,4782249,160542
2022-02-09,TO,286432,4033
2022-02-10,AC,109417,1914
2022-02-10,AL,275113,6499
2022-02-10,AM,557246,14052
2022-02-10,AP,158560,2072
2022-02-10,BA,1435389,28399
2022-02-10,CE,1195043,25687
2022-02-10,DF,653200,11265
2022-02-10,ES,966480,13786
2022-02-10,GO,1094916,25284
2022-02-10,MA,398065,10574
2022-02-10,MG,2960007,58203
2022-02-10,MS,456351,10071
2022-02-10,MT,663990,14227
2022-02-10,PA,678438,17513
2022-02-10,PB,531315,9886
2022-02-10,PE,748039,20789
2022-02-10,PI,355645,7514
2022-02-10,PR,2153188,41618
2022-02-10,RJ,1893620,70528
2022-02-10,RN,453703,7873
2022-02-10,RO,343812,6890
2022-02-10,RR,147675,2112
2022-02-10,RS,1981233,37417
2022-02-10,SC,1528594,20911
2022-02-10,SE,311648,6154
2022-02-10,SP,4801295,160839
2022-02-10,TO,287907,4039
2022-02-11,AC,110373,1914
2022-02-11,AL,276152,6509
2022-02-11,AM,559654,14059
2022-02-11,AP,158926,2076
2022-02-11,BA,1444048,28448
2022-02-11,CE,1198953,25726
2022-02-11,DF,656406,11280
2022-02-11,ES,974892,13820
2022-02-11,GO,1101952,25315
2022-02-11,MA,399650,10588
2022-02-11,MG,2982471,58346
2022-02-11,MS,459137,10081
2022-02-11,MT,667371,14243
2022-02-11,PA,681543,17534
2022-02-11,PB,535481,9914
2022-02-11,PE,754321,20808
2022-02-11,PI,356816,7526
2022-02-11,PR,2169873,41685
2022-02-11,RJ,1905090,70668
2022-02-11,RN,456349,7889
2022-02-11,RO,346227,6896
2022-02-11,RR,148200,2112
2022-02-11,RS,1997297,37479
2022-02-11,SC,1536862,20954
2022-02-11,SE,312522,6160
2022-02-11,SP,4821893,161156
2022-02-11,TO,289180,4046
2022-02-12,AC,110430,1917
2022-02-12,AL,280758,6517
2022-02-12,AM,562001,14063
2022-02-12,AP,159081,2078
2022-02-12,BA,1452365,28477
2022-02-12,CE,1202237,25793
2022-02-12,DF,656406,11280
2022-02-12,ES,977908,13835
2022-02-12,GO,1104650,25340
2022-02-12,MA,400515,10601
2022-02-12,MG,3004938,58411
2022-02-12,MS,462758,10090
2022-02-12,MT,669737,14251
2022-02-12,PA,681857,17540
2022-02-12,PB,539557,9933
2022-02-12,PE,759548,20820
2022-02-12,PI,357107,7535
2022-02-12,PR,2186697,41743
2022-02-12,RJ,1914945,70773
2022-02-12,RN,457476,7898
2022-02-12,RO,347274,6899
2022-02-12,RR,148925,2114
2022-02-12,RS,2012687,37566
2022-02-12,SC,1544587,20971
2022-02-12,SE,313316,6166
2022-02-12,SP,4837857,161441
2022-02-12,TO,289180,4046
2022-02-13,AC,110443,1923
2022-02-13,AL,281411,6525
2022-02-13,AM,562537,14064
2022-02-13,AP,159149,2078
2022-02-13,BA,1457280,28491
2022-02-13,CE,1203386,25796
2022-02-13,DF,656406,11280
2022-02-13,ES,979331,13846
2022-02-13,GO,1105423,25341
2022-02-13,MA,400604,10613
2022-02-13,MG,3015220,58459
2022-02-13,MS,464051,10102
2022-02-13,MT,670313,14269
2022-02-13,PA,683444,17544
2022-02-13,PB,542931,9942
2022-02-13,PE,761452,20828
2022-02-13,PI,357810,7545
2022-02-13,PR,2192446,41747
2022-02-13,RJ,1918651,70839
2022-02-13,RN,457809,7914
2022-02-13,RO,348484,6900
2022-02-13,RR,149178,2114
2022-02-13,RS,2018001,37577
2022-02-13,SC,1546672,20989
2022-02-13,SE,313534,6172
2022-02-13,SP,4844670,161489
2022-02-13,TO,289784,4053
2022-02-14,AC,112689,1926
2022-02-14,AL,282081,6535
2022-02-14,AM,562984,14067
2022-02-14,AP,159244,2082
2022-02-14,BA,1459086,28536
2022-02-14,CE,1204050,25807
2022-02-14,DF,662020,11296
2022-02-14,ES,985051,13879
2022-02-14,GO,1110426,25344
2022-02-14,MA,401125,10627
2022-02-14,MG,3014713,58505
2022-02-14,MS,467811,10118
2022-02-14,MT,673283,14294
2022-02-14,PA,687343,17566
2022-02-14,PB,544249,9956
2022-02-14,PE,762893,20835
2022-02-14,PI,358516,7558
2022-02-14,PR,2201600,41781
2022-02-14,RJ,1920434,70842
2022-02-14,RN,460587,7942
2022-02-14,RO,351274,6972
2022-02-14,RR,149373,2114
2022-02-14,RS,2021100,37586
2022-02-14,SC,1548005,21009
2022-02-14,SE,315449,6179
2022-02-14,SP,4848816,161517
2022-02-14,TO,290978,4060
2022-02-15,AC,112742,1934
2022-02-15,AL,282747,6544
2022-02-15,AM,564706,14073
2022-02-15,AP,159609,2086
2022-02-15,BA,1464432,28591
2022-02-15,CE,1206719,25851
2022-02-15,DF,664370,11304
2022-02-15,ES,990726,13921
2022-02-15,GO,1116033,25384
2022-02-15,MA,402329,10639
2022-02-15,MG,3026600,58519
2022-02-15,MS,470201,10136
2022-02-15,MT,677002,14316
2022-02-15,PA,691047,17586
2022-02-15,PB,545538,9976
2022-02-15,PE,768301,20854
2022-02-15,PI,359519,7571
2022-02-15,PR,2215752,41833
2022-02-15,RJ,1928598,70933
2022-02-15,RN,463152,7957
2022-02-15,RO,354248,6986
2022-02-15,RR,149902,2116
2022-02-15,RS,2036367,37665
2022-02-15,SC,1555742,21053
2022-02-15,SE,316015,6185
2022-02-15,SP,4864493,161768
2022-02-15,TO,292091,4067
2022-02-16,AC,113646,1937
2022-02-16,AL,287096,6554
2022-02-16,AM,565731,14076
2022-02-16,AP,159695,2091
2022-02-16,BA,1470387,28680
2022-02-16,CE,1210050,25887
2022-02-16,DF,666400,11312
2022-02-16,ES,996421,13944
2022-02-16,GO,1123689,25423
2022-02-16,MA,403624,10649
2022-02-16,MG,3051423,58600
2022-02-16,MS,474331,10164
2022-02-16,MT,680186,14328
2022-02-16,PA,694561,17611
2022-02-16,PB,549189,9989
2022-02-16,PE,768377,20875
2022-02-16,PI,360563,7580
2022-02-16,PR,2231949,41879
2022-02-16,RJ,1937810,70988
2022-02-16,RN,465764,7971
2022-02-16,RO,355377,6990
2022-02-16,RR,150481,2122
2022-02-16,RS,2050705,37706
2022-02-16,SC,1563413,21095
2022-02-16,SE,316926,6191
2022-02-16,SP,4882294,162165
2022-02-16,TO,293112,4074
2022-02-17,AC,114823,1940
2022-02-17,AL,287747,6566
2022-02-17,AM,566688,14083
2022-02-17,AP,159765,2095
2022-02-17,BA,1473788,28779
2022-02-17,CE,1212653,25929
2022-02-17,DF,669062,11327
2022-02-17,ES,1000948,13976
2022-02-17,GO,1129049,25443
2022-02-17,MA,405026,10662
2022-02-17,MG,3066431,58744
2022-02-17,MS,478055,10183
2022-02-17,MT,683040,14344
2022-02-17,PA,697370,17638
2022-02-17,PB,555776,10002
2022-02-17,PE,781202,20890
2022-02-17,PI,361320,7591
2022-02-17,PR,2243373,41927
2022-02-17,RJ,1946016,71074
2022-02-17,RN,467279,7978
2022-02-17,RO,358013,6990
2022-02-17,RR,151138,2124
2022-02-17,RS,2064886,37784
2022-02-17,SC,1569584,21125
2022-02-17,SE,317404,6197
2022-02-17,SP,4898289,162517
2022-02-17,TO,294000,4081
2022-02-18,AC,116210,1949
2022-02-18,AL,288183,6577
2022-02-18,AM,567973,14086
2022-02-18,AP,159832,2097
2022-02-18,BA,1481596,28854
2022-02-18,CE,1214933,25990
2022-02-18,DF,671405,11343
2022-02-18,ES,1004733,13995
2022-02-18,GO,1135829,25495
2022-02-18,MA,406369,10672
2022-02-18,MG,3080876,58873
2022-02-18,MS,481355,10205
2022-02-18,MT,685644,14350
2022-02-18,PA,700232,17658
2022-02-18,PB,558170,10015
2022-02-18,PE,787902,20905
2022-02-18,PI,362031,7599
2022-02-18,PR,2257132,41998
2022-02-18,RJ,1949779,71232
2022-02-18,RN,468698,7988
2022-02-18,RO,360405,7008
2022-02-18,RR,151454,2124
2022-02-18,RS,2079492,37846
2022-02-18,SC,1576894,21162
2022-02-18,SE,317786,6203
2022-02-18,SP,4913098,162797
2022-02-18,TO,294846,4086
2022-02-19,AC,116222,1953
2022-02-19,AL,288493,6587
2022-02-19,AM,568626,14087
2022-02-19,AP,159874,2097
2022-02-19,BA,1484531,28882
2022-02-19,CE,1216869,26041
2022-02-19,DF,671405,11343
2022-02-19,ES,1006173,14006
2022-02-19,GO,1139518,25521
2022-02-19,MA,407053,10683
2022-02-19,MG,3101011,58995
2022-02-19,MS,484775,10213
2022-02-19,MT,686995,14358
2022-02-19,PA,702058,17681
2022-02-19,PB,559371,10026
2022-02-19,PE,794096,20935
2022-02-19,PI,362504,7604
2022-02-19,PR,2268412,42040
2022-02-19,RJ,1960037,71278
2022-02-19,RN,469595,7997
2022-02-19,RO,359394,7000
2022-02-19,RR,151622,2125
2022-02-19,RS,2092296,37882
2022-02-19,SC,1583509,21179
2022-02-19,SE,317940,6210
2022-02-19,SP,4929347,163134
2022-02-19,TO,294846,4086
2022-02-20,AC,116249,1956
2022-02-20,AL,288591,6600
2022-02-20,AM,569354,14093
2022-02-20,AP,159900,2097
2022-02-20,BA,1485522,28900
2022-02-20,CE,1217245,26070
2022-02-20,DF,671405,11343
2022-02-20,ES,1006881,14011
2022-02-20,GO,1140504,25527
2022-02-20,MA,407253,10697
2022-02-20,MG,3106713,59107
2022-02-20,MS,486498,10224
2022-02-20,MT,687578,14370
2022-02-20,PA,703825,17689
2022-02-20,PB,562038,10038
2022-02-20,PE,795626,20953
2022-02-20,PI,362771,7607
2022-02-20,PR,2273055,42049
2022-02-20,RJ,1961856,71316
2022-02-20,RN,469833,8002
2022-02-20,RO,360079,7005
2022-02-20,RR,151636,2125
2022-02-20,RS,2096478,37908
2022-02-20,SC,1585067,21188
2022-02-20,SE,318291,6217
2022-02-20,SP,4935771,163160
2022-02-20,TO,295194,4090
2022-02-21,AC,117850,1959
2022-02-21,AL,288707,6611
2022-02-21,AM,569834,14095
2022-02-21,AP,159929,2097
2022-02-21,BA,1485803,28929
2022-02-21,CE,1217521,26080
2022-02-21,DF,675874,11361
2022-02-21,ES,1010389,14042
2022-02-21,GO,1143114,25546
2022-02-21,MA,407630,10710
2022-02-21,MG,3108970,59116
2022-02-21,MS,489240,10240
2022-02-21,MT,689823,14387
2022-02-21,PA,707013,17699
2022-02-21,PB,562837,10044
2022-02-21,PE,796669,20969
2022-02-21,PI,363448,7614
2022-02-21,PR,2277375,42074
2022-02-21,RJ,1963043,71323
2022-02-21,RN,472107,8020
2022-02-21,RO,361479,7013
2022-02-21,RR,151785,2125
2022-02-21,RS,2098858,37922
2022-02-21,SC,1586717,21210
2022-02-21,SE,318846,6223
2022-02-21,SP,4938241,163183
2022-02-21,TO,295954,4093
2022-02-22,AC,118436,1962
2022-02-22,AL,289311,6621
2022-02-22,AM,570599,14098
2022-02-22,AP,159973,2098
2022-02-22,BA,1489594,28977
2022-02-22,CE,1219743,26133
2022-02-22,DF,677699,11377
2022-02-22,ES,1013129,14053
2022-02-22,GO,1149491,25592
2022-02-22,MA,408928,10725
2022-02-22,MG,3120858,59139
2022-02-22,MS,491560,10254
2022-02-22,MT,692788,14412
2022-02-22,PA,709489,17716
2022-02-22,PB,563676,10057
2022-02-22,PE,801203,20992
2022-02-22,PI,364093,7619
2022-02-22,PR,2288231,42105
2022-02-22,RJ,1967184,71347
2022-02-22,RN,473741,8027
2022-02-22,RO,364123,7020
2022-02-22,RR,152146,2126
2022-02-22,RS,2111826,37978
2022-02-22,SC,1593501,21243
2022-02-22,SE,319379,6230
2022-02-22,SP,4954240,163493
2022-02-22,TO,296677,4095
2022-02-23,AC,119090,1966
2022-02-23,AL,289578,6633
2022-02-23,AM,571174,14101
2022-02-23,AP,160025,2100
2022-02-23,BA,1492965,29003
2022-02-23,CE,1221650,26190
2022-02-23,DF,678503,11392
2022-02-23,ES,1016005,14067
2022-02-23,GO,1153702,25623
2022-02-23,MA,410211,10739
2022-02-23,MG,3157454,59307
2022-02-23,MS,493531,10269
2022-02-23,MT,695355,14422
2022-02-23,PA,712145,17737
2022-02-23,PB,566562,10066
2022-02-23,PE,808836,21007
2022-02-23,PI,364418,7623
2022-02-23,PR,2299203,42160
2022-02-23,RJ,1977628,71419
2022-02-23,RN,475203,8034
2022-02-23,RO,366864,7036
2022-02-23,RR,152610,2130
2022-02-23,RS,2124000,38050
2022-02-23,SC,1598982,21276
2022-02-23,SE,319775,6234
2022-02-23,SP,4969667,163791
2022-02-23,TO,297294,4099
2022-02-24,AC,119112,1968
2022-02-24,AL,289789,6644
2022-02-24,AM,571749,14104
2022-02-24,AP,160053,2102
2022-02-24,BA,1496169,29056
2022-02-24,CE,1222448,26204
2022-02-24,DF,679912,11398
2022-02-24,ES,1019102,14095
2022-02-24,GO,1159298,25657
2022-02-24,MA,411512,10751
2022-02-24,MG,3170337,59416
2022-02-24,MS,496484,10284
2022-02-24,MT,697707,14428
2022-02-24,PA,714459,17760
2022-02-24,PB,569242,10071
2022-02-24,PE,815662,21031
2022-02-24,PI,364796,7628
2022-02-24,PR,2308884,42193
2022-02-24,RJ,1982921,71570
2022-02-24,RN,476395,8038
2022-02-24,RO,369076,7052
2022-02-24,RR,152889,2131
2022-02-24,RS,2134332,38138
2022-02-24,SC,1603766,21304
2022-02-24,SE,319923,6237
2022-02-24,SP,4984895,164094
2022-02-24,TO,297958,4103
2022-02-25,AC,120569,1969
2022-02-25,AL,290050,6654
2022-02-25,AM,572349,14110
2022-02-25,AP,160072,2102
2022-02-25,BA,1498735,29096
2022-02-25,CE,1224173,26221
2022-02-25,DF,680841,11409
2022-02-25,ES,1021032,14114
2022-02-25,GO,1163488,25709
2022-02-25,MA,412474,10764
2022-02-25,MG,3181947,59539
2022-02-25,MS,498438,10302
2022-02-25,MT,699560,14435
2022-02-25,PA,716501,17782
2022-02-25,PB,571651,10076
2022-02-25,PE,821592,21048
2022-02-25,PI,365032,7640
2022-02-25,PR,2317901,42220
2022-02-25,RJ,1989021,71659
2022-02-25,RN,477170,8047
2022-02-25,RO,371428,7054
2022-02-25,RR,153208,2131
2022-02-25,RS,2143415,38199
2022-02-25,SC,1608840,21324
2022-02-25,SE,320125,6240
2022-02-25,SP,4999659,164305
2022-02-25,TO,298389,4106
2022-02-26,AC,120569,1969
2022-02-26,AL,290568,6666
2022-02-26,AM,573001,14115
2022-02-26,AP,160078,2102
2022-02-26,BA,1501100,29143
2022-02-26,CE,1226040,26286
2022-02-26,DF,680841,11409
2022-02-26,ES,1021732,14119
2022-02-26,GO,1166122,25740
2022-02-26,MA,412820,10773
2022-02-26,MG,3193975,59589
2022-02-26,MS,500692,10318
2022-02-26,MT,700888,14440
2022-02-26,PA,717927,17793
2022-02-26,PB,573710,10080
2022-02-26,PE,828330,21058
2022-02-26,PI,365108,7647
2022-02-26,PR,2325021,42281
2022-02-26,RJ,1993810,71723
2022-02-26,RN,477381,8049
2022-02-26,RO,372266,7057
2022-02-26,RR,153637,2134
2022-02-26,RS,2151960,38259
2022-02-26,SC,1613315,21347
2022-02-26,SE,320273,6244
2022-02-26,SP,5010949,164516
2022-02-26,TO,298389,4106
2022-02-27,AC,120581,1971
2022-02-27,AL,290902,6676
2022-02-27,AM,573515,14116
2022-02-27,AP,160087,2102
2022-02-27,BA,1501441,29147
2022-02-27,CE,1226124,26288
2022-02-27,DF,680841,11409
2022-02-27,ES,1022147,14123
2022-02-27,GO,1166468,25740
2022-02-27,MA,412837,10781
2022-02-27,MG,3197804,59643
2022-02-27,MS,501541,10328
2022-02-27,MT,701162,14446
2022-02-27,PA,719326,17799
2022-02-27,PB,575176,10087
2022-02-27,PE,829848,21069
2022-02-27,PI,365153,7656
2022-02-27,PR,2327714,42290
2022-02-27,RJ,1995136,71774
2022-02-27,RN,477672,8050
2022-02-27,RO,372666,7058
2022-02-27,RR,153769,2134
2022-02-27,RS,2151960,38259
2022-02-27,SC,1614093,21353
2022-02-27,SE,320389,6247
2022-02-27,SP,5015814,164523
2022-02-27,TO,298473,4109
2022-02-28,AC,120583,1972
2022-02-28,AL,291539,6684
2022-02-28,AM,573577,14119
2022-02-28,AP,160096,2102
2022-02-28,BA,1502168,29181
2022-02-28,CE,1226503,26305
2022-02-28,DF,681763,11416
2022-02-28,ES,1022348,14132
2022-02-28,GO,1166927,25760
2022-02-28,MA,412876,10790
2022-02-28,MG,3199494,59645
2022-02-28,MS,502871,10337
2022-02-28,MT,701727,14454
2022-02-28,PA,720198,17821
2022-02-28,PB,575176,10092
2022-02-28,PE,830696,21076
2022-02-28,PI,365225,7662
2022-02-28,PR,2330955,42307
2022-02-28,RJ,1995678,71778
2022-02-28,RN,477833,8054
2022-02-28,RO,373149,7064
2022-02-28,RR,153816,2134
2022-02-28,RS,2155916,38272
2022-02-28,SC,1615073,21368
2022-02-28,SE,320478,6250
2022-02-28,SP,5017453,164532
2022-02-28,TO,298473,4109
2022-03-01,AC,120587,1974
2022-03-01,AL,292217,6694
2022-03-01,AM,573662,14121
2022-03-01,AP,160104,2102
2022-03-01,BA,1502593,29221
2022-03-01,CE,1227243,26321
2022-03-01,DF,681763,11416
2022-03-01,ES,1022741,14138
2022-03-01,GO,1167657,25763
2022-03-01,MA,413030,10800
2022-03-01,MG,3203606,59647
2022-03-01,MS,503259,10356
2022-03-01,MT,702216,14460
2022-03-01,PA,720446,17833
2022-03-01,PB,576160,10099
2022-03-01,PE,833233,21087
2022-03-01,PI,365280,7664
2022-03-01,PR,2333478,42330
2022-03-01,RJ,1996760,71781
2022-03-01,RN,477954,8054
2022-03-01,RO,374130,7067
2022-03-01,RR,153829,2134
2022-03-01,RS,2155916,38272
2022-03-01,SC,1617680,21383
2022-03-01,SE,320577,6254
2022-03-01,SP,5020412,164613
2022-03-01,TO,298473,4110
2022-03-02,AC,120589,1976
2022-03-02,AL,292476,6704
2022-03-02,AM,573716,14122
2022-03-02,AP,160112,2102
2022-03-02,BA,1503668,29260
2022-03-02,CE,1228010,26331
2022-03-02,DF,682990,11427
2022-03-02,ES,1023209,14145
2022-03-02,GO,1169274,25772
2022-03-02,MA,413089,10807
2022-03-02,MG,3203772,59698
2022-03-02,MS,503771,10359
2022-03-02,MT,703041,14473
2022-03-02,PA,721190,17854
2022-03-02,PB,576160,10106
2022-03-02,PE,836916,21099
2022-03-02,PI,365356,7668
2022-03-02,PR,2337433,42344
2022-03-02,RJ,1997617,71809
2022-03-02,RN,478511,8058
2022-03-02,RO,375208,7071
2022-03-02,RR,153833,2134
2022-03-02,RS,2162630,38312
2022-03-02,SC,1619811,21399
2022-03-02,SE,320700,6258
2022-03-02,SP,5023390,164642
2022-03-02,TO,298669,4110
2022-03-03,AC,121904,1976
2022-03-03,AL,292527,6716
2022-03-03,AM,573761,14122
2022-03-03,AP,160123,2102
2022-03-03,BA,1505246,29303
2022-03-03,CE,1228302,26354
2022-03-03,DF,683663,11447
2022-03-03,ES,1025080,14161
2022-03-03,GO,1173646,25777
2022-03-03,MA,413530,10818
2022-03-03,MG,3214034,59722
2022-03-03,MS,505198,10377
2022-03-03,MT,704603,14481
2022-03-03,PA,722841,17868
2022-03-03,PB,577459,10110
2022-03-03,PE,840141,21111
2022-03-03,PI,365598,7675
2022-03-03,PR,2343799,42381
2022-03-03,RJ,2001312,71837
2022-03-03,RN,479598,8062
2022-03-03,RO,376530,7079
2022-03-03,RR,153932,2134
2022-03-03,RS,2170156,38384
2022-03-03,SC,1624171,21422
2022-03-03,SE,320867,6261
2022-03-03,SP,5033583,164835
2022-03-03,TO,299081,4112
2022-03-04,AC,122060,1979
2022-03-04,AL,292568,6726
2022-03-04,AM,574304,14124
2022-03-04,AP,160128,2109
2022-03-04,BA,1507386,29336
2022-03-04,CE,1229820,26385
2022-03-04,DF,685097,11461
2022-03-04,ES,1026575,14177
2022-03-04,GO,1180384,25815
2022-03-04,MA,414524,10824
2022-03-04,MG,3221769,59789
2022-03-04,MS,506988,10396
2022-03-04,MT,705904,14487
2022-03-04,PA,724221,17891
2022-03-04,PB,578882,10121
2022-03-04,PE,844454,21128
2022-03-04,PI,365896,7679
2022-03-04,PR,2350005,42443
2022-03-04,RJ,2006761,71875
2022-03-04,RN,480251,8063
2022-03-04,RO,378013,7089
2022-03-04,RR,153986,2134
2022-03-04,RS,2177227,38441
2022-03-04,SC,1627869,21439
2022-03-04,SE,321030,6265
2022-03-04,SP,5045451,165033
2022-03-04,TO,299391,4112
2022-03-05,AC,122518,1980
2022-03-05,AL,293247,6737
2022-03-05,AM,574651,14129
2022-03-05,AP,160135,2113
2022-03-05,BA,1508971,29357
2022-03-05,CE,1230599,26412
2022-03-05,DF,685097,11461
2022-03-05,ES,1027197,14181
2022-03-05,GO,1183384,25832
2022-03-05,MA,415049,10828
2022-03-05,MG,3229900,59875
2022-03-05,MS,507760,10405
2022-03-05,MT,706493,14492
2022-03-05,PA,725727,17898
2022-03-05,PB,578895,10125
2022-03-05,PE,848140,21144
2022-03-05,PI,365915,7680
2022-03-05,PR,2354860,42474
2022-03-05,RJ,2011215,71947
2022-03-05,RN,480329,8064
2022-03-05,RO,378877,7091
2022-03-05,RR,153998,2137
2022-03-05,RS,2183568,38488
2022-03-05,SC,1631403,21451
2022-03-05,SE,321161,6266
2022-03-05,SP,5057594,165275
2022-03-05,TO,299391,4112
2022-03-06,AC,122613,1980
2022-03-06,AL,293358,6744
2022-03-06,AM,575183,14129
2022-03-06,AP,160138,2113
2022-03-06,BA,1509203,29360
2022-03-06,CE,1230685,26421
2022-03-06,DF,685097,11461
2022-03-06,ES,1027409,14188
2022-03-06,GO,1183963,25839
2022-03-06,MA,415169,10832
2022-03-06,MG,3233647,59984
2022-03-06,MS,508853,10408
2022-03-06,MT,706706,14493
2022-03-06,PA,726632,17904
2022-03-06,PB,578901,10127
2022-03-06,PE,848875,21151
2022-03-06,PI,365923,7681
2022-03-06,PR,2356022,42477
2022-03-06,RJ,2011573,71956
2022-03-06,RN,480376,8066
2022-03-06,RO,379345,7095
2022-03-06,RR,154001,2137
2022-03-06,RS,2184744,38495
2022-03-06,SC,1631882,21459
2022-03-06,SE,321313,6268
2022-03-06,SP,5061077,165288
2022-03-06,TO,299547,4112
2022-03-07,AC,122614,1981
2022-03-07,AL,293432,6754
2022-03-07,AM,575502,14132
2022-03-07,AP,160139,2113
2022-03-07,BA,1509320,29381
2022-03-07,CE,1230749,26428
2022-03-07,DF,686162,11477
2022-03-07,ES,1028463,14202
2022-03-07,GO,1187930,25850
2022-03-07,MA,415189,10834
2022-03-07,MG,3234793,59991
2022-03-07,MS,509080,10415
2022-03-07,MT,707675,14503
2022-03-07,PA,728168,17919
2022-03-07,PB,582002,10132
2022-03-07,PE,849275,21160
2022-03-07,PI,366073,7689
2022-03-07,PR,2357883,42495
2022-03-07,RJ,2011870,71977
2022-03-07,RN,481680,8071
2022-03-07,RO,380087,7100
2022-03-07,RR,154034,2137
2022-03-07,RS,2185843,38498
2022-03-07,SC,1632523,21469
2022-03-07,SE,321496,6270
2022-03-07,SP,5062261,165295
2022-03-07,TO,299846,4115
2022-03-08,AC,122809,1985
2022-03-08,AL,293826,6762
2022-03-08,AM,576056,14133
2022-03-08,AP,160149,2113
2022-03-08,BA,1512109,29402
2022-03-08,CE,1231567,26451
2022-03-08,DF,686632,11482
2022-03-08,ES,1029355,14206
2022-03-08,GO,1194665,25875
2022-03-08,MA,416199,10837
2022-03-08,MG,3250989,59999
2022-03-08,MS,510376,10423
2022-03-08,MT,708669,14504
2022-03-08,PA,729850,17926
2022-03-08,PB,582380,10135
2022-03-08,PE,852103,21166
2022-03-08,PI,366202,7691
2022-03-08,PR,2365443,42543
2022-03-08,RJ,2017580,72014
2022-03-08,RN,482421,8079
2022-03-08,RO,381087,7102
2022-03-08,RR,154258,2137
2022-03-08,RS,2192155,38552
2022-03-08,SC,1635891,21486
2022-03-08,SE,321671,6273
2022-03-08,SP,5074665,165484
2022-03-08,TO,300114,4120
2022-03-09,AC,123060,1985
2022-03-09,AL,293873,6770
2022-03-09,AM,576542,14134
2022-03-09,AP,160169,2116
2022-03-09,BA,1512970,29418
2022-03-09,CE,1232276,26504
2022-03-09,DF,687012,11488
2022-03-09,ES,1030065,14221
2022-03-09,GO,1201696,25935
2022-03-09,MA,417031,10838
2022-03-09,MG,3249737,60079
2022-03-09,MS,511191,10430
2022-03-09,MT,709462,14510
2022-03-09,PA,731689,17946
2022-03-09,PB,583564,10142
2022-03-09,PE,855083,21177
2022-03-09,PI,366202,7694
2022-03-09,PR,2369525,42587
2022-03-09,RJ,2022417,72067
2022-03-09,RN,483167,8082
2022-03-09,RO,382076,7107
2022-03-09,RR,154405,2137
2022-03-09,RS,2197750,38606
2022-03-09,SC,1638500,21518
2022-03-09,SE,321838,6276
2022-03-09,SP,5087770,165667
2022-03-09,TO,300499,4124
2022-03-10,AC,123157,1987
2022-03-10,AL,293954,6778
2022-03-10,AM,577094,14137
2022-03-10,AP,160198,2116
2022-03-10,BA,1514797,29446
2022-03-10,CE,1232805,26525
2022-03-10,DF,687358,11497
2022-03-10,ES,1030538,14222
2022-03-10,GO,1207381,25955
2022-03-10,MA,417566,10839
2022-03-10,MG,3255023,60153
2022-03-10,MS,512884,10436
2022-03-10,MT,710477,14517
2022-03-10,PA,733128,17961
2022-03-10,PB,584306,10148
2022-03-10,PE,858568,21184
2022-03-10,PI,366414,7697
2022-03-10,PR,2374108,42632
2022-03-10,RJ,2027636,72093
2022-03-10,RN,484148,8089
2022-03-10,RO,382904,7111
2022-03-10,RR,154534,2139
2022-03-10,RS,2202873,38647
2022-03-10,SC,1641437,21529
2022-03-10,SE,322025,6279
2022-03-10,SP,5100545,165878
2022-03-10,TO,300717,4128
2022-03-11,AC,123338,1987
2022-03-11,AL,294109,6787
2022-03-11,AM,577587,14139
2022-03-11,AP,160202,2118
2022-03-11,BA,1516613,29470
2022-03-11,CE,1233521,26543
2022-03-11,DF,687931,11508
2022-03-11,ES,1031525,14234
2022-03-11,GO,1213056,25995
2022-03-11,MA,418128,10840
2022-03-11,MG,3260042,60260
2022-03-11,MS,514443,10440
2022-03-11,MT,711305,14524
2022-03-11,PA,734441,17969
2022-03-11,PB,585260,10151
2022-03-11,PE,861859,21195
2022-03-11,PI,366532,7698
2022-03-11,PR,2377119,42633
2022-03-11,RJ,2032079,72116
2022-03-11,RN,484761,8094
2022-03-11,RO,383386,7117
2022-03-11,RR,154562,2139
2022-03-11,RS,2208004,38685
2022-03-11,SC,1644344,21544
2022-03-11,SE,322179,6281
2022-03-11,SP,5112728,165981
2022-03-11,TO,300943,4131
2022-03-12,AC,123370,1988
2022-03-12,AL,294181,6795
2022-03-12,AM,578096,14141
2022-03-12,AP,160205,2118
2022-03-12,BA,1518103,29484
2022-03-12,CE,1233886,26563
2022-03-12,DF,687931,11508
2022-03-12,ES,1031831,14235
2022-03-12,GO,1216861,26014
2022-03-12,MA,418372,10843
2022-03-12,MG,3264720,60319
2022-03-12,MS,514756,10441
2022-03-12,MT,711703,14529
2022-03-12,PA,735351,17974
2022-03-12,PB,586432,10153
2022-03-12,PE,864814,21208
2022-03-12,PI,366533,7699
2022-03-12,PR,2379905,42655
2022-03-12,RJ,2036283,72180
2022-03-12,RN,484832,8097
2022-03-12,RO,383525,7117
2022-03-12,RR,154566,2139
2022-03-12,RS,2215403,38708
2022-03-12,SC,1647105,21554
2022-03-12,SE,322383,6284
2022-03-12,SP,5123695,166086
2022-03-12,TO,300943,4131
2022-03-13,AC,123376,1989
2022-03-13,AL,294249,6804
2022-03-13,AM,578521,14143
2022-03-13,AP,160210,2118
2022-03-13,BA,1518238,29486
2022-03-13,CE,1233945,26568
2022-03-13,DF,687931,11508
2022-03-13,ES,1031994,14239
2022-03-13,GO,1217250,26014
2022-03-13,MA,418372,10843
2022-03-13,MG,3265764,60348
2022-03-13,MS,514804,10443
2022-03-13,MT,711903,14532
2022-03-13,PA,736186,17978
2022-03-13,PB,587370,10156
2022-03-13,PE,865912,21211
2022-03-13,PI,366549,7701
2022-03-13,PR,2381363,42659
2022-03-13,RJ,2037051,72221
2022-03-13,RN,484840,8100
2022-03-13,RO,383631,7117
2022-03-13,RR,154567,2140
2022-03-13,RS,2216561,38714
2022-03-13,SC,1647470,21557
2022-03-13,SE,322586,6287
2022-03-13,SP,5128738,166093
2022-03-13,TO,300957,4132
2022-03-14,AC,123378,1989
2022-03-14,AL,294260,6811
2022-03-14,AM,578786,14143
2022-03-14,AP,160211,2119
2022-03-14,BA,1518285,29501
2022-03-14,CE,1234029,26571
2022-03-14,DF,688368,11517
2022-03-14,ES,1032560,14249
2022-03-14,GO,1222368,26029
2022-03-14,MA,418927,10844
2022-03-14,MG,3266271,60354
2022-03-14,MS,515437,10445
2022-03-14,MT,712542,14545
2022-03-14,PA,737457,17989
2022-03-14,PB,587514,10159
2022-03-14,PE,866363,21215
2022-03-14,PI,366655,7705
2022-03-14,PR,2382998,42679
2022-03-14,RJ,2037418,72233
2022-03-14,RN,485452,8102
2022-03-14,RO,383969,7119
2022-03-14,RR,154608,2140
2022-03-14,RS,2217257,38720
2022-03-14,SC,1648047,21567
2022-03-14,SE,322803,6288
2022-03-14,SP,5130044,166119
2022-03-14,TO,301172,4134
2022-03-15,AC,123381,1990
2022-03-15,AL,294329,6817
2022-03-15,AM,579295,14144
2022-03-15,AP,160217,2119
2022-03-15,BA,1519949,29521
2022-03-15,CE,1234474,26599
2022-03-15,DF,688882,11525
2022-03-15,ES,1032926,14259
2022-03-15,GO,1227691,26038
2022-03-15,MA,419676,10846
2022-03-15,MG,3270602,60370
2022-03-15,MS,516213,10453
2022-03-15,MT,713350,14547
2022-03-15,PA,738836,17999
2022-03-15,PB,588282,10160
2022-03-15,PE,868742,21226
2022-03-15,PI,366815,7708
2022-03-15,PR,2386425,42722
2022-03-15,RJ,2042494,72254
2022-03-15,RN,486495,8107
2022-03-15,RO,384179,7122
2022-03-15,RR,154641,2140
2022-03-15,RS,2222120,38755
2022-03-15,SC,1651040,21587
2022-03-15,SE,322987,6290
2022-03-15,SP,5142009,166182
2022-03-15,TO,301296,4134
2022-03-16,AC,123443,1990
2022-03-16,AL,294878,6823
2022-03-16,AM,579396,14144
2022-03-16,AP,160221,2119
2022-03-16,BA,1521110,29531
2022-03-16,CE,1234927,26602
2022-03-16,DF,689224,11532
2022-03-16,ES,1033352,14270
2022-03-16,GO,1235095,26045
2022-03-16,MA,420183,10854
2022-03-16,MG,3276234,60391
2022-03-16,MS,517823,10460
2022-03-16,MT,713889,14552
2022-03-16,PA,740222,18006
2022-03-16,PB,589302,10165
2022-03-16,PE,871578,21242
2022-03-16,PI,366970,7712
2022-03-16,PR,2389526,42742
2022-03-16,RJ,2046184,72284
2022-03-16,RN,489517,8111
2022-03-16,RO,384764,7123
2022-03-16,RR,154702,2143
2022-03-16,RS,2226454,38787
2022-03-16,SC,1653492,21593
2022-03-16,SE,323187,6292
2022-03-16,SP,5150824,166321
2022-03-16,TO,301424,4136
2022-03-17,AC,123588,1990
2022-03-17,AL,295189,6828
2022-03-17,AM,579677,14146
2022-03-17,AP,160248,2119
2022-03-17,BA,1522095,29549
2022-03-17,CE,1235452,26639
2022-03-17,DF,689463,11542
2022-03-17,ES,1033659,14281
2022-03-17,GO,1239255,26067
2022-03-17,MA,420851,10855
2022-03-17,MG,3281457,60449
2022-03-17,MS,518787,10462
2022-03-17,MT,714396,14561
2022-03-17,PA,741512,18013
2022-03-17,PB,590042,10166
2022-03-17,PE,874704,21253
2022-03-17,PI,367036,7714
2022-03-17,PR,2392386,42763
2022-03-17,RJ,2050452,72360
2022-03-17,RN,491177,8111
2022-03-17,RO,385538,7134
2022-03-17,RR,154748,2143
2022-03-17,RS,2230912,38824
2022-03-17,SC,1656068,21599
2022-03-17,SE,323380,6295
2022-03-17,SP,5159850,166446
2022-03-17,TO,301540,4138
2022-03-18,AC,123653,1990
2022-03-18,AL,295240,6834
2022-03-18,AM,580029,14147
2022-03-18,AP,160255,2120
2022-03-18,BA,1522095,29566
2022-03-18,CE,1235897,26656
2022-03-18,DF,689883,11551
2022-03-18,ES,1034189,14292
2022-03-18,GO,1245468,26067
2022-03-18,MA,421492,10856
2022-03-18,MG,3290343,60500
2022-03-18,MS,519641,10466
2022-03-18,MT,714876,14561
2022-03-18,PA,743154,18027
2022-03-18,PB,590923,10169
2022-03-18,PE,877324,21262
2022-03-18,PI,367193,7714
2022-03-18,PR,2394306,42784
2022-03-18,RJ,2054897,72425
2022-03-18,RN,492484,8112
2022-03-18,RO,386481,7139
2022-03-18,RR,154801,2144
2022-03-18,RS,2233682,38848
2022-03-18,SC,1658501,21612
2022-03-18,SE,323565,6297
2022-03-18,SP,5169415,166550
2022-03-18,TO,301647,4140
2022-03-19,AC,123667,1990
2022-03-19,AL,295314,6841
2022-03-19,AM,580244,14147
2022-03-19,AP,160258,2120
2022-03-19,BA,1524423,29582
2022-03-19,CE,1236261,26661
2022-03-19,DF,689883,11551
2022-03-19,ES,1034390,14299
2022-03-19,GO,1247784,26067
2022-03-19,MA,421739,10857
2022-03-19,MG,3295719,60538
2022-03-19,MS,520247,10467
2022-03-19,MT,715177,14563
2022-03-19,PA,744300,18032
2022-03-19,PB,591852,10172
2022-03-19,PE,879622,21273
2022-03-19,PI,367206,7714
2022-03-19,PR,2395931,42800
2022-03-19,RJ,2058571,72464
2022-03-19,RN,492730,8113
2022-03-19,RO,387167,7140
2022-03-19,RR,154827,2144
2022-03-19,RS,2239592,38875
2022-03-19,SC,1660250,21616
2022-03-19,SE,323755,6297
2022-03-19,SP,5177066,166651
2022-03-19,TO,301647,4140
2022-03-20,AC,123669,1990
2022-03-20,AL,295321,6845
2022-03-20,AM,580491,14147
2022-03-20,AP,160260,2120
2022-03-20,BA,1524517,29584
2022-03-20,CE,1236310,26666
2022-03-20,DF,689883,11551
2022-03-20,ES,1034457,14300
2022-03-20,GO,1247897,26067
2022-03-20,MA,421786,10858
2022-03-20,MG,3296877,60560
2022-03-20,MS,520487,10468
2022-03-20,MT,715541,14564
2022-03-20,PA,744882,18036
2022-03-20,PB,592205,10174
2022-03-20,PE,880404,21285
2022-03-20,PI,367207,7716
2022-03-20,PR,2396983,42801
2022-03-20,RJ,2058978,72495
2022-03-20,RN,492824,8114
2022-03-20,RO,387366,7140
2022-03-20,RR,154838,2144
2022-03-20,RS,2240729,38882
2022-03-20,SC,1660608,21618
2022-03-20,SE,323933,6297
2022-03-20,SP,5182365,166658
2022-03-20,TO,301866,4140
2022-03-21,AC,123669,1990
2022-03-21,AL,295328,6850
2022-03-21,AM,580691,14147
2022-03-21,AP,160265,2120
2022-03-21,BA,1524552,29601
2022-03-21,CE,1236328,26666
2022-03-21,DF,690163,11558
2022-03-21,ES,1034922,14307
2022-03-21,GO,1250989,26067
2022-03-21,MA,421995,10859
2022-03-21,MG,3297187,60564
2022-03-21,MS,521327,10469
2022-03-21,MT,715977,14570
2022-03-21,PA,746083,18045
2022-03-21,PB,592364,10175
2022-03-21,PE,880707,21295
2022-03-21,PI,367257,7716
2022-03-21,PR,2397823,42805
2022-03-21,RJ,2059810,72497
2022-03-21,RN,493375,8116
2022-03-21,RO,387822,7145
2022-03-21,RR,154862,2144
2022-03-21,RS,2241571,38885
2022-03-21,SC,1660871,21623
2022-03-21,SE,324155,6299
2022-03-21,SP,5183837,166668
2022-03-21,TO,302166,4141
2022-03-22,AC,123710,1990
2022-03-22,AL,295419,6855
2022-03-22,AM,580846,14148
2022-03-22,AP,160275,2122
2022-03-22,BA,1525657,29626
2022-03-22,CE,1236907,26677
2022-03-22,DF,690413,11562
2022-03-22,ES,1035434,14311
2022-03-22,GO,1256581,26159
2022-03-22,MA,422628,10861
2022-03-22,MG,3301643,60601
2022-03-22,MS,521970,10474
2022-03-22,MT,716636,14574
2022-03-22,PA,747304,18058
2022-03-22,PB,592401,10178
2022-03-22,PE,882753,21305
2022-03-22,PI,367308,7718
2022-03-22,PR,2399887,42830
2022-03-22,RJ,2063668,72534
2022-03-22,RN,494129,8116
2022-03-22,RO,388501,7153
2022-03-22,RR,154903,2144
2022-03-22,RS,2245192,38917
2022-03-22,SC,1663084,21632
2022-03-22,SE,324337,6301
2022-03-22,SP,5193619,166746
2022-03-22,TO,302289,4141
2022-03-23,AC,123737,1990
2022-03-23,AL,295519,6860
2022-03-23,AM,580901,14148
2022-03-23,AP,160288,2122
2022-03-23,BA,1526827,29635
2022-03-23,CE,1238511,26683
2022-03-23,DF,690717,11566
2022-03-23,ES,1035955,14313
2022-03-23,GO,1261838,26181
2022-03-23,MA,423165,10863
2022-03-23,MG,3306753,60638
2022-03-23,MS,522387,10480
2022-03-23,MT,717212,14574
2022-03-23,PA,748290,18061
2022-03-23,PB,592905,10181
2022-03-23,PE,884902,21318
2022-03-23,PI,367441,7718
2022-03-23,PR,2401709,42857
2022-03-23,RJ,2068356,72556
2022-03-23,RN,494656,8116
2022-03-23,RO,388961,7157
2022-03-23,RR,154956,2144
2022-03-23,RS,2252742,38929
2022-03-23,SC,1665110,21638
2022-03-23,SE,324533,6303
2022-03-23,SP,5202983,166843
2022-03-23,TO,302387,4142
2022-03-24,AC,123746,1990
2022-03-24,AL,295714,6866
2022-03-24,AM,580970,14148
2022-03-24,AP,160301,2122
2022-03-24,BA,1527992,29646
2022-03-24,CE,1239185,26683
2022-03-24,DF,691014,11569
2022-03-24,ES,1036087,14313
2022-03-24,GO,1264990,26201
2022-03-24,MA,423604,10865
2022-03-24,MG,3310675,60687
2022-03-24,MS,522967,10480
2022-03-24,MT,717736,14575
2022-03-24,PA,749526,18066
2022-03-24,PB,593496,10183
2022-03-24,PE,887237,21333
2022-03-24,PI,367490,7719
2022-03-24,PR,2403986,42869
2022-03-24,RJ,2071914,72591
2022-03-24,RN,495182,8117
2022-03-24,RO,389802,7164
2022-03-24,RR,154973,2144
2022-03-24,RS,2256393,38950
2022-03-24,SC,1666949,21642
2022-03-24,SE,324711,6304
2022-03-24,SP,5211936,166955
2022-03-24,TO,302443,4142
2022-03-25,AC,123776,1992
2022-03-25,AL,295916,6866
2022-03-25,AM,581009,14150
2022-03-25,AP,160314,2122
2022-03-25,BA,1529008,29656
2022-03-25,CE,1239630,26696
2022-03-25,DF,691353,11573
2022-03-25,ES,1036359,14319
2022-03-25,GO,1267498,26203
2022-03-25,MA,423938,10867
2022-03-25,MG,3313844,60717
2022-03-25,MS,523388,10482
2022-03-25,MT,718168,14575
2022-03-25,PA,750618,18075
2022-03-25,PB,593946,10185
2022-03-25,PE,889000,21345
2022-03-25,PI,367511,7720
2022-03-25,PR,2405391,42883
2022-03-25,RJ,2075187,72616
2022-03-25,RN,495613,8118
2022-03-25,RO,390982,7169
2022-03-25,RR,155049,2144
2022-03-25,RS,2259752,38970
2022-03-25,SC,1669124,21645
2022-03-25,SE,324903,6305
2022-03-25,SP,5221236,167046
2022-03-25,TO,302502,4142
2022-03-26,AC,123777,1992
2022-03-26,AL,295972,6869
2022-03-26,AM,581042,14151
2022-03-26,AP,160321,2122
2022-03-26,BA,1529008,29657
2022-03-26,CE,1239702,26699
2022-03-26,DF,691353,11573
2022-03-26,ES,1037086,14323
2022-03-26,GO,1269683,26208
2022-03-26,MA,424136,10868
2022-03-26,MG,3317059,60741
2022-03-26,MS,523565,10486
2022-03-26,MT,718168,14575
2022-03-26,PA,751002,18078
2022-03-26,PB,594358,10187
2022-03-26,PE,891284,21355
2022-03-26,PI,367515,7721
2022-03-26,PR,2407125,42894
2022-03-26,RJ,2078648,72650
2022-03-26,RN,495749,8119
2022-03-26,RO,391787,7172
2022-03-26,RR,155062,2144
2022-03-26,RS,2262947,38985
2022-03-26,SC,1670970,21648
2022-03-26,SE,325084,6307
2022-03-26,SP,5228413,167107
2022-03-26,TO,302502,4142
2022-03-27,AC,123808,1992
2022-03-27,AL,295972,6869
2022-03-27,AM,581070,14151
2022-03-27,AP,160328,2122
2022-03-27,BA,1530054,29658
2022-03-27,CE,1239746,26708
2022-03-27,DF,691353,11573
2022-03-27,ES,1037188,14323
2022-03-27,GO,1269853,26212
2022-03-27,MA,424199,10869
2022-03-27,MG,3317401,60767
2022-03-27,MS,523565,10486
2022-03-27,MT,718168,14575
2022-03-27,PA,751293,18079
2022-03-27,PB,594891,10189
2022-03-27,PE,892115,21366
2022-03-27,PI,367515,7721
2022-03-27,PR,2407960,42896
2022-03-27,RJ,2078817,72695
2022-03-27,RN,495749,8119
2022-03-27,RO,391943,7172
2022-03-27,RR,155062,2144
2022-03-27,RS,2263880,38985
2022-03-27,SC,1671175,21648
2022-03-27,SE,325274,6309
2022-03-27,SP,5232374,167110
2022-03-27,TO,302502,4142
2022-03-28,AC,123808,1992
2022-03-28,AL,296019,6873
2022-03-28,AM,581110,14152
2022-03-28,AP,160329,2124
2022-03-28,BA,1530106,29672
2022-03-28,CE,1239746,26708
2022-03-28,DF,691695,11576
2022-03-28,ES,1037575,14324
2022-03-28,GO,1271465,26212
2022-03-28,MA,424423,10870
2022-03-28,MG,3317517,60769
2022-03-28,MS,523665,10486
2022-03-28,MT,719353,14583
2022-03-28,PA,751293,18079
2022-03-28,PB,595072,10190
2022-03-28,PE,892468,21376
2022-03-28,PI,367515,7721
2022-03-28,PR,2408663,42897
2022-03-28,RJ,2079801,72697
2022-03-28,RN,495822,8120
2022-03-28,RO,392225,7175
2022-03-28,RR,155064,2144
2022-03-28,RS,2264295,38988
2022-03-28,SC,1671341,21651
2022-03-28,SE,325440,6311
2022-03-28,SP,5234022,167124
2022-03-28,TO,302509,4142
2022-03-29,AC,123808,1992
2022-03-29,AL,296066,6876
2022-03-29,AM,581177,14153
2022-03-29,AP,160336,2124
2022-03-29,BA,1530947,29688
2022-03-29,CE,1240113,26725
2022-03-29,DF,691980,11579
2022-03-29,ES,1038416,14333
2022-03-29,GO,1273065,26221
2022-03-29,MA,424956,10871
2022-03-29,MG,3320560,60770
2022-03-29,MS,523860,10493
2022-03-29,MT,719859,14587
2022-03-29,PA,752167,18081
2022-03-29,PB,595347,10191
2022-03-29,PE,894462,21386
2022-03-29,PI,367585,7726
2022-03-29,PR,2410872,42912
2022-03-29,RJ,2082820,72756
2022-03-29,RN,495822,8120
2022-03-29,RO,392811,7176
2022-03-29,RR,155076,2144
2022-03-29,RS,2267464,39015
2022-03-29,SC,1673157,21656
2022-03-29,SE,325611,6313
2022-03-29,SP,5241454,167211
2022-03-29,TO,302606,4142
2022-03-30,AC,123812,1992
2022-03-30,AL,296145,6880
2022-03-30,AM,581233,14155
2022-03-30,AP,160337,2124
2022-03-30,BA,1531824,29700
2022-03-30,CE,1240117,26731
2022-03-30,DF,692240,11582
2022-03-30,ES,1038919,14334
2022-03-30,GO,1277644,26225
2022-03-30,MA,425331,10871
2022-03-30,MG,3323456,60803
2022-03-30,MS,524074,10499
2022-03-30,MT,720383,14589
2022-03-30,PA,753263,18089
2022-03-30,PB,595932,10192
2022-03-30,PE,896215,21400
2022-03-30,PI,367647,7726
2022-03-30,PR,2412979,42923
2022-03-30,RJ,2085915,72792
2022-03-30,RN,496851,8120
2022-03-30,RO,393395,7176
2022-03-30,RR,155121,2145
2022-03-30,RS,2270935,39036
2022-03-30,SC,1674790,21660
2022-03-30,SE,325778,6315
2022-03-30,SP,5249267,167302
2022-03-30,TO,302731,4143
2022-03-31,AC,123812,1992
2022-03-31,AL,296188,6884
2022-03-31,AM,581291,14155
2022-03-31,AP,160341,2124
2022-03-31,BA,1532682,29713
2022-03-31,CE,1240117,26731
2022-03-31,DF,692365,11584
2022-03-31,ES,1039246,14335
2022-03-31,GO,1280214,26242
2022-03-31,MA,425587,10872
2022-03-31,MG,3326360,60850
2022-03-31,MS,524284,10502
2022-03-31,MT,720878,14589
2022-03-31,PA,753977,18092
2022-03-31,PB,596402,10193
2022-03-31,PE,897626,21411
2022-03-31,PI,367670,7728
2022-03-31,PR,2415417,42933
2022-03-31,RJ,2089829,72835
2022-03-31,RN,497239,8121
2022-03-31,RO,394020,7180
2022-03-31,RR,155145,2145
2022-03-31,RS,2274550,39049
2022-03-31,SC,1676215,21662
2022-03-31,SE,325921,6317
2022-03-31,SP,5257693,167374
2022-03-31,TO,302826,4144
2022-04-01,AC,123812,1992
2022-04-01,AL,296226,6886
2022-04-01,AM,581326,14155
2022-04-01,AP,160346,2126
2022-04-01,BA,1533368,29718
2022-04-01,CE,1240834,26756
2022-04-01,DF,692546,11588
2022-04-01,ES,1039630,14337
2022-04-01,GO,1282525,26269
2022-04-01,MA,425962,10873
2022-04-01,MG,3329451,60879
2022-04-01,MS,524596,10504
2022-04-01,MT,721305,14591
2022-04-01,PA,755085,18106
2022-04-01,PB,597101,10194
2022-04-01,PE,898815,21419
2022-04-01,PI,367701,7728
2022-04-01,PR,2415767,42933
2022-04-01,RJ,2092612,72858
2022-04-01,RN,497669,8122
2022-04-01,RO,394432,7180
2022-04-01,RR,155172,2145
2022-04-01,RS,2277738,39076
2022-04-01,SC,1677565,21666
2022-04-01,SE,326057,6319
2022-04-01,SP,5264521,167437
2022-04-01,TO,303003,4145
2022-04-02,AC,123813,1993
2022-04-02,AL,296248,6888
2022-04-02,AM,581359,14157
2022-04-02,AP,160347,2126
2022-04-02,BA,1533984,29723
2022-04-02,CE,1240834,26756
2022-04-02,DF,692546,11588
2022-04-02,ES,1039740,14337
2022-04-02,GO,1282525,26281
2022-04-02,MA,426270,10873
2022-04-02,MG,3329451,60879
2022-04-02,MS,524755,10507
2022-04-02,MT,721305,14591
2022-04-02,PA,755822,18112
2022-04-02,PB,597445,10194
2022-04-02,PE,900432,21430
2022-04-02,PI,367702,7729
2022-04-02,PR,2417504,42933
2022-04-02,RJ,2092612,72858
2022-04-02,RN,497669,8122
2022-04-02,RO,394966,7181
2022-04-02,RR,155190,2145
2022-04-02,RS,2280641,39086
2022-04-02,SC,1678615,21669
2022-04-02,SE,326192,6321
2022-04-02,SP,5271171,167483
2022-04-02,TO,303089,4146
2022-04-03,AC,123813,1994
2022-04-03,AL,296252,6888
2022-04-03,AM,581367,14157
2022-04-03,AP,160347,2126
2022-04-03,BA,1534051,29726
2022-04-03,CE,1241255,26772
2022-04-03,DF,692546,11588
2022-04-03,ES,1039851,14339
2022-04-03,GO,1284151,26281
2022-04-03,MA,426292,10873
2022-04-03,MG,3329451,60879
2022-04-03,MS,524848,10508
2022-04-03,MT,721305,14591
2022-04-03,PA,755948,18118
2022-04-03,PB,597934,10194
2022-04-03,PE,900758,21436
2022-04-03,PI,367702,7729
2022-04-03,PR,2418199,42932
2022-04-03,RJ,2092612,72858
2022-04-03,RN,497669,8122
2022-04-03,RO,395197,7182
2022-04-03,RR,155195,2145
2022-04-03,RS,2281203,39087
2022-04-03,SC,1678793,21670
2022-04-03,SE,326314,6321
2022-04-03,SP,5273295,167485
2022-04-03,TO,303089,4146
2022-04-04,AC,123815,1994
2022-04-04,AL,296263,6891
2022-04-04,AM,581393,14158
2022-04-04,AP,160349,2126
2022-04-04,BA,1534051,29731
2022-04-04,CE,1241271,26777
2022-04-04,DF,692783,11593
2022-04-04,ES,1040015,14340
2022-04-04,GO,1284340,26281
2022-04-04,MA,426430,10873
2022-04-04,MG,3333823,60935
2022-04-04,MS,524862,10509
2022-04-04,MT,722094,14596
2022-04-04,PA,756124,18121
2022-04-04,PB,598064,10195
2022-04-04,PE,900990,21444
2022-04-04,PI,367702,7729
2022-04-04,PR,2418492,42933
2022-04-04,RJ,2097088,72914
2022-04-04,RN,498187,8122
2022-04-04,RO,395341,7183
2022-04-04,RR,155195,2145
2022-04-04,RS,2281679,39089
2022-04-04,SC,1678978,21673
2022-04-04,SE,326422,6323
2022-04-04,SP,5273951,167491
2022-04-04,TO,303096,4146
2022-04-05,AC,123816,1994
2022-04-05,AL,296267,6893
2022-04-05,AM,581442,14159
2022-04-05,AP,160351,2127
2022-04-05,BA,1534051,29732
2022-04-05,CE,1241634,26784
2022-04-05,DF,692955,11597
2022-04-05,ES,1040454,14345
2022-04-05,GO,1289052,26299
2022-04-05,MA,426902,10874
2022-04-05,MG,3336798,60948
2022-04-05,MS,524974,10510
2022-04-05,MT,722510,14596
2022-04-05,PA,756881,18125
2022-04-05,PB,598085,10197
2022-04-05,PE,902214,21450
2022-04-05,PI,367747,7729
2022-04-05,PR,2420183,42940
2022-04-05,RJ,2099668,72948
2022-04-05,RN,498561,8130
2022-04-05,RO,395564,7186
2022-04-05,RR,155212,2146
2022-04-05,RS,2284488,39117
2022-04-05,SC,1680292,21682
2022-04-05,SE,326508,6325
2022-04-05,SP,5280282,167548
2022-04-05,TO,303238,4147
2022-04-06,AC,123819,1994
2022-04-06,AL,296559,6896
2022-04-06,AM,581494,14160
2022-04-06,AP,160358,2127
2022-04-06,BA,1535160,29734
2022-04-06,CE,1241990,26798
2022-04-06,DF,693102,11601
2022-04-06,ES,1040664,14345
2022-04-06,GO,1291464,26316
2022-04-06,MA,427286,10875
2022-04-06,MG,3339546,60987
2022-04-06,MS,525139,10513
2022-04-06,MT,722808,14597
2022-04-06,PA,757401,18137
2022-04-06,PB,598572,10197
2022-04-06,PE,903941,21454
2022-04-06,PI,367747,7730
2022-04-06,PR,2421941,42950
2022-04-06,RJ,2102458,72967
2022-04-06,RN,499035,8131
2022-04-06,RO,395661,7190
2022-04-06,RR,155218,2146
2022-04-06,RS,2287194,39124
2022-04-06,SC,1681652,21686
2022-04-06,SE,326587,6327
2022-04-06,SP,5287122,167594
2022-04-06,TO,303331,4147
2022-04-07,AC,123820,1994
2022-04-07,AL,296914,6898
2022-04-07,AM,581566,14160
2022-04-07,AP,160360,2128
2022-04-07,BA,1536039,29748
2022-04-07,CE,1242268,26806
2022-04-07,DF,693226,11606
2022-04-07,ES,1040670,14345
2022-04-07,GO,1296147,26327
2022-04-07,MA,427775,10876
2022-04-07,MG,3340056,60995
2022-04-07,MS,525429,10513
2022-04-07,MT,723076,14599
2022-04-07,PA,757661,18145
2022-04-07,PB,598826,10197
2022-04-07,PE,905319,21461
2022-04-07,PI,367816,7731
2022-04-07,PR,2423445,42965
2022-04-07,RJ,2105358,73033
2022-04-07,RN,499500,8153
2022-04-07,RO,395909,7190
2022-04-07,RR,155237,2146
2022-04-07,RS,2289589,39138
2022-04-07,SC,1683023,21692
2022-04-07,SE,326638,6329
2022-04-07,SP,5294608,167651
2022-04-07,TO,303476,4147
2022-04-08,AC,123822,1995
2022-04-08,AL,296989,6900
2022-04-08,AM,581614,14160
2022-04-08,AP,160360,2128
2022-04-08,BA,1536287,29762
2022-04-08,CE,1242625,26813
2022-04-08,DF,693413,11610
2022-04-08,ES,1040986,14354
2022-04-08,GO,1302044,26339
2022-04-08,MA,428141,10876
2022-04-08,MG,3343049,61016
2022-04-08,MS,525811,10513
2022-04-08,MT,723076,14599
2022-04-08,PA,758182,18147
2022-04-08,PB,599088,10197
2022-04-08,PE,906804,21471
2022-04-08,PI,367852,7732
2022-04-08,PR,2425082,42974
2022-04-08,RJ,2108417,73039
2022-04-08,RN,499986,8153
2022-04-08,RO,396459,7191
2022-04-08,RR,155256,2146
2022-04-08,RS,2292637,39147
2022-04-08,SC,1684754,21698
2022-04-08,SE,326679,6331
2022-04-08,SP,5301001,167684
2022-04-08,TO,303549,4147
2022-04-09,AC,123825,1995
2022-04-09,AL,297011,6903
2022-04-09,AM,581641,14160
2022-04-09,AP,160360,2128
2022-04-09,BA,1536763,29768
2022-04-09,CE,1242818,26817
2022-04-09,DF,693413,11610
2022-04-09,ES,1041652,14357
2022-04-09,GO,1305639,26348
2022-04-09,MA,428267,10877
2022-04-09,MG,3344940,61034
2022-04-09,MS,526038,10513
2022-04-09,MT,723076,14599
2022-04-09,PA,758737,18153
2022-04-09,PB,599370,10197
2022-04-09,PE,907881,21479
2022-04-09,PI,367887,7732
2022-04-09,PR,2426507,42978
2022-04-09,RJ,2108417,73039
2022-04-09,RN,500378,8153
2022-04-09,RO,396563,7191
2022-04-09,RR,155256,2146
2022-04-09,RS,2296612,39155
2022-04-09,SC,1684844,21702
2022-04-09,SE,326713,6333
2022-04-09,SP,5306969,167706
2022-04-09,TO,303615,4147
2022-04-10,AC,123825,1996
2022-04-10,AL,297026,6905
2022-04-10,AM,581662,14160
2022-04-10,AP,160360,2128
2022-04-10,BA,1536798,29773
2022-04-10,CE,1242835,26817
2022-04-10,DF,693413,11610
2022-04-10,ES,1042545,14358
2022-04-10,GO,1305673,26348
2022-04-10,MA,428300,10877
2022-04-10,MG,3345131,61046
2022-04-10,MS,526092,10513
2022-04-10,MT,723076,14599
2022-04-10,PA,758859,18155
2022-04-10,PB,599571,10197
2022-04-10,PE,908086,21487
2022-04-10,PI,367889,7732
2022-04-10,PR,2427041,42978
2022-04-10,RJ,2108417,73039
2022-04-10,RN,500447,8153
2022-04-10,RO,396771,7192
2022-04-10,RR,155256,2146
2022-04-10,RS,2297261,39160
2022-04-10,SC,1686368,21702
2022-04-10,SE,326743,6334
2022-04-10,SP,5309342,167706
2022-04-10,TO,303615,4147
2022-04-11,AC,123825,1996
2022-04-11,AL,297083,6907
2022-04-11,AM,581679,14161
2022-04-11,AP,160361,2128
2022-04-11,BA,1536850,29777
2022-04-11,CE,1242874,26819
2022-04-11,DF,693668,11615
2022-04-11,ES,1042698,14362
2022-04-11,GO,1306644,26348
2022-04-11,MA,428406,10878
2022-04-11,MG,3345164,61046
2022-04-11,MS,526099,10513
2022-04-11,MT,723949,14605
2022-04-11,PA,759029,18157
2022-04-11,PB,599615,10197
2022-04-11,PE,908538,21491
2022-04-11,PI,367889,7733
2022-04-11,PR,2427274,42978
2022-04-11,RJ,2111868,73073
2022-04-11,RN,500503,8153
2022-04-11,RO,396931,7192
2022-04-11,RR,155295,2146
2022-04-11,RS,2297644,39160
2022-04-11,SC,1686457,21704
2022-04-11,SE,326774,6335
2022-04-11,SP,5310464,167706
2022-04-11,TO,303624,4147
2022-04-12,AC,124103,1996
2022-04-12,AL,297095,6907
2022-04-12,AM,581729,14162
2022-04-12,AP,160363,2128
2022-04-12,BA,1537340,29789
2022-04-12,CE,1242889,26825
2022-04-12,DF,693775,11619
2022-04-12,ES,1042925,14362
2022-04-12,GO,1308557,26356
2022-04-12,MA,428590,10878
2022-04-12,MG,3345726,61046
2022-04-12,MS,526217,10519
2022-04-12,MT,724296,14606
2022-04-12,PA,759465,18163
2022-04-12,PB,599628,10197
2022-04-12,PE,909660,21500
2022-04-12,PI,367916,7733
2022-04-12,PR,2428625,43004
2022-04-12,RJ,2114523,73111
2022-04-12,RN,500970,8157
2022-04-12,RO,397184,7193
2022-04-12,RR,155325,2146
2022-04-12,RS,2300259,39172
2022-04-12,SC,1687549,21709
2022-04-12,SE,326803,6337
2022-04-12,SP,5318694,167730
2022-04-12,TO,303723,4148
2022-04-13,AC,124240,1996
2022-04-13,AL,297108,6910
2022-04-13,AM,581752,14162
2022-04-13,AP,160364,2128
2022-04-13,BA,1538042,29793
2022-04-13,CE,1242890,26831
2022-04-13,DF,694975,11623
2022-04-13,ES,1043197,14366
2022-04-13,GO,1312224,26364
2022-04-13,MA,428857,10878
2022-04-13,MG,3346792,61077
2022-04-13,MS,526426,10519
2022-04-13,MT,724572,14606
2022-04-13,PA,759949,18176
2022-04-13,PB,599766,10197
2022-04-13,PE,911329,21506
2022-04-13,PI,367916,7733
2022-04-13,PR,2430225,43017
2022-04-13,RJ,2117270,73128
2022-04-13,RN,501377,8157
2022-04-13,RO,397425,7193
2022-04-13,RR,155342,2146
2022-04-13,RS,2302978,39180
2022-04-13,SC,1689097,21714
2022-04-13,SE,326834,6338
2022-04-13,SP,5326131,167770
2022-04-13,TO,303775,4148
2022-04-14,AC,124309,1996
2022-04-14,AL,297159,6913
2022-04-14,AM,581777,14162
2022-04-14,AP,160364,2128
2022-04-14,BA,1538536,29797
2022-04-14,CE,1243356,26833
2022-04-14,DF,695172,11627
2022-04-14,ES,1043643,14372
2022-04-14,GO,1314997,26386
2022-04-14,MA,429018,10878
2022-04-14,MG,3349054,61093
2022-04-14,MS,526817,10519
2022-04-14,MT,724808,14607
2022-04-14,PA,760421,18182
2022-04-14,PB,599987,10197
2022-04-14,PE,912512,21515
2022-04-14,PI,367963,7735
2022-04-14,PR,2432256,43027
2022-04-14,RJ,2117270,73128
2022-04-14,RN,501672,8159
2022-04-14,RO,397816,7193
2022-04-14,RR,155366,2147
2022-04-14,RS,2306057,39193
2022-04-14,SC,1690603,21718
2022-04-14,SE,326862,6338
2022-04-14,SP,5332454,167805
2022-04-14,TO,303775,4148
2022-04-15,AC,124354,1996
2022-04-15,AL,297166,6914
2022-04-15,AM,581802,14165
2022-04-15,AP,160369,2128
2022-04-15,BA,1538987,29800
2022-04-15,CE,1243445,26838
2022-04-15,DF,695172,11627
2022-04-15,ES,1043976,14376
2022-04-15,GO,1315187,26393
2022-04-15,MA,429051,10878
2022-04-15,MG,3349414,61108
2022-04-15,MS,527073,10519
2022-04-15,MT,724808,14607
2022-04-15,PA,760637,18185
2022-04-15,PB,600223,10197
2022-04-15,PE,913502,21525
2022-04-15,PI,367981,7735
2022-04-15,PR,2433939,43035
2022-04-15,RJ,2117270,73128
2022-04-15,RN,501856,8159
2022-04-15,RO,398081,7193
2022-04-15,RR,155366,2147
2022-04-15,RS,2308427,39200
2022-04-15,SC,1691605,21721
2022-04-15,SE,326879,6339
2022-04-15,SP,5336957,167846
2022-04-15,TO,303775,4148
2022-04-16,AC,124354,1996
2022-04-16,AL,297197,6914
2022-04-16,AM,581813,14166
2022-04-16,AP,160369,2128
2022-04-16,BA,1539017,29802
2022-04-16,CE,1243445,26838
2022-04-16,DF,695172,11627
2022-04-16,ES,1044639,14378
2022-04-16,GO,1315219,26398
2022-04-16,MA,429089,10878
2022-04-16,MG,3349540,61113
2022-04-16,MS,527089,10519
2022-04-16,MT,724808,14607
2022-04-16,PA,760691,18188
2022-04-16,PB,600322,10197
2022-04-16,PE,913786,21531
2022-04-16,PI,367983,7735
2022-04-16,PR,2434237,43035
2022-04-16,RJ,2117270,73128
2022-04-16,RN,501856,8159
2022-04-16,RO,398109,7193
2022-04-16,RR,155366,2147
2022-04-16,RS,2308860,39205
2022-04-16,SC,1691718,21722
2022-04-16,SE,326894,6339
2022-04-16,SP,5337459,167847
2022-04-16,TO,303775,4148
2022-04-17,AC,124354,1996
2022-04-17,AL,297200,6915
2022-04-17,AM,581823,14166
2022-04-17,AP,160369,2128
2022-04-17,BA,1539049,29803
2022-04-17,CE,1243472,26848
2022-04-17,DF,695172,11627
2022-04-17,ES,1045050,14378
2022-04-17,GO,1315235,26398
2022-04-17,MA,429139,10878
2022-04-17,MG,3349647,61113
2022-04-17,MS,527100,10519
2022-04-17,MT,724808,14607
2022-04-17,PA,760765,18190
2022-04-17,PB,600326,10197
2022-04-17,PE,913960,21536
2022-04-17,PI,367984,7735
2022-04-17,PR,2434606,43035
2022-04-17,RJ,2117270,73128
2022-04-17,RN,501903,8159
2022-04-17,RO,398524,7193
2022-04-17,RR,155366,2147
2022-04-17,RS,2309538,39207
2022-04-17,SC,1691822,21723
2022-04-17,SE,326902,6339
2022-04-17,SP,5337459,167847
2022-04-17,TO,303775,4148
2022-04-18,AC,124417,1996
2022-04-18,AL,297236,6917
2022-04-18,AM,581835,14169
2022-04-18,AP,160370,2128
2022-04-18,BA,1539063,29809
2022-04-18,CE,1243483,26853
2022-04-18,DF,695327,11630
2022-04-18,ES,1045131,14384
2022-04-18,GO,1316232,26398
2022-04-18,MA,429455,10878
2022-04-18,MG,3349682,61114
2022-04-18,MS,527120,10519
2022-04-18,MT,725362,14609
2022-04-18,PA,760799,18192
2022-04-18,PB,600360,10198
2022-04-18,PE,914166,21542
2022-04-18,PI,367984,7735
2022-04-18,PR,2434788,43036
2022-04-18,RJ,2119007,73146
2022-04-18,RN,501919,8159
2022-04-18,RO,398853,7194
2022-04-18,RR,155384,2147
2022-04-18,RS,2309924,39207
2022-04-18,SC,1691940,21725
2022-04-18,SE,326909,6339
2022-04-18,SP,5340147,167854
2022-04-18,TO,304195,4148
2022-04-19,AC,124500,1996
2022-04-19,AL,297279,6919
2022-04-19,AM,581874,14169
2022-04-19,AP,160370,2129
2022-04-19,BA,1539741,29817
2022-04-19,CE,1243503,26860
2022-04-19,DF,695485,11634
2022-04-19,ES,1045559,14389
2022-04-19,GO,1318555,26401
2022-04-19,MA,429740,10878
2022-04-19,MG,3350070,61125
2022-04-19,MS,527602,10521
2022-04-19,MT,725636,14609
2022-04-19,PA,761235,18197
2022-04-19,PB,600615,10198
2022-04-19,PE,915203,21552
2022-04-19,PI,368016,7735
2022-04-19,PR,2436460,43047
2022-04-19,RJ,2120203,73176
2022-04-19,RN,502170,8168
2022-04-19,RO,398986,7195
2022-04-19,RR,155385,2147
2022-04-19,RS,2312796,39219
2022-04-19,SC,1693019,21728
2022-04-19,SE,326928,6340
2022-04-19,SP,5340147,167854
2022-04-19,TO,304142,4148
2022-04-20,AC,124526,1996
2022-04-20,AL,297341,6921
2022-04-20,AM,581898,14169
2022-04-20,AP,160371,2129
2022-04-20,BA,1539989,29821
2022-04-20,CE,1243632,26860
2022-04-20,DF,695637,11638
2022-04-20,ES,1045645,14391
2022-04-20,GO,1319217,26405
2022-04-20,MA,430073,10879
2022-04-20,MG,3351287,61204
2022-04-20,MS,527926,10521
2022-04-20,MT,725849,14609
2022-04-20,PA,761776,18201
2022-04-20,PB,600898,10199
2022-04-20,PE,916632,21556
2022-04-20,PI,368020,7735
2022-04-20,PR,2438322,43057
2022-04-20,RJ,2129580,73196
2022-04-20,RN,502421,8168
2022-04-20,RO,399163,7195
2022-04-20,RR,155391,2147
2022-04-20,RS,2315864,39230
2022-04-20,SC,1694764,21734
2022-04-20,SE,326949,6341
2022-04-20,SP,5354592,167963
2022-04-20,TO,304206,4149
2022-04-21,AC,124527,1998
2022-04-21,AL,297411,6921
2022-04-21,AM,581909,14169
2022-04-21,AP,160373,2129
2022-04-21,BA,1540511,29825
2022-04-21,CE,1243764,26863
2022-04-21,DF,695637,11638
2022-04-21,ES,1045797,14391
2022-04-21,GO,1320210,26411
2022-04-21,MA,430377,10879
2022-04-21,MG,3352392,61207
2022-04-21,MS,528080,10521
2022-04-21,MT,725849,14609
2022-04-21,PA,762346,18211
2022-04-21,PB,601103,10199
2022-04-21,PE,917775,21562
2022-04-21,PI,368022,7735
2022-04-21,PR,2440177,43071
2022-04-21,RJ,2129580,73196
2022-04-21,RN,502605,8168
2022-04-21,RO,399578,7195
2022-04-21,RR,155391,2147
2022-04-21,RS,2319099,39247
2022-04-21,SC,1696117,21738
2022-04-21,SE,326970,6341
2022-04-21,SP,5360823,167986
2022-04-21,TO,304206,4149
2022-04-22,AC,124633,1998
2022-04-22,AL,297546,6921
2022-04-22,AM,581934,14169
2022-04-22,AP,160375,2130
2022-04-22,BA,1540547,29831
2022-04-22,CE,1243770,26867
2022-04-22,DF,695637,11638
2022-04-22,ES,1045921,14391
2022-04-22,GO,1320210,26411
2022-04-22,MA,430626,10879
2022-04-22,MG,3352544,61216
2022-04-22,MS,528289,10521
2022-04-22,MT,725849,14609
2022-04-22,PA,762630,18215
2022-04-22,PB,601296,10201
2022-04-22,PE,918045,21566
2022-04-22,PI,368022,7735
2022-04-22,PR,2441061,43072
2022-04-22,RJ,2131863,73207
2022-04-22,RN,502618,8168
2022-04-22,RO,400317,7197
2022-04-22,RR,155391,2147
2022-04-22,RS,2319676,39250
2022-04-22,SC,1696325,21738
2022-04-22,SE,326989,6342
2022-04-22,SP,5362377,167989
2022-04-22,TO,304206,4149
2022-04-23,AC,124633,1998
2022-04-23,AL,297625,6921
2022-04-23,AM,581958,14169
2022-04-23,AP,160380,2130
2022-04-23,BA,1541055,29834
2022-04-23,CE,1243867,26876
2022-04-23,DF,695637,11638
2022-04-23,ES,1045767,14391
2022-04-23,GO,1320492,26415
2022-04-23,MA,430774,10879
2022-04-23,MG,3352682,61216
2022-04-23,MS,528334,10521
2022-04-23,MT,725849,14609
2022-04-23,PA,762883,18227
2022-04-23,PB,601340,10202
2022-04-23,PE,918045,21566
2022-04-23,PI,368022,7735
2022-04-23,PR,2442595,43075
2022-04-23,RJ,2131863,73207
2022-04-23,RN,502618,8169
2022-04-23,RO,400646,7199
2022-04-23,RR,155391,2147
2022-04-23,RS,2321888,39254
2022-04-23,SC,1697243,21741
2022-04-23,SE,327005,6342
2022-04-23,SP,5362856,168000
2022-04-23,TO,304206,4149
2022-04-24,AC,124635,1998
2022-04-24,AL,297721,6921
2022-04-24,AM,581963,14169
2022-04-24,AP,160380,2130
2022-04-24,BA,1541077,29840
2022-04-24,CE,1243937,26876
2022-04-24,DF,695637,11638
2022-04-24,ES,1045783,14391
2022-04-24,GO,1320537,26415
2022-04-24,MA,430873,10879
2022-04-24,MG,3352718,61226
2022-04-24,MS,528349,10521
2022-04-24,MT,725849,14609
2022-04-24,PA,762991,18231
2022-04-24,PB,601458,10203
2022-04-24,PE,918886,21572
2022-04-24,PI,368022,7735
2022-04-24,PR,2443105,43075
2022-04-24,RJ,2131863,73207
2022-04-24,RN,502634,8169
2022-04-24,RO,400724,7198
2022-04-24,RR,155391,2147
2022-04-24,RS,2322596,39255
2022-04-24,SC,1697648,21743
2022-04-24,SE,327016,6342
2022-04-24,SP,5363464,168007
2022-04-24,TO,304206,4149
2022-04-25,AC,124670,2000
2022-04-25,AL,297805,6921
2022-04-25,AM,581977,14169
2022-04-25,AP,160380,2130
2022-04-25,BA,1541096,29843
2022-04-25,CE,1243975,26876
2022-04-25,DF,695950,11644
2022-04-25,ES,1045795,14391
2022-04-25,GO,1320958,26416
2022-04-25,MA,431168,10879
2022-04-25,MG,3352736,61227
2022-04-25,MS,528353,10521
2022-04-25,MT,726689,14612
2022-04-25,PA,763130,18238
2022-04-25,PB,601512,10204
2022-04-25,PE,919107,21575
2022-04-25,PI,368023,7735
2022-04-25,PR,2443926,43075
2022-04-25,RJ,2133169,73233
2022-04-25,RN,502666,8171
2022-04-25,RO,400990,7200
2022-04-25,RR,155411,2147
2022-04-25,RS,2323259,39255
2022-04-25,SC,1697780,21759
2022-04-25,SE,327026,6342
2022-04-25,SP,5364097,168009
2022-04-25,TO,304271,4150
2022-04-26,AC,124672,2002
2022-04-26,AL,297823,6923
2022-04-26,AM,582029,14170
2022-04-26,AP,160385,2130
2022-04-26,BA,1541563,29846
2022-04-26,CE,1243994,26884
2022-04-26,DF,696096,11647
2022-04-26,ES,1045964,14392
2022-04-26,GO,1323773,26422
2022-04-26,MA,431494,10880
2022-04-26,MG,3353911,61231
2022-04-26,MS,528490,10528
2022-04-26,MT,727002,14612
2022-04-26,PA,763806,18242
2022-04-26,PB,601543,10206
2022-04-26,PE,920255,21579
2022-04-26,PI,368026,7735
2022-04-26,PR,2446101,43083
2022-04-26,RJ,2135271,73254
2022-04-26,RN,502926,8171
2022-04-26,RO,401215,7200
2022-04-26,RR,155425,2147
2022-04-26,RS,2326241,39268
2022-04-26,SC,1698850,21762
2022-04-26,SE,327037,6342
2022-04-26,SP,5369822,168060
2022-04-26,TO,304347,4150
2022-04-27,AC,124672,2002
2022-04-27,AL,297867,6924
2022-04-27,AM,582095,14172
2022-04-27,AP,160388,2130
2022-04-27,BA,1542097,29848
2022-04-27,CE,1244061,26884
2022-04-27,DF,696194,11649
2022-04-27,ES,1046178,14393
2022-04-27,GO,1325733,26443
2022-04-27,MA,431840,10880
2022-04-27,MG,3354669,61243
2022-04-27,MS,528593,10528
2022-04-27,MT,727232,14615
2022-04-27,PA,764293,18249
2022-04-27,PB,601704,10207
2022-04-27,PE,921063,21586
2022-04-27,PI,368027,7735
2022-04-27,PR,2448344,43086
2022-04-27,RJ,2137643,73378
2022-04-27,RN,503152,8171
2022-04-27,RO,401421,7204
2022-04-27,RR,155433,2147
2022-04-27,RS,2329215,39273
2022-04-27,SC,1700148,21766
2022-04-27,SE,327052,6342
2022-04-27,SP,5375515,168106
2022-04-27,TO,304375,4150
2022-04-28,AC,124918,2002
2022-04-28,AL,297888,6924
2022-04-28,AM,582148,14172
2022-04-28,AP,160391,2130
2022-04-28,BA,1542401,29855
2022-04-28,CE,1244175,26892
2022-04-28,DF,696366,11649
2022-04-28,ES,1046398,14392
2022-04-28,GO,1327788,26447
2022-04-28,MA,432113,10881
2022-04-28,MG,3355667,61269
2022-04-28,MS,528797,10528
2022-04-28,MT,727482,14615
2022-04-28,PA,764777,18253
2022-04-28,PB,601933,10208
2022-04-28,PE,921988,21591
2022-04-28,PI,368028,7735
2022-04-28,PR,2450774,43094
2022-04-28,RJ,2139439,73383
2022-04-28,RN,503252,8172
2022-04-28,RO,401528,7204
2022-04-28,RR,155447,2148
2022-04-28,RS,2332120,39279
2022-04-28,SC,1701303,21769
2022-04-28,SE,327065,6342
2022-04-28,SP,5380307,168140
2022-04-28,TO,304427,4151
2022-04-29,AC,124918,2002
2022-04-29,AL,297902,6924
2022-04-29,AM,582175,14172
2022-04-29,AP,160392,2130
2022-04-29,BA,1542601,29856
2022-04-29,CE,1244235,26900
2022-04-29,DF,696487,11651
2022-04-29,ES,1046577,14392
2022-04-29,GO,1328167,26458
2022-04-29,MA,432426,10882
2022-04-29,MG,3356443,61285
2022-04-29,MS,528922,10528
2022-04-29,MT,727678,14615
2022-04-29,PA,765351,18261
2022-04-29,PB,602048,10209
2022-04-29,PE,922688,21595
2022-04-29,PI,368030,7735
2022-04-29,PR,2453295,43098
2022-04-29,RJ,2140492,73437
2022-04-29,RN,503336,8175
2022-04-29,RO,401606,7203
2022-04-29,RR,155451,2148
2022-04-29,RS,2333845,39291
2022-04-29,SC,1702145,21774
2022-04-29,SE,327071,6343
2022-04-29,SP,5384320,168193
2022-04-29,TO,304441,4153
2022-04-30,AC,124921,2002
2022-04-30,AL,297972,6926
2022-04-30,AM,582199,14172
2022-04-30,AP,160392,2130
2022-04-30,BA,1542880,29856
2022-04-30,CE,1244308,26907
2022-04-30,DF,696487,11651
2022-04-30,ES,1046679,14392
2022-04-30,GO,1328911,26474
2022-04-30,MA,432582,10883
2022-04-30,MG,3357325,61296
2022-04-30,MS,529241,10528
2022-04-30,MT,727678,14615
2022-04-30,PA,765606,18267
2022-04-30,PB,602117,10209
2022-04-30,PE,923472,21600
2022-04-30,PI,368030,7736
2022-04-30,PR,2455420,43101
2022-04-30,RJ,2140492,73437
2022-04-30,RN,503412,8175
2022-04-30,RO,401624,7203
2022-04-30,RR,155451,2148
2022-04-30,RS,2336899,39294
2022-04-30,SC,1703276,21776
2022-04-30,SE,327076,6343
2022-04-30,SP,5389345,168223
2022-04-30,TO,304441,4153
2022-05-01,AC,124921,2002
2022-05-01,AL,297972,6926
2022-05-01,AM,582210,14172
2022-05-01,AP,160392,2130
2022-05-01,BA,1542907,29856
2022-05-01,CE,1244313,26910
2022-05-01,DF,696487,11651
2022-05-01,ES,1046692,14392
2022-05-01,GO,1328944,26474
2022-05-01,MA,432614,10884
2022-05-01,MG,3357634,61296
2022-05-01,MS,529297,10528
2022-05-01,MT,727678,14615
2022-05-01,PA,765871,18269
2022-05-01,PB,602231,10209
2022-05-01,PE,923710,21604
2022-05-01,PI,368030,7736
2022-05-01,PR,2456655,43103
2022-05-01,RJ,2140492,73437
2022-05-01,RN,503420,8175
2022-05-01,RO,401626,7204
2022-05-01,RR,155451,2148
2022-05-01,RS,2337798,39294
2022-05-01,SC,1703563,21776
2022-05-01,SE,327081,6343
2022-05-01,SP,5392069,168226
2022-05-01,TO,304441,4153
2022-05-02,AC,124921,2002
2022-05-02,AL,298036,6928
2022-05-02,AM,582212,14172
2022-05-02,AP,160393,2130
2022-05-02,BA,1542941,29858
2022-05-02,CE,1244420,26910
2022-05-02,DF,696847,11652
2022-05-02,ES,1046876,14393
2022-05-02,GO,1329651,26480
2022-05-02,MA,432773,10885
2022-05-02,MG,3357844,61318
2022-05-02,MS,529305,10528
2022-05-02,MT,728100,14618
2022-05-02,PA,766025,18271
2022-05-02,PB,602272,10210
2022-05-02,PE,923820,21611
2022-05-02,PI,368030,7736
2022-05-02,PR,2457065,43104
2022-05-02,RJ,2142829,73470
2022-05-02,RN,503422,8175
2022-05-02,RO,401644,7205
2022-05-02,RR,155457,2151
2022-05-02,RS,2338158,39294
2022-05-02,SC,1703682,21778
2022-05-02,SE,327089,6343
2022-05-02,SP,5392656,168227
2022-05-02,TO,304529,4153
2022-05-03,AC,124969,2002
2022-05-03,AL,298081,6928
2022-05-03,AM,582238,14172
2022-05-03,AP,160394,2130
2022-05-03,BA,1543287,29860
2022-05-03,CE,1244462,26912
2022-05-03,DF,696999,11653
2022-05-03,ES,1046889,14394
2022-05-03,GO,1331663,26481
2022-05-03,MA,432993,10885
2022-05-03,MG,3358669,61318
2022-05-03,MS,529453,10533
2022-05-03,MT,728310,14618
2022-05-03,PA,766514,18276
2022-05-03,PB,602282,10211
2022-05-03,PE,924595,21619
2022-05-03,PI,368031,7736
2022-05-03,PR,2460194,43109
2022-05-03,RJ,2144311,73480
2022-05-03,RN,503462,8175
2022-05-03,RO,401973,7205
2022-05-03,RR,155472,2151
2022-05-03,RS,2341100,39296
2022-05-03,SC,1705059,21781
2022-05-03,SE,327099,6344
2022-05-03,SP,5399373,168272
2022-05-03,TO,304557,4153
2022-05-04,AC,124969,2002
2022-05-04,AL,298166,6930
2022-05-04,AM,582264,14172
2022-05-04,AP,160394,2131
2022-05-04,BA,1543864,29862
2022-05-04,CE,1244551,26912
2022-05-04,DF,697180,11655
2022-05-04,ES,1046889,14394
2022-05-04,GO,1333528,26499
2022-05-04,MA,433302,10887
2022-05-04,MG,3359430,61318
2022-05-04,MS,529602,10533
2022-05-04,MT,728505,14619
2022-05-04,PA,767051,18282
2022-05-04,PB,602383,10211
2022-05-04,PE,925284,21623
2022-05-04,PI,368031,7736
2022-05-04,PR,2462825,43112
2022-05-04,RJ,2145933,73480
2022-05-04,RN,503504,8175
2022-05-04,RO,402064,7205
2022-05-04,RR,155485,2151
2022-05-04,RS,2343806,39297
2022-05-04,SC,1706195,21783
2022-05-04,SE,327106,6344
2022-05-04,SP,5405572,168293
2022-05-04,TO,304618,4153
2022-05-05,AC,124969,2002
2022-05-05,AL,298275,6930
2022-05-05,AM,582289,14172
2022-05-05,AP,160395,2131
2022-05-05,BA,1544000,29863
2022-05-05,CE,1244705,26928
2022-05-05,DF,697373,11658
2022-05-05,ES,1047222,14396
2022-05-05,GO,1335144,26508
2022-05-05,MA,433719,10887
2022-05-05,MG,3360000,61353
2022-05-05,MS,529727,10533
2022-05-05,MT,728681,14619
2022-05-05,PA,767702,18289
2022-05-05,PB,602542,10213
2022-05-05,PE,925885,21629
2022-05-05,PI,368034,7736
2022-05-05,PR,2465347,43124
2022-05-05,RJ,2149139,73480
2022-05-05,RN,503589,8175
2022-05-05,RO,402125,7205
2022-05-05,RR,155497,2151
2022-05-05,RS,2347290,39323
2022-05-05,SC,1707242,21783
2022-05-05,SE,327114,6344
2022-05-05,SP,5411545,168311
2022-05-05,TO,304633,4153
2022-05-06,AC,124969,2002
2022-05-06,AL,298301,6932
2022-05-06,AM,582332,14172
2022-05-06,AP,160400,2132
2022-05-06,BA,1544295,29869
2022-05-06,CE,1244742,26945
2022-05-06,DF,697512,11660
2022-05-06,ES,1047307,14396
2022-05-06,GO,1336451,26525
2022-05-06,MA,434131,10887
2022-05-06,MG,3361406,61377
2022-05-06,MS,529875,10533
2022-05-06,MT,728886,14619
2022-05-06,PA,768355,18294
2022-05-06,PB,602664,10214
2022-05-06,PE,926414,21633
2022-05-06,PI,368034,7736
2022-05-06,PR,2467808,43133
2022-05-06,RJ,2150287,73543
2022-05-06,RN,503730,8196
2022-05-06,RO,402219,7205
2022-05-06,RR,155525,2151
2022-05-06,RS,2350351,39323
2022-05-06,SC,1708452,21783
2022-05-06,SE,327132,6344
2022-05-06,SP,5417649,168334
2022-05-06,TO,304681,4153
2022-05-07,AC,124969,2002
2022-05-07,AL,298353,6933
2022-05-07,AM,582354,14172
2022-05-07,AP,160400,2132
2022-05-07,BA,1544552,29871
2022-05-07,CE,1244742,26945
2022-05-07,DF,697512,11660
2022-05-07,ES,1047378,14396
2022-05-07,GO,1337062,26525
2022-05-07,MA,434347,10887
2022-05-07,MG,3361406,61377
2022-05-07,MS,529996,10533
2022-05-07,MT,728886,14619
2022-05-07,PA,768780,18299
2022-05-07,PB,602759,10214
2022-05-07,PE,927214,21636
2022-05-07,PI,368041,7736
2022-05-07,PR,2470510,43140
2022-05-07,RJ,2150287,73543
2022-05-07,RN,503762,8196
2022-05-07,RO,402328,7206
2022-05-07,RR,155525,2151
2022-05-07,RS,2353498,39334
2022-05-07,SC,1709712,21783
2022-05-07,SE,327144,6344
2022-05-07,SP,5422332,168339
2022-05-07,TO,304681,4153
2022-05-08,AC,124969,2002
2022-05-08,AL,298410,6933
2022-05-08,AM,582360,14172
2022-05-08,AP,160400,2132
2022-05-08,BA,1544553,29871
2022-05-08,CE,1244923,26948
2022-05-08,DF,697512,11660
2022-05-08,ES,1047420,14396
2022-05-08,GO,1337075,26525
2022-05-08,MA,434438,10887
2022-05-08,MG,3361406,61377
2022-05-08,MS,530195,10533
2022-05-08,MT,728886,14619
2022-05-08,PA,769010,18302
2022-05-08,PB,602876,10215
2022-05-08,PE,927762,21639
2022-05-08,PI,368042,7737
2022-05-08,PR,2471778,43141
2022-05-08,RJ,2150287,73543
2022-05-08,RN,503776,8196
2022-05-08,RO,402328,7206
2022-05-08,RR,155525,2151
2022-05-08,RS,2354346,39335
2022-05-08,SC,1709948,21783
2022-05-08,SE,327157,6344
2022-05-08,SP,5424473,168339
2022-05-08,TO,304681,4153
2022-05-09,AC,124969,2002
2022-05-09,AL,298457,6933
2022-05-09,AM,582381,14172
2022-05-09,AP,160401,2132
2022-05-09,BA,1544576,29876
2022-05-09,CE,1244923,26948
2022-05-09,DF,697821,11662
2022-05-09,ES,1047571,14396
2022-05-09,GO,1337914,26525
2022-05-09,MA,434544,10887
2022-05-09,MG,3363623,61384
2022-05-09,MS,530204,10533
2022-05-09,MT,729318,14620
2022-05-09,PA,769064,18304
2022-05-09,PB,602960,10215
2022-05-09,PE,927831,21643
2022-05-09,PI,368043,7737
2022-05-09,PR,2472160,43141
2022-05-09,RJ,2153740,73566
2022-05-09,RN,503778,8196
2022-05-09,RO,402363,7207
2022-05-09,RR,155526,2151
2022-05-09,RS,2354910,39338
2022-05-09,SC,1710301,21786
2022-05-09,SE,327167,6345
2022-05-09,SP,5424960,168339
2022-05-09,TO,304740,4154
2022-05-10,AC,124969,2002
2022-05-10,AL,298475,6933
2022-05-10,AM,582418,14172
2022-05-10,AP,160401,2132
2022-05-10,BA,1544882,29885
2022-05-10,CE,1244956,26960
2022-05-10,DF,698009,11664
2022-05-10,ES,1047786,14396
2022-05-10,GO,1338960,26544
2022-05-10,MA,434732,10887
2022-05-10,MG,3364576,61391
2022-05-10,MS,530325,10543
2022-05-10,MT,729579,14620
2022-05-10,PA,769504,18307
2022-05-10,PB,602966,10215
2022-05-10,PE,928421,21645
2022-05-10,PI,368046,7738
2022-05-10,PR,2475309,43151
2022-05-10,RJ,2155817,73603
2022-05-10,RN,503862,8196
2022-05-10,RO,402620,7208
2022-05-10,RR,155533,2151
2022-05-10,RS,2358757,39340
2022-05-10,SC,1711721,21792
2022-05-10,SE,327179,6345
2022-05-10,SP,5429696,168416
2022-05-10,TO,304889,4154
2022-05-11,AC,124969,2002
2022-05-11,AL,298496,6935
2022-05-11,AM,582442,14172
2022-05-11,AP,160401,2132
2022-05-11,BA,1545305,29885
2022-05-11,CE,1245089,26964
2022-05-11,DF,698244,11666
2022-05-11,ES,1047968,14397
2022-05-11,GO,1341046,26546
2022-05-11,MA,435062,10887
2022-05-11,MG,3366689,61402
2022-05-11,MS,530485,10543
2022-05-11,MT,729751,14620
2022-05-11,PA,769738,18309
2022-05-11,PB,603051,10215
2022-05-11,PE,929090,21648
2022-05-11,PI,368054,7739
2022-05-11,PR,2478462,43158
2022-05-11,RJ,2158019,73616
2022-05-11,RN,503957,8196
2022-05-11,RO,402883,7211
2022-05-11,RR,155582,2151
2022-05-11,RS,2363227,39361
2022-05-11,SC,1713209,21794
2022-05-11,SE,327198,6345
2022-05-11,SP,5434438,168466
2022-05-11,TO,304931,4156
2022-05-12,AC,124969,2002
2022-05-12,AL,298522,6936
2022-05-12,AM,582460,14172
2022-05-12,AP,160401,2132
2022-05-12,BA,1545559,29887
2022-05-12,CE,1245219,26971
2022-05-12,DF,698481,11667
2022-05-12,ES,1048126,14397
2022-05-12,GO,1342220,26546
2022-05-12,MA,435271,10887
2022-05-12,MG,3368204,61405
2022-05-12,MS,530689,10543
2022-05-12,MT,729900,14621
2022-05-12,PA,770201,18311
2022-05-12,PB,603157,10215
2022-05-12,PE,929772,21653
2022-05-12,PI,368054,7739
2022-05-12,PR,2481587,43172
2022-05-12,RJ,2160060,73625
2022-05-12,RN,504102,8196
2022-05-12,RO,402946,7211
2022-05-12,RR,155582,2151
2022-05-12,RS,2367693,39369
2022-05-12,SC,1714804,21799
2022-05-12,SE,327218,6345
2022-05-12,SP,5438958,168533
2022-05-12,TO,304975,4156
2022-05-13,AC,124970,2002
2022-05-13,AL,298535,6936
2022-05-13,AM,582487,14172
2022-05-13,AP,160402,2132
2022-05-13,BA,1545815,29889
2022-05-13,CE,1245318,26976
2022-05-13,DF,698807,11670
2022-05-13,ES,1048309,14397
2022-05-13,GO,1344262,26555
2022-05-13,MA,435750,10887
2022-05-13,MG,3370918,61410
2022-05-13,MS,530851,10543
2022-05-13,MT,730125,14622
2022-05-13,PA,770569,18313
2022-05-13,PB,603327,10215
2022-05-13,PE,930411,21657
2022-05-13,PI,368058,7739
2022-05-13,PR,2485645,43180
2022-05-13,RJ,2162354,73632
2022-05-13,RN,504165,8196
2022-05-13,RO,403089,7211
2022-05-13,RR,155600,2151
2022-05-13,RS,2372232,39375
2022-05-13,SC,1716490,21802
2022-05-13,SE,327238,6345
2022-05-13,SP,5443893,168617
2022-05-13,TO,305119,4156
2022-05-14,AC,124970,2002
2022-05-14,AL,298573,6936
2022-05-14,AM,582503,14172
2022-05-14,AP,160402,2132
2022-05-14,BA,1545962,29891
2022-05-14,CE,1245349,26983
2022-05-14,DF,698807,11670
2022-05-14,ES,1048435,14397
2022-05-14,GO,1346681,26557
2022-05-14,MA,435750,10887
2022-05-14,MG,3370918,61410
2022-05-14,MS,531169,10543
2022-05-14,MT,730125,14622
2022-05-14,PA,770836,18314
2022-05-14,PB,603435,10215
2022-05-14,PE,930803,21660
2022-05-14,PI,368059,7739
2022-05-14,PR,2489143,43191
2022-05-14,RJ,2162354,73632
2022-05-14,RN,504270,8196
2022-05-14,RO,403185,7213
2022-05-14,RR,155600,2151
2022-05-14,RS,2376729,39383
2022-05-14,SC,1718058,21806
2022-05-14,SE,327254,6345
2022-05-14,SP,5447605,168669
2022-05-14,TO,305119,4156
2022-05-15,AC,124970,2002
2022-05-15,AL,298577,6936
2022-05-15,AM,582505,14172
2022-05-15,AP,160404,2132
2022-05-15,BA,1545973,29891
2022-05-15,CE,1245349,26983
2022-05-15,DF,698807,11670
2022-05-15,ES,1048537,14397
2022-05-15,GO,1346714,26556
2022-05-15,MA,435750,10887
2022-05-15,MG,3370918,61410
2022-05-15,MS,531220,10543
2022-05-15,MT,730125,14622
2022-05-15,PA,771038,18315
2022-05-15,PB,603534,10215
2022-05-15,PE,930999,21663
2022-05-15,PI,368059,7739
2022-05-15,PR,2490668,43191
2022-05-15,RJ,2162354,73632
2022-05-15,RN,504280,8196
2022-05-15,RO,403187,7213
2022-05-15,RR,155600,2151
2022-05-15,RS,2378134,39385
2022-05-15,SC,1718357,21806
2022-05-15,SE,327271,6345
2022-05-15,SP,5449941,168710
2022-05-15,TO,305119,4156
2022-05-16,AC,124970,2002
2022-05-16,AL,298578,6936
2022-05-16,AM,582514,14172
2022-05-16,AP,160406,2132
2022-05-16,BA,1545997,29895
2022-05-16,CE,1245485,26994
2022-05-16,DF,699575,11672
2022-05-16,ES,1048749,14397
2022-05-16,GO,1347664,26557
2022-05-16,MA,435881,10887
2022-05-16,MG,3374910,61437
2022-05-16,MS,531259,10543
2022-05-16,MT,730603,14625
2022-05-16,PA,771111,18316
2022-05-16,PB,603591,10217
2022-05-16,PE,931106,21667
2022-05-16,PI,368059,7739
2022-05-16,PR,2491492,43192
2022-05-16,RJ,2165562,73643
2022-05-16,RN,504283,8196
2022-05-16,RO,403262,7213
2022-05-16,RR,155627,2151
2022-05-16,RS,2378955,39385
2022-05-16,SC,1718631,21806
2022-05-16,SE,327284,6345
2022-05-16,SP,5451144,168712
2022-05-16,TO,305202,4156
2022-05-17,AC,124972,2002
2022-05-17,AL,298593,6936
2022-05-17,AM,582533,14172
2022-05-17,AP,160406,2132
2022-05-17,BA,1546295,29898
2022-05-17,CE,1245595,27003
2022-05-17,DF,700122,11674
2022-05-17,ES,1049159,14397
2022-05-17,GO,1349887,26580
2022-05-17,MA,436114,10887
2022-05-17,MG,3377124,61444
2022-05-17,MS,531639,10550
2022-05-17,MT,730729,14625
2022-05-17,PA,771497,18322
2022-05-17,PB,603605,10217
2022-05-17,PE,931418,21671
2022-05-17,PI,368066,7739
2022-05-17,PR,2496089,43201
2022-05-17,RJ,2167859,73717
2022-05-17,RN,504379,8197
2022-05-17,RO,403308,7212
2022-05-17,RR,155644,2152
2022-05-17,RS,2384333,39403
2022-05-17,SC,1720501,21808
2022-05-17,SE,327298,6346
2022-05-17,SP,5455815,168775
2022-05-17,TO,305306,4156
2022-05-18,AC,124973,2002
2022-05-18,AL,298627,6936
2022-05-18,AM,582568,14172
2022-05-18,AP,160408,2132
2022-05-18,BA,1546321,29902
2022-05-18,CE,1245602,27003
2022-05-18,DF,700593,11675
2022-05-18,ES,1049484,14398
2022-05-18,GO,1351200,26590
2022-05-18,MA,436114,10887
2022-05-18,MG,3379162,61455
2022-05-18,MS,531764,10550
2022-05-18,MT,730903,14625
2022-05-18,PA,772034,18325
2022-05-18,PB,603816,10217
2022-05-18,PE,931654,21673
2022-05-18,PI,368067,7742
2022-05-18,PR,2499881,43216
2022-05-18,RJ,2168273,73720
2022-05-18,RN,504385,8197
2022-05-18,RO,403336,7212
2022-05-18,RR,155650,2152
2022-05-18,RS,2384952,39413
2022-05-18,SC,1720845,21809
2022-05-18,SE,327314,6346
2022-05-18,SP,5458472,168814
2022-05-18,TO,305413,4156
2022-05-19,AC,124973,2002
2022-05-19,AL,298644,6936
2022-05-19,AM,582594,14172
2022-05-19,AP,160415,2132
2022-05-19,BA,1546336,29907
2022-05-19,CE,1245662,27008
2022-05-19,DF,700934,11682
2022-05-19,ES,1049825,14401
2022-05-19,GO,1351483,26593
2022-05-19,MA,436642,10887
2022-05-19,MG,3381551,61458
2022-05-19,MS,531765,10550
2022-05-19,MT,731122,14625
2022-05-19,PA,772482,18331
2022-05-19,PB,603829,10217
2022-05-19,PE,931769,21678
2022-05-19,PI,368067,7743
2022-05-19,PR,2503450,43230
2022-05-19,RJ,2168418,73723
2022-05-19,RN,504395,8197
2022-05-19,RO,403354,7212
2022-05-19,RR,155650,2152
2022-05-19,RS,2385104,39419
2022-05-19,SC,1721311,21812
2022-05-19,SE,327335,6346
2022-05-19,SP,5459629,168864
2022-05-19,TO,305487,4156
2022-05-20,AC,124973,2002
2022-05-20,AL,298657,6936
2022-05-20,AM,582625,14172
2022-05-20,AP,160416,2132
2022-05-20,BA,1546366,29916
2022-05-20,CE,1245686,27015
2022-05-20,DF,701350,11684
2022-05-20,ES,1050094,14401
2022-05-20,GO,1352949,26598
2022-05-20,MA,436801,10887
2022-05-20,MG,3383874,61458
2022-05-20,MS,531771,10550
2022-05-20,MT,731233,14625
2022-05-20,PA,772804,18339
2022-05-20,PB,603832,10217
2022-05-20,PE,931829,21682
2022-05-20,PI,368068,7743
2022-05-20,PR,2506923,43242
2022-05-20,RJ,2168599,73726
2022-05-20,RN,504414,8197
2022-05-20,RO,403381,7212
2022-05-20,RR,155650,2152
2022-05-20,RS,2385914,39427
2022-05-20,SC,1721739,21814
2022-05-20,SE,327349,6346
2022-05-20,SP,5459629,168864
2022-05-20,TO,305487,4156
2022-05-21,AC,124974,2002
2022-05-21,AL,298680,6936
2022-05-21,AM,582652,14172
2022-05-21,AP,160416,2132
2022-05-21,BA,1546724,29917
2022-05-21,CE,1245686,27023
2022-05-21,DF,701350,11684
2022-05-21,ES,1050298,14401
2022-05-21,GO,1354364,26598
2022-05-21,MA,436801,10887
2022-05-21,MG,3383874,61458
2022-05-21,MS,531951,10550
2022-05-21,MT,731233,14625
2022-05-21,PA,772977,18341
2022-05-21,PB,603883,10217
2022-05-21,PE,932358,21686
2022-05-21,PI,368069,7743
2022-05-21,PR,2510336,43247
2022-05-21,RJ,2168599,73726
2022-05-21,RN,504552,8197
2022-05-21,RO,403412,7212
2022-05-21,RR,155650,2152
2022-05-21,RS,2392924,39441
2022-05-21,SC,1724365,21815
2022-05-21,SE,327363,6346
2022-05-21,SP,5459629,168864
2022-05-21,TO,305487,4156
2022-05-22,AC,124974,2002
2022-05-22,AL,298774,6936
2022-05-22,AM,582655,14172
2022-05-22,AP,160416,2132
2022-05-22,BA,1546737,29919
2022-05-22,CE,1245686,27026
2022-05-22,DF,701350,11684
2022-05-22,ES,1050394,14401
2022-05-22,GO,1354420,26598
2022-05-22,MA,436801,10887
2022-05-22,MG,3383874,61458
2022-05-22,MS,532029,10550
2022-05-22,MT,731233,14625
2022-05-22,PA,773067,18342
2022-05-22,PB,604156,10218
2022-05-22,PE,932658,21690
2022-05-22,PI,368069,7743
2022-05-22,PR,2512135,43248
2022-05-22,RJ,2168599,73726
2022-05-22,RN,504577,8197
2022-05-22,RO,403412,7212
2022-05-22,RR,155650,2152
2022-05-22,RS,2394657,39441
2022-05-22,SC,1724829,21816
2022-05-22,SE,327373,6346
2022-05-22,SP,5467208,168950
2022-05-22,TO,305487,4156
2022-05-23,AC,124974,2002
2022-05-23,AL,298785,6936
2022-05-23,AM,582690,14172
2022-05-23,AP,160417,2132
2022-05-23,BA,1546757,29920
2022-05-23,CE,1245686,27026
2022-05-23,DF,702315,11687
2022-05-23,ES,1050597,14402
2022-05-23,GO,1354852,26598
2022-05-23,MA,436952,10887
2022-05-23,MG,3387704,61469
2022-05-23,MS,532035,10550
2022-05-23,MT,731442,14627
2022-05-23,PA,773130,18343
2022-05-23,PB,604210,10218
2022-05-23,PE,932819,21695
2022-05-23,PI,368069,7743
2022-05-23,PR,2512982,43248
2022-05-23,RJ,2171757,73728
2022-05-23,RN,504587,8199
2022-05-23,RO,403460,7213
2022-05-23,RR,155655,2152
2022-05-23,RS,2395763,39442
2022-05-23,SC,1725174,21820
2022-05-23,SE,327379,6346
2022-05-23,SP,5468187,168955
2022-05-23,TO,305617,4156
2022-05-24,AC,124974,2002
2022-05-24,AL,298834,6936
2022-05-24,AM,582724,14172
2022-05-24,AP,160417,2132
2022-05-24,BA,1547074,29922
2022-05-24,CE,1245888,27040
2022-05-24,DF,702835,11689
2022-05-24,ES,1050926,14403
2022-05-24,GO,1355758,26604
2022-05-24,MA,437147,10887
2022-05-24,MG,3390115,61478
2022-05-24,MS,532048,10565
2022-05-24,MT,731548,14628
2022-05-24,PA,773477,18350
2022-05-24,PB,604234,10219
2022-05-24,PE,933527,21697
2022-05-24,PI,368069,7744
2022-05-24,PR,2521915,43282
2022-05-24,RJ,2174328,73789
2022-05-24,RN,504841,8199
2022-05-24,RO,403561,7213
2022-05-24,RR,155679,2152
2022-05-24,RS,2402141,39460
2022-05-24,SC,1727520,21827
2022-05-24,SE,327397,6347
2022-05-24,SP,5474146,169012
2022-05-24,TO,305692,4156
2022-05-25,AC,124974,2002
2022-05-25,AL,298871,6936
2022-05-25,AM,582734,14173
2022-05-25,AP,160418,2133
2022-05-25,BA,1547372,29922
2022-05-25,CE,1246002,27051
2022-05-25,DF,703602,11690
2022-05-25,ES,1051335,14405
2022-05-25,GO,1357565,26604
2022-05-25,MA,437344,10888
2022-05-25,MG,3394187,61520
2022-05-25,MS,532610,10565
2022-05-25,MT,731659,14628
2022-05-25,PA,773846,18354
2022-05-25,PB,604539,10220
2022-05-25,PE,934383,21700
2022-05-25,PI,368074,7745
2022-05-25,PR,2502334,43284
2022-05-25,RJ,2177585,73791
2022-05-25,RN,504990,8199
2022-05-25,RO,403680,7214
2022-05-25,RR,155679,2152
2022-05-25,RS,2408431,39472
2022-05-25,SC,1730425,21832
2022-05-25,SE,327411,6347
2022-05-25,SP,5480732,169053
2022-05-25,TO,305820,4157
2022-05-26,AC,124974,2002
2022-05-26,AL,298916,6936
2022-05-26,AM,582744,14174
2022-05-26,AP,160419,2133
2022-05-26,BA,1547761,29922
2022-05-26,CE,1246105,27057
2022-05-26,DF,704498,11690
2022-05-26,ES,1051804,14405
2022-05-26,GO,1361029,26625
2022-05-26,MA,437483,10888
2022-05-26,MG,3398570,61533
2022-05-26,MS,532936,10565
2022-05-26,MT,731870,14628
2022-05-26,PA,774114,18362
2022-05-26,PB,604705,10220
2022-05-26,PE,934818,21703
2022-05-26,PI,368076,7746
2022-05-26,PR,2505634,43289
2022-05-26,RJ,2181506,73791
2022-05-26,RN,505133,8199
2022-05-26,RO,403715,7214
2022-05-26,RR,155720,2152
2022-05-26,RS,2414554,39490
2022-05-26,SC,1732937,21834
2022-05-26,SE,327417,6347
2022-05-26,SP,5487134,169118
2022-05-26,TO,305940,4157
2022-05-27,AC,124975,2002
2022-05-27,AL,299038,6936
2022-05-27,AM,582756,14174
2022-05-27,AP,160420,2134
2022-05-27,BA,1548151,29924
2022-05-27,CE,1246144,27057
2022-05-27,DF,705948,11690
2022-05-27,ES,1052215,14408
2022-05-27,GO,1365485,26646
2022-05-27,MA,437701,10888
2022-05-27,MG,3403150,61544
2022-05-27,MS,533563,10565
2022-05-27,MT,732078,14630
2022-05-27,PA,774362,18366
2022-05-27,PB,604878,10220
2022-05-27,PE,935669,21707
2022-05-27,PI,368077,7746
2022-05-27,PR,2515246,43299
2022-05-27,RJ,2184238,73797
2022-05-27,RN,505279,8199
2022-05-27,RO,403827,7214
2022-05-27,RR,155745,2152
2022-05-27,RS,2420245,39490
2022-05-27,SC,1735346,21840
2022-05-27,SE,327429,6347
2022-05-27,SP,5493061,169187
2022-05-27,TO,306119,4157
2022-05-28,AC,124975,2002
2022-05-28,AL,299060,6936
2022-05-28,AM,582769,14174
2022-05-28,AP,160421,2134
2022-05-28,BA,1548454,29926
2022-05-28,CE,1246248,27066
2022-05-28,DF,705948,11690
2022-05-28,ES,1052523,14408
2022-05-28,GO,1366925,26647
2022-05-28,MA,437701,10888
2022-05-28,MG,3403150,61544
2022-05-28,MS,533928,10565
2022-05-28,MT,732078,14630
2022-05-28,PA,774477,18369
2022-05-28,PB,605044,10220
2022-05-28,PE,936382,21713
2022-05-28,PI,368085,7746
2022-05-28,PR,2521104,43317
2022-05-28,RJ,2184238,73797
2022-05-28,RN,505424,8202
2022-05-28,RO,403882,7214
2022-05-28,RR,155745,2152
2022-05-28,RS,2426122,39490
2022-05-28,SC,1737375,21843
2022-05-28,SE,327439,6348
2022-05-28,SP,5499768,169213
2022-05-28,TO,306119,4157
2022-05-29,AC,124975,2002
2022-05-29,AL,299075,6936
2022-05-29,AM,582771,14174
2022-05-29,AP,160421,2134
2022-05-29,BA,1548484,29926
2022-05-29,CE,1246248,27066
2022-05-29,DF,705948,11690
2022-05-29,ES,1052700,14408
2022-05-29,GO,1367176,26648
2022-05-29,MA,437701,10888
2022-05-29,MG,3403150,61544
2022-05-29,MS,534028,10565
2022-05-29,MT,732078,14630
2022-05-29,PA,774496,18370
2022-05-29,PB,605044,10220
2022-05-29,PE,936672,21718
2022-05-29,PI,368086,7746
2022-05-29,PR,2522815,43320
2022-05-29,RJ,2184238,73797
2022-05-29,RN,505448,8202
2022-05-29,RO,403900,7214
2022-05-29,RR,155745,2152
2022-05-29,RS,2428217,39518
2022-05-29,SC,1738012,21846
2022-05-29,SE,327442,6348
2022-05-29,SP,5502590,169234
2022-05-29,TO,306119,4157
2022-05-30,AC,125111,2002
2022-05-30,AL,299233,6936
2022-05-30,AM,582775,14174
2022-05-30,AP,160423,2134
2022-05-30,BA,1548499,29935
2022-05-30,CE,1246305,27074
2022-05-30,DF,708552,11691
2022-05-30,ES,1053064,14409
2022-05-30,GO,1369130,26649
2022-05-30,MA,437926,10888
2022-05-30,MG,3410610,61549
2022-05-30,MS,534115,10565
2022-05-30,MT,732520,14633
2022-05-30,PA,774513,18371
2022-05-30,PB,605292,10220
2022-05-30,PE,936810,21721
2022-05-30,PI,368086,7746
2022-05-30,PR,2523942,43320
2022-05-30,RJ,2189528,73806
2022-05-30,RN,506376,8202
2022-05-30,RO,404002,7215
2022-05-30,RR,155753,2152
2022-05-30,RS,2429472,39528
2022-05-30,SC,1738492,21850
2022-05-30,SE,327451,6348
2022-05-30,SP,5503518,169241
2022-05-30,TO,306163,4157
2022-05-31,AC,125111,2002
2022-05-31,AL,299292,6936
2022-05-31,AM,582787,14174
2022-05-31,AP,160426,2134
2022-05-31,BA,1548992,29938
2022-05-31,CE,1246350,27082
2022-05-31,DF,710694,11691
2022-05-31,ES,1053689,14411
2022-05-31,GO,1373005,26655
2022-05-31,MA,438066,10889
2022-05-31,MG,3415691,61566
2022-05-31,MS,534642,10569
2022-05-31,MT,732803,14635
2022-05-31,PA,774719,18373
2022-05-31,PB,605316,10220
2022-05-31,PE,937265,21724
2022-05-31,PI,368087,7746
2022-05-31,PR,2529375,43336
2022-05-31,RJ,2193304,73830
2022-05-31,RN,506574,8202
2022-05-31,RO,404117,7217
2022-05-31,RR,155766,2152
2022-05-31,RS,2435883,39550
2022-05-31,SC,1741234,21855
2022-05-31,SE,327458,6348
2022-05-31,SP,5511939,169284
2022-05-31,TO,306453,4157
2022-06-01,AC,125111,2002
2022-06-01,AL,299355,6936
2022-06-01,AM,582799,14175
2022-06-01,AP,160426,2134
2022-06-01,BA,1549464,29939
2022-06-01,CE,1246443,27089
2022-06-01,DF,712968,11692
2022-06-01,ES,1054355,14412
2022-06-01,GO,1374968,26661
2022-06-01,MA,438431,10889
2022-06-01,MG,3422500,61579
2022-06-01,MS,535083,10569
2022-06-01,MT,733191,14638
2022-06-01,PA,774961,18374
2022-06-01,PB,605549,10220
2022-06-01,PE,938037,21727
2022-06-01,PI,368097,7746
2022-06-01,PR,2533801,43351
2022-06-01,RJ,2198247,73830
2022-06-01,RN,506744,8208
2022-06-01,RO,404300,7219
2022-06-01,RR,155795,2152
2022-06-01,RS,2441258,39565
2022-06-01,SC,1743857,21858
2022-06-01,SE,327474,6348
2022-06-01,SP,5520290,169331
2022-06-01,TO,306513,4157
2022-06-02,AC,125111,2002
2022-06-02,AL,299398,6936
2022-06-02,AM,582816,14175
2022-06-02,AP,160437,2134
2022-06-02,BA,1549865,29942
2022-06-02,CE,1246495,27093
2022-06-02,DF,715938,11692
2022-06-02,ES,1055103,14415
2022-06-02,GO,1378436,26659
2022-06-02,MA,438749,10889
2022-06-02,MG,3428615,61579
2022-06-02,MS,535404,10569
2022-06-02,MT,733562,14638
2022-06-02,PA,775174,18377
2022-06-02,PB,605716,10220
2022-06-02,PE,938830,21733
2022-06-02,PI,368098,7746
2022-06-02,PR,2538030,43368
2022-06-02,RJ,2203684,73830
2022-06-02,RN,507014,8211
2022-06-02,RO,404300,7219
2022-06-02,RR,155817,2152
2022-06-02,RS,2446646,39565
2022-06-02,SC,1746120,21864
2022-06-02,SE,327490,6348
2022-06-02,SP,5527726,169415
2022-06-02,TO,306716,4157
2022-06-03,AC,125111,2002
2022-06-03,AL,299429,6936
2022-06-03,AM,582835,14175
2022-06-03,AP,160443,2134
2022-06-03,BA,1549865,29942
2022-06-03,CE,1246631,27100
2022-06-03,DF,718242,11692
2022-06-03,ES,1055879,14417
2022-06-03,GO,1383243,26661
2022-06-03,MA,439011,10889
2022-06-03,MG,3435501,61579
2022-06-03,MS,535750,10569
2022-06-03,MT,733927,14639
2022-06-03,PA,775322,18381
2022-06-03,PB,605716,10220
2022-06-03,PE,939609,21738
2022-06-03,PI,368098,7746
2022-06-03,PR,2544638,43386
2022-06-03,RJ,2208212,73830
2022-06-03,RN,507273,8211
2022-06-03,RO,404493,7219
2022-06-03,RR,155841,2152
2022-06-03,RS,2451793,39565
2022-06-03,SC,1748353,21868
2022-06-03,SE,327517,6348
2022-06-03,SP,5527726,169415
2022-06-03,TO,307021,4157
2022-06-04,AC,125111,2002
2022-06-04,AL,299511,6936
2022-06-04,AM,582856,14175
2022-06-04,AP,160448,2134
2022-06-04,BA,1549865,29942
2022-06-04,CE,1246968,27104
2022-06-04,DF,718242,11692
2022-06-04,ES,1056465,14418
2022-06-04,GO,1385182,26661
2022-06-04,MA,439011,10889
2022-06-04,MG,3435501,61579
2022-06-04,MS,536065,10569
2022-06-04,MT,733927,14639
2022-06-04,PA,775547,18386
2022-06-04,PB,605716,10220
2022-06-04,PE,940560,21742
2022-06-04,PI,368101,7746
2022-06-04,PR,2548210,43399
2022-06-04,RJ,2208212,73830
2022-06-04,RN,507496,8211
2022-06-04,RO,404749,7218
2022-06-04,RR,155841,2152
2022-06-04,RS,2456960,39565
2022-06-04,SC,1750250,21868
2022-06-04,SE,327528,6348
2022-06-04,SP,5527726,169415
2022-06-04,TO,307021,4157
2022-06-05,AC,125111,2002
2022-06-05,AL,299528,6936
2022-06-05,AM,582866,14175
2022-06-05,AP,160448,2134
2022-06-05,BA,1549865,29942
2022-06-05,CE,1247080,27104
2022-06-05,DF,718242,11692
2022-06-05,ES,1056699,14418
2022-06-05,GO,1385434,26659
2022-06-05,MA,439011,10889
2022-06-05,MG,3435501,61579
2022-06-05,MS,537797,10569
2022-06-05,MT,733927,14639
2022-06-05,PA,775726,18389
2022-06-05,PB,605716,10220
2022-06-05,PE,941057,21746
2022-06-05,PI,368101,7746
2022-06-05,PR,2549576,43400
2022-06-05,RJ,2208212,73830
2022-06-05,RN,507566,8211
2022-06-05,RO,404776,7218
2022-06-05,RR,155841,2152
2022-06-05,RS,2458286,39565
2022-06-05,SC,1750684,21870
2022-06-05,SE,327538,6348
2022-06-05,SP,5527726,169415
2022-06-05,TO,307021,4157
2022-06-06,AC,125119,2002
2022-06-06,AL,299560,6936
2022-06-06,AM,582870,14175
2022-06-06,AP,160450,2134
2022-06-06,BA,1549865,29946
2022-06-06,CE,1248491,27109
2022-06-06,DF,724921,11693
2022-06-06,ES,1057486,14421
2022-06-06,GO,1386830,26659
2022-06-06,MA,439249,10889
2022-06-06,MG,3446478,61579
2022-06-06,MS,537828,10569
2022-06-06,MT,734483,14646
2022-06-06,PA,775957,18391
2022-06-06,PB,606445,10220
2022-06-06,PE,941524,21751
2022-06-06,PI,368102,7747
2022-06-06,PR,2550523,43401
2022-06-06,RJ,2217604,73830
2022-06-06,RN,507592,8212
2022-06-06,RO,404818,7219
2022-06-06,RR,155894,2152
2022-06-06,RS,2459295,39565
2022-06-06,SC,1751231,21875
2022-06-06,SE,327552,6348
2022-06-06,SP,5527726,169415
2022-06-06,TO,307225,4157
2022-06-07,AC,125119,2002
2022-06-07,AL,299592,6936
2022-06-07,AM,582898,14175
2022-06-07,AP,160455,2135
2022-06-07,BA,1551408,29948
2022-06-07,CE,1248690,27124
2022-06-07,DF,727976,11696
2022-06-07,ES,1058802,14424
2022-06-07,GO,1394164,26689
2022-06-07,MA,439468,10889
2022-06-07,MG,3453055,61579
2022-06-07,MS,538158,10575
2022-06-07,MT,735123,14647
2022-06-07,PA,776234,18393
2022-06-07,PB,606495,10222
2022-06-07,PE,942259,21752
2022-06-07,PI,368103,7747
2022-06-07,PR,2554785,43417
2022-06-07,RJ,2223322,73848
2022-06-07,RN,507944,8213
2022-06-07,RO,405138,7220
2022-06-07,RR,155915,2152
2022-06-07,RS,2465025,39588
2022-06-07,SC,1753654,21889
2022-06-07,SE,327574,6348
2022-06-07,SP,5557582,169583
2022-06-07,TO,307225,4157
2022-06-08,AC,125119,2002
2022-06-08,AL,299662,6936
2022-06-08,AM,582933,14175
2022-06-08,AP,160459,2135
2022-06-08,BA,1552199,29950
2022-06-08,CE,1248816,27125
2022-06-08,DF,732023,11696
2022-06-08,ES,1060228,14425
2022-06-08,GO,1396731,26694
2022-06-08,MA,439659,10889
2022-06-08,MG,3462118,61692
2022-06-08,MS,538812,10575
2022-06-08,MT,735637,14648
2022-06-08,PA,776499,18396
2022-06-08,PB,606816,10222
2022-06-08,PE,943194,21755
2022-06-08,PI,368178,7748
2022-06-08,PR,2558905,43429
2022-06-08,RJ,2229049,73858
2022-06-08,RN,508482,8214
2022-06-08,RO,405438,7220
2022-06-08,RR,155936,2152
2022-06-08,RS,2470521,39669
2022-06-08,SC,1756992,21895
2022-06-08,SE,327597,6349
2022-06-08,SP,5566549,169641
2022-06-08,TO,307225,4157
2022-06-09,AC,125146,2002
2022-06-09,AL,299740,6936
2022-06-09,AM,582965,14175
2022-06-09,AP,160464,2136
2022-06-09,BA,1552934,29951
2022-06-09,CE,1249043,27127
2022-06-09,DF,736921,11697
2022-06-09,ES,1061805,14427
2022-06-09,GO,1400309,26701
2022-06-09,MA,439931,10890
2022-06-09,MG,3470558,61699
2022-06-09,MS,539595,10575
2022-06-09,MT,736260,14647
2022-06-09,PA,776733,18400
2022-06-09,PB,607090,10222
2022-06-09,PE,944360,21761
2022-06-09,PI,368198,7748
2022-06-09,PR,2562739,43440
2022-06-09,RJ,2233545,73861
2022-06-09,RN,509483,8214
2022-06-09,RO,405820,7221
2022-06-09,RR,155959,2152
2022-06-09,RS,2475484,39694
2022-06-09,SC,1758208,21899
2022-06-09,SE,327638,6349
2022-06-09,SP,5572697,169709
2022-06-09,TO,307225,4157
2022-06-10,AC,125164,2002
2022-06-10,AL,299875,6936
2022-06-10,AM,582982,14175
2022-06-10,AP,160472,2137
2022-06-10,BA,1553716,29953
2022-06-10,CE,1249286,27131
2022-06-10,DF,740912,11699
2022-06-10,ES,1063520,14428
2022-06-10,GO,1405808,26706
2022-06-10,MA,440287,10890
2022-06-10,MG,3478575,61719
2022-06-10,MS,540686,10575
2022-06-10,MT,737036,14650
2022-06-10,PA,776919,18410
2022-06-10,PB,607515,10224
2022-06-10,PE,945403,21767
2022-06-10,PI,368228,7748
2022-06-10,PR,2566485,43456
2022-06-10,RJ,2243137,73870
2022-06-10,RN,510177,8216
2022-06-10,RO,406146,7223
2022-06-10,RR,156001,2152
2022-06-10,RS,2480415,39708
2022-06-10,SC,1760430,21901
2022-06-10,SE,327687,6350
2022-06-10,SP,5583254,169777
2022-06-10,TO,307225,4157
2022-06-11,AC,125176,2002
2022-06-11,AL,299974,6936
2022-06-11,AM,583014,14175
2022-06-11,AP,160474,2137
2022-06-11,BA,1554463,29956
2022-06-11,CE,1249651,27131
2022-06-11,DF,740912,11699
2022-06-11,ES,1064581,14431
2022-06-11,GO,1409778,26706
2022-06-11,MA,440287,10890
2022-06-11,MG,3478575,61719
2022-06-11,MS,541270,10575
2022-06-11,MT,737036,14650
2022-06-11,PA,777125,18413
2022-06-11,PB,607839,10225
2022-06-11,PE,946529,21771
2022-06-11,PI,368246,7748
2022-06-11,PR,2569772,43473
2022-06-11,RJ,2243137,73870
2022-06-11,RN,510722,8217
2022-06-11,RO,406439,7223
2022-06-11,RR,156001,2152
2022-06-11,RS,2485589,39726
2022-06-11,SC,1762333,21906
2022-06-11,SE,327713,6350
2022-06-11,SP,5591276,169836
2022-06-11,TO,307225,4157
2022-06-12,AC,125177,2002
2022-06-12,AL,300001,6936
2022-06-12,AM,583022,14175
2022-06-12,AP,160479,2137
2022-06-12,BA,1554649,29956
2022-06-12,CE,1249803,27131
2022-06-12,DF,740912,11699
2022-06-12,ES,1065129,14431
2022-06-12,GO,1411127,26715
2022-06-12,MA,440287,10890
2022-06-12,MG,3478575,61719
2022-06-12,MS,541762,10575
2022-06-12,MT,737036,14650
2022-06-12,PA,777286,18415
2022-06-12,PB,607839,10225
2022-06-12,PE,947414,21779
2022-06-12,PI,368246,7748
2022-06-12,PR,2571530,43474
2022-06-12,RJ,2243137,73870
2022-06-12,RN,510900,8218
2022-06-12,RO,406513,7223
2022-06-12,RR,156001,2152
2022-06-12,RS,2486920,39730
2022-06-12,SC,1762938,21907
2022-06-12,SE,327722,6351
2022-06-12,SP,5595235,169845
2022-06-12,TO,307225,4157
2022-06-13,AC,125179,2002
2022-06-13,AL,300044,6936
2022-06-13,AM,583031,14176
2022-06-13,AP,160480,2137
2022-06-13,BA,1554741,29959
2022-06-13,CE,1249836,27131
2022-06-13,DF,749623,11701
2022-06-13,ES,1066705,14433
2022-06-13,GO,1413331,26717
2022-06-13,MA,440392,10890
2022-06-13,MG,3491674,61737
2022-06-13,MS,541782,10575
2022-06-13,MT,738154,14656
2022-06-13,PA,777452,18418
2022-06-13,PB,608269,10225
2022-06-13,PE,947743,21784
2022-06-13,PI,368246,7748
2022-06-13,PR,2572446,43474
2022-06-13,RJ,2248909,73886
2022-06-13,RN,511701,8220
2022-06-13,RO,406673,7223
2022-06-13,RR,156038,2152
2022-06-13,RS,2487658,39732
2022-06-13,SC,1763283,21909
2022-06-13,SE,327737,6351
2022-06-13,SP,5596714,169851
2022-06-13,TO,309197,4157
2022-06-14,AC,125202,2002
2022-06-14,AL,300117,6937
2022-06-14,AM,583081,14177
2022-06-14,AP,160491,2137
2022-06-14,BA,1555693,29961
2022-06-14,CE,1250935,27135
2022-06-14,DF,753025,11702
2022-06-14,ES,1069437,14436
2022-06-14,GO,1418671,26733
2022-06-14,MA,440505,10890
2022-06-14,MG,3497888,61760
2022-06-14,MS,542248,10603
2022-06-14,MT,739103,14657
2022-06-14,PA,777760,18421
2022-06-14,PB,608313,10226
2022-06-14,PE,948668,21789
2022-06-14,PI,368265,7748
2022-06-14,PR,2575755,43488
2022-06-14,RJ,2259012,73926
2022-06-14,RN,512481,8220
2022-06-14,RO,406990,7226
2022-06-14,RR,156119,2152
2022-06-14,RS,2492587,39750
2022-06-14,SC,1765445,21918
2022-06-14,SE,327777,6352
2022-06-14,SP,5596714,169851
2022-06-14,TO,309197,4157
2022-06-15,AC,125224,2002
2022-06-15,AL,300214,6937
2022-06-15,AM,583146,14177
2022-06-15,AP,160499,2137
2022-06-15,BA,1556741,29962
2022-06-15,CE,1251306,27136
2022-06-15,DF,759330,11704
2022-06-15,ES,1071791,14438
2022-06-15,GO,1425906,26742
2022-06-15,MA,440735,10890
2022-06-15,MG,3507688,61843
2022-06-15,MS,542965,10603
2022-06-15,MT,740100,14662
2022-06-15,PA,778027,18424
2022-06-15,PB,608956,10226
2022-06-15,PE,950225,21793
2022-06-15,PI,368302,7749
2022-06-15,PR,2578960,43504
2022-06-15,RJ,2266309,73942
2022-06-15,RN,513195,8221
2022-06-15,RO,407406,7225
2022-06-15,RR,156204,2152
2022-06-15,RS,2497375,39786
2022-06-15,SC,1767520,21921
2022-06-15,SE,327910,6353
2022-06-15,SP,5616538,170007
2022-06-15,TO,309197,4157
2022-06-16,AC,125225,2002
2022-06-16,AL,300417,6937
2022-06-16,AM,583208,14177
2022-06-16,AP,160505,2137
2022-06-16,BA,1557823,29969
2022-06-16,CE,1251795,27136
2022-06-16,DF,759330,11704
2022-06-16,ES,1073815,14440
2022-06-16,GO,1431764,26752
2022-06-16,MA,440954,10890
2022-06-16,MG,3507688,61843
2022-06-16,MS,543243,10603
2022-06-16,MT,740100,14662
2022-06-16,PA,778355,18426
2022-06-16,PB,609656,10226
2022-06-16,PE,951653,21797
2022-06-16,PI,368347,7749
2022-06-16,PR,2582341,43520
2022-06-16,RJ,2266309,73942
2022-06-16,RN,513986,8222
2022-06-16,RO,407701,7225
2022-06-16,RR,156204,2152
2022-06-16,RS,2501988,39806
2022-06-16,SC,1769737,21925
2022-06-16,SE,327993,6353
2022-06-16,SP,5625369,170092
2022-06-16,TO,309197,4157
2022-06-17,AC,125226,2002
2022-06-17,AL,300688,6937
2022-06-17,AM,583221,14177
2022-06-17,AP,160509,2139
2022-06-17,BA,1558076,29975
2022-06-17,CE,1251795,27136
2022-06-17,DF,766392,11708
2022-06-17,ES,1075015,14444
2022-06-17,GO,1433322,26753
2022-06-17,MA,440987,10890
2022-06-17,MG,3507688,61843
2022-06-17,MS,543645,10603
2022-06-17,MT,740100,14662
2022-06-17,PA,778521,18428
2022-06-17,PB,610287,10226
2022-06-17,PE,953558,21803
2022-06-17,PI,368356,7749
2022-06-17,PR,2583738,43520
2022-06-17,RJ,2274509,73957
2022-06-17,RN,514690,8222
2022-06-17,RO,408041,7225
2022-06-17,RR,156204,2152
2022-06-17,RS,2503183,39816
2022-06-17,SC,1770307,21928
2022-06-17,SE,328042,6353
2022-06-17,SP,5628078,170111
2022-06-17,TO,309197,4157
2022-06-18,AC,125252,2002
2022-06-18,AL,300886,6939
2022-06-18,AM,583241,14177
2022-06-18,AP,160519,2140
2022-06-18,BA,1558963,29981
2022-06-18,CE,1252417,27139
2022-06-18,DF,766392,11708
2022-06-18,ES,1076705,14444
2022-06-18,GO,1435583,26755
2022-06-18,MA,440987,10890
2022-06-18,MG,3507688,61843
2022-06-18,MS,544347,10603
2022-06-18,MT,740100,14662
2022-06-18,PA,778578,18433
2022-06-18,PB,610287,10226
2022-06-18,PE,955208,21805
2022-06-18,PI,368378,7749
2022-06-18,PR,2586384,43525
2022-06-18,RJ,2274509,73957
2022-06-18,RN,515098,8223
2022-06-18,RO,408252,7225
2022-06-18,RR,156204,2152
2022-06-18,RS,2506858,39838
2022-06-18,SC,1771920,21932
2022-06-18,SE,328085,6353
2022-06-18,SP,5631464,170152
2022-06-18,TO,309197,4157
2022-06-19,AC,125252,2002
2022-06-19,AL,301012,6939
2022-06-19,AM,583269,14177
2022-06-19,AP,160520,2140
2022-06-19,BA,1559232,29985
2022-06-19,CE,1252512,27141
2022-06-19,DF,766392,11708
2022-06-19,ES,1077586,14445
2022-06-19,GO,1436697,26755
2022-06-19,MA,440987,10890
2022-06-19,MG,3507688,61843
2022-06-19,MS,544846,10603
2022-06-19,MT,740100,14662
2022-06-19,PA,778633,18435
2022-06-19,PB,611277,10232
2022-06-19,PE,955956,21809
2022-06-19,PI,368379,7751
2022-06-19,PR,2588104,43525
2022-06-19,RJ,2274509,73957
2022-06-19,RN,515315,8223
2022-06-19,RO,408505,7226
2022-06-19,RR,156204,2152
2022-06-19,RS,2508043,39850
2022-06-19,SC,1772339,21934
2022-06-19,SE,328096,6353
2022-06-19,SP,5633543,170171
2022-06-19,TO,309197,4157
2022-06-20,AC,125257,2002
2022-06-20,AL,301146,6939
2022-06-20,AM,583282,14177
2022-06-20,AP,160534,2140
2022-06-20,BA,1559397,29990
2022-06-20,CE,1252846,27142
2022-06-20,DF,775399,11713
2022-06-20,ES,1080154,14448
2022-06-20,GO,1438253,26757
2022-06-20,MA,441078,10890
2022-06-20,MG,3524701,61874
2022-06-20,MS,544878,10603
2022-06-20,MT,743059,14674
2022-06-20,PA,778684,18437
2022-06-20,PB,611428,10236
2022-06-20,PE,956278,21814
2022-06-20,PI,368382,7752
2022-06-20,PR,2589172,43526
2022-06-20,RJ,2283177,73969
2022-06-20,RN,515515,8224
2022-06-20,RO,408845,7226
2022-06-20,RR,156254,2152
2022-06-20,RS,2508890,39851
2022-06-20,SC,1772876,21936
2022-06-20,SE,328119,6353
2022-06-20,SP,5635140,170178
2022-06-20,TO,311721,4158
2022-06-21,AC,125263,2002
2022-06-21,AL,301525,6940
2022-06-21,AM,583350,14177
2022-06-21,AP,160566,2140
2022-06-21,BA,1561006,30000
2022-06-21,CE,1253467,27148
2022-06-21,DF,779959,11725
2022-06-21,ES,1084225,14453
2022-06-21,GO,1443774,26764
2022-06-21,MA,441308,10890
2022-06-21,MG,3532691,61916
2022-06-21,MS,545305,10610
2022-06-21,MT,744599,14680
2022-06-21,PA,778936,18440
2022-06-21,PB,611530,10239
2022-06-21,PE,958473,21820
2022-06-21,PI,369388,7754
2022-06-21,PR,2593061,43548
2022-06-21,RJ,2292140,73975
2022-06-21,RN,516697,8227
2022-06-21,RO,409622,7230
2022-06-21,RR,156578,2152
2022-06-21,RS,2513863,39858
2022-06-21,SC,1775573,21940
2022-06-21,SE,328260,6354
2022-06-21,SP,5645947,170250
2022-06-21,TO,311721,4158
2022-06-22,AC,125354,2002
2022-06-22,AL,301980,6942
2022-06-22,AM,583482,14177
2022-06-22,AP,160593,2140
2022-06-22,BA,1562997,30009
2022-06-22,CE,1254403,27152
2022-06-22,DF,783700,11733
2022-06-22,ES,1088034,14456
2022-06-22,GO,1453512,26764
2022-06-22,MA,441626,10891
2022-06-22,MG,3548188,61916
2022-06-22,MS,546632,10610
2022-06-22,MT,746261,14684
2022-06-22,PA,779289,18442
2022-06-22,PB,611530,10239
2022-06-22,PE,958488,21826
2022-06-22,PI,370139,7755
2022-06-22,PR,2596508,43574
2022-06-22,RJ,2300360,74020
2022-06-22,RN,518091,8238
2022-06-22,RO,410291,7232
2022-06-22,RR,156894,2152
2022-06-22,RS,2518367,39858
2022-06-22,SC,1777892,21956
2022-06-22,SE,328561,6354
2022-06-22,SP,5655840,170250
2022-06-22,TO,311721,4158
2022-06-23,AC,125428,2002
2022-06-23,AL,302247,6943
2022-06-23,AM,583697,14177
2022-06-23,AP,160633,2140
2022-06-23,BA,1564900,30010
2022-06-23,CE,1255319,27157
2022-06-23,DF,787650,11739
2022-06-23,ES,1092543,14461
2022-06-23,GO,1462920,26801
2022-06-23,MA,441756,10892
2022-06-23,MG,3558290,61916
2022-06-23,MS,546632,10610
2022-06-23,MT,748098,14687
2022-06-23,PA,779670,18445
2022-06-23,PB,613819,10241
2022-06-23,PE,963248,21832
2022-06-23,PI,370470,7758
2022-06-23,PR,2600634,43596
2022-06-23,RJ,2308917,74037
2022-06-23,RN,519283,8238
2022-06-23,RO,411054,7233
2022-06-23,RR,157208,2152
2022-06-23,RS,2522980,39928
2022-06-23,SC,1779994,21960
2022-06-23,SE,328744,6355
2022-06-23,SP,5664927,170427
2022-06-23,TO,311721,4158
2022-06-24,AC,125500,2002
2022-06-24,AL,302597,6943
2022-06-24,AM,583847,14177
2022-06-24,AP,160740,2140
2022-06-24,BA,1566215,30011
2022-06-24,CE,1256281,27163
2022-06-24,DF,791582,11746
2022-06-24,ES,1096655,14463
2022-06-24,GO,1470081,26818
2022-06-24,MA,442014,10894
2022-06-24,MG,3572319,62015
2022-06-24,MS,547651,10610
2022-06-24,MT,749924,14690
2022-06-24,PA,780145,18449
2022-06-24,PB,614623,10242
2022-06-24,PE,965289,21836
2022-06-24,PI,370914,7759
2022-06-24,PR,2604530,43633
2022-06-24,RJ,2316183,74053
2022-06-24,RN,520672,8241
2022-06-24,RO,411960,7235
2022-06-24,RR,157465,2152
2022-06-24,RS,2527588,39947
2022-06-24,SC,1782391,21969
2022-06-24,SE,328955,6355
2022-06-24,SP,5665324,170528
2022-06-24,TO,311721,4158
2022-06-25,AC,125501,2002
2022-06-25,AL,302898,6944
2022-06-25,AM,583990,14177
2022-06-25,AP,160774,2140
2022-06-25,BA,1566377,30011
2022-06-25,CE,1257497,27164
2022-06-25,DF,791582,11746
2022-06-25,ES,1099503,14466
2022-06-25,GO,1472197,26823
2022-06-25,MA,442014,10894
2022-06-25,MG,3572319,62015
2022-06-25,MS,548109,10610
2022-06-25,MT,749924,14690
2022-06-25,PA,780414,18451
2022-06-25,PB,615189,10244
2022-06-25,PE,966157,21841
2022-06-25,PI,371144,7760
2022-06-25,PR,2608725,43651
2022-06-25,RJ,2316183,74053
2022-06-25,RN,521698,8241
2022-06-25,RO,412403,7235
2022-06-25,RR,157465,2152
2022-06-25,RS,2531913,39966
2022-06-25,SC,1784888,21980
2022-06-25,SE,329139,6355
2022-06-25,SP,5682235,170600
2022-06-25,TO,311721,4158
2022-06-26,AC,125583,2002
2022-06-26,AL,303585,6945
2022-06-26,AM,584057,14177
2022-06-26,AP,160813,2140
2022-06-26,BA,1567054,30013
2022-06-26,CE,1260898,27164
2022-06-26,DF,791582,11746
2022-06-26,ES,1099969,14466
2022-06-26,GO,1474360,26824
2022-06-26,MA,442014,10894
2022-06-26,MG,3572319,62015
2022-06-26,MS,548296,10610
2022-06-26,MT,749924,14690
2022-06-26,PA,780589,18453
2022-06-26,PB,615414,10245
2022-06-26,PE,966702,21845
2022-06-26,PI,371190,7760
2022-06-26,PR,2611034,43654
2022-06-26,RJ,2316183,74053
2022-06-26,RN,522137,8246
2022-06-26,RO,412512,7235
2022-06-26,RR,157465,2152
2022-06-26,RS,2533166,39968
2022-06-26,SC,1785366,21987
2022-06-26,SE,329291,6356
2022-06-26,SP,5685414,170607
2022-06-26,TO,311721,4158
2022-06-27,AC,125592,2002
2022-06-27,AL,303735,6948
2022-06-27,AM,584145,14178
2022-06-27,AP,160832,2140
2022-06-27,BA,1567421,30019
2022-06-27,CE,1260898,27164
2022-06-27,DF,797318,11749
2022-06-27,ES,1099969,14466
2022-06-27,GO,1477300,26824
2022-06-27,MA,442343,10894
2022-06-27,MG,3589431,62064
2022-06-27,MS,548358,10610
2022-06-27,MT,752971,14699
2022-06-27,PA,780779,18455
2022-06-27,PB,615516,10247
2022-06-27,PE,967075,21849
2022-06-27,PI,371210,7760
2022-06-27,PR,2612655,43655
2022-06-27,RJ,2325377,74076
2022-06-27,RN,522291,8251
2022-06-27,RO,412963,7238
2022-06-27,RR,158033,2152
2022-06-27,RS,2534005,39968
2022-06-27,SC,1785960,21996
2022-06-27,SE,329405,6356
2022-06-27,SP,5687485,170614
2022-06-27,TO,317249,4158
2022-06-28,AC,125759,2002
2022-06-28,AL,304198,6952
2022-06-28,AM,584434,14178
2022-06-28,AP,160933,2140
2022-06-28,BA,1570045,30024
2022-06-28,CE,1262880,27175
2022-06-28,DF,800089,11752
2022-06-28,ES,1109640,14478
2022-06-28,GO,1486260,26847
2022-06-28,MA,442799,10895
2022-06-28,MG,3598640,62064
2022-06-28,MS,548757,10626
2022-06-28,MT,755245,14702
2022-06-28,PA,781723,18459
2022-06-28,PB,615764,10247
2022-06-28,PE,969363,21856
2022-06-28,PI,371575,7762
2022-06-28,PR,2616360,43707
2022-06-28,RJ,2333281,74092
2022-06-28,RN,523673,8253
2022-06-28,RO,414104,7242
2022-06-28,RR,158829,2153
2022-06-28,RS,2538598,39974
2022-06-28,SC,1788508,22013
2022-06-28,SE,329686,6357
2022-06-28,SP,5697370,170736
2022-06-28,TO,318441,4162
2022-06-29,AC,125768,2004
2022-06-29,AL,304758,6952
2022-06-29,AM,584656,14178
2022-06-29,AP,161043,2140
2022-06-29,BA,1572789,30025
2022-06-29,CE,1264665,27180
2022-06-29,DF,802624,11754
2022-06-29,ES,1114415,14484
2022-06-29,GO,1495309,26861
2022-06-29,MA,443071,10895
2022-06-29,MG,3610251,62110
2022-06-29,MS,549361,10626
2022-06-29,MT,757477,14705
2022-06-29,PA,782281,18460
2022-06-29,PB,617197,10252
2022-06-29,PE,972784,21861
2022-06-29,PI,372218,7762
2022-06-29,PR,2619479,43748
2022-06-29,RJ,2341235,74107
2022-06-29,RN,525337,8257
2022-06-29,RO,415495,7243
2022-06-29,RR,158829,2153
2022-06-29,RS,2542983,40005
2022-06-29,SC,1791349,22024
2022-06-29,SE,330074,6358
2022-06-29,SP,5707821,170817
2022-06-29,TO,319610,4164
2022-06-30,AC,126195,2004
2022-06-30,AL,305248,6953
2022-06-30,AM,585103,14178
2022-06-30,AP,161172,2140
2022-06-30,BA,1576509,30031
2022-06-30,CE,1266399,27186
2022-06-30,DF,805736,11759
2022-06-30,ES,1119472,14495
2022-06-30,GO,1501978,26882
2022-06-30,MA,443241,10896
2022-06-30,MG,3621242,62149
2022-06-30,MS,549847,10626
2022-06-30,MT,759541,14710
2022-06-30,PA,782892,18463
2022-06-30,PB,618602,10254
2022-06-30,PE,976385,21867
2022-06-30,PI,372612,7764
2022-06-30,PR,2623126,43774
2022-06-30,RJ,2348485,74134
2022-06-30,RN,526479,8267
2022-06-30,RO,417108,7246
2022-06-30,RR,159648,2153
2022-06-30,RS,2547247,40027
2022-06-30,SC,1794189,22029
2022-06-30,SE,330327,6358
2022-06-30,SP,5718492,170907
2022-06-30,TO,320743,4164
2022-07-01,AC,126495,2004
2022-07-01,AL,305805,6956
2022-07-01,AM,585548,14178
2022-07-01,AP,161371,2140
2022-07-01,BA,1580807,30040
2022-07-01,CE,1267955,27200
2022-07-01,DF,807705,11766
2022-07-01,ES,1124932,14501
2022-07-01,GO,1508809,26921
2022-07-01,MA,443513,10896
2022-07-01,MG,3633464,62170
2022-07-01,MS,550694,10626
2022-07-01,MT,761995,14715
2022-07-01,PA,783362,18466
2022-07-01,PB,620577,10256
2022-07-01,PE,979346,21870
2022-07-01,PI,373088,7764
2022-07-01,PR,2628090,43803
2022-07-01,RJ,2355371,74157
2022-07-01,RN,527789,8269
2022-07-01,RO,418147,7247
2022-07-01,RR,160977,2153
2022-07-01,RS,2550899,40040
2022-07-01,SC,1795400,22041
2022-07-01,SE,330643,6359
2022-07-01,SP,5729407,170994
2022-07-01,TO,321874,4168
2022-07-02,AC,126904,2004
2022-07-02,AL,306334,6958
2022-07-02,AM,586051,14178
2022-07-02,AP,161611,2140
2022-07-02,BA,1584287,30045
2022-07-02,CE,1269537,27212
2022-07-02,DF,807705,11766
2022-07-02,ES,1128376,14505
2022-07-02,GO,1511645,26935
2022-07-02,MA,443513,10896
2022-07-02,MG,3633464,62170
2022-07-02,MS,551310,10626
2022-07-02,MT,761995,14715
2022-07-02,PA,783714,18468
2022-07-02,PB,621341,10262
2022-07-02,PE,982322,21876
2022-07-02,PI,373495,7767
2022-07-02,PR,2631251,43818
2022-07-02,RJ,2355371,74157
2022-07-02,RN,528467,8272
2022-07-02,RO,418610,7249
2022-07-02,RR,160977,2153
2022-07-02,RS,2555061,40057
2022-07-02,SC,1797487,22046
2022-07-02,SE,330900,6360
2022-07-02,SP,5738245,171055
2022-07-02,TO,321874,4168
2022-07-03,AC,127066,2004
2022-07-03,AL,307198,6960
2022-07-03,AM,586360,14178
2022-07-03,AP,161739,2140
2022-07-03,BA,1585183,30046
2022-07-03,CE,1270401,27216
2022-07-03,DF,807705,11766
2022-07-03,ES,1129653,14507
2022-07-03,GO,1514208,26935
2022-07-03,MA,443513,10896
2022-07-03,MG,3633464,62170
2022-07-03,MS,552247,10626
2022-07-03,MT,761995,14715
2022-07-03,PA,783858,18470
2022-07-03,PB,622828,10266
2022-07-03,PE,983266,21880
2022-07-03,PI,373555,7769
2022-07-03,PR,2632690,43822
2022-07-03,RJ,2355371,74157
2022-07-03,RN,528764,8274
2022-07-03,RO,419461,7250
2022-07-03,RR,160977,2153
2022-07-03,RS,2555963,40070
2022-07-03,SC,1797957,22048
2022-07-03,SE,331203,6360
2022-07-03,SP,5741923,171065
2022-07-03,TO,321874,4168
2022-07-04,AC,127175,2005
2022-07-04,AL,307744,6962
2022-07-04,AM,586475,14178
2022-07-04,AP,161879,2141
2022-07-04,BA,1586288,30047
2022-07-04,CE,1270625,27216
2022-07-04,DF,810769,11771
2022-07-04,ES,1132869,14515
2022-07-04,GO,1517049,26935
2022-07-04,MA,443688,10898
2022-07-04,MG,3650624,62197
2022-07-04,MS,552247,10626
2022-07-04,MT,765069,14732
2022-07-04,PA,784031,18471
2022-07-04,PB,623172,10268
2022-07-04,PE,983846,21886
2022-07-04,PI,373563,7771
2022-07-04,PR,2633895,43824
2022-07-04,RJ,2360412,74183
2022-07-04,RN,529031,8275
2022-07-04,RO,420323,7251
2022-07-04,RR,161991,2153
2022-07-04,RS,2556808,40071
2022-07-04,SC,1798347,22057
2022-07-04,SE,331286,6360
2022-07-04,SP,5743583,171072
2022-07-04,TO,323134,4168
2022-07-05,AC,127705,2005
2022-07-05,AL,308187,6966
2022-07-05,AM,587311,14179
2022-07-05,AP,162327,2141
2022-07-05,BA,1591269,30049
2022-07-05,CE,1272422,27227
2022-07-05,DF,812403,11777
2022-07-05,ES,1138239,14526
2022-07-05,GO,1522906,26954
2022-07-05,MA,444052,10899
2022-07-05,MG,3660475,62235
2022-07-05,MS,553206,10645
2022-07-05,MT,768061,14740
2022-07-05,PA,784552,18473
2022-07-05,PB,623393,10269
2022-07-05,PE,986757,21892
2022-07-05,PI,374142,7776
2022-07-05,PR,2637160,43863
2022-07-05,RJ,2369051,74231
2022-07-05,RN,530632,8278
2022-07-05,RO,421029,7251
2022-07-05,RR,163221,2153
2022-07-05,RS,2561171,40100
2022-07-05,SC,1800612,22063
2022-07-05,SE,331729,6361
2022-07-05,SP,5754078,171208
2022-07-05,TO,324424,4168
2022-07-06,AC,128166,2005
2022-07-06,AL,308753,6972
2022-07-06,AM,588047,14179
2022-07-06,AP,162759,2141
2022-07-06,BA,1596049,30066
2022-07-06,CE,1274084,27246
2022-07-06,DF,813877,11781
2022-07-06,ES,1143444,14534
2022-07-06,GO,1531521,26990
2022-07-06,MA,444534,10900
2022-07-06,MG,3671107,62287
2022-07-06,MS,553547,10645
2022-07-06,MT,770727,14744
2022-07-06,PA,785328,18475
2022-07-06,PB,625153,10274
2022-07-06,PE,990423,21898
2022-07-06,PI,374780,7783
2022-07-06,PR,2639765,43898
2022-07-06,RJ,2375245,74246
2022-07-06,RN,531762,8279
2022-07-06,RO,422780,7253
2022-07-06,RR,164092,2153
2022-07-06,RS,2565686,40131
2022-07-06,SC,1802739,22073
2022-07-06,SE,332454,6363
2022-07-06,SP,5765003,171306
2022-07-06,TO,325855,4168
2022-07-07,AC,128727,2005
2022-07-07,AL,309465,6975
2022-07-07,AM,588939,14180
2022-07-07,AP,163250,2141
2022-07-07,BA,1600998,30070
2022-07-07,CE,1275860,27271
2022-07-07,DF,815412,11786
2022-07-07,ES,1147999,14546
2022-07-07,GO,1534851,26994
2022-07-07,MA,445140,10902
2022-07-07,MG,3684770,62324
2022-07-07,MS,553894,10645
2022-07-07,MT,773396,14750
2022-07-07,PA,786133,18476
2022-07-07,PB,626759,10279
2022-07-07,PE,993656,21903
2022-07-07,PI,375358,7784
2022-07-07,PR,2643146,43933
2022-07-07,RJ,2380827,74265
2022-07-07,RN,533018,8280
2022-07-07,RO,424749,7255
2022-07-07,RR,164962,2153
2022-07-07,RS,2567911,40149
2022-07-07,SC,1805196,22079
2022-07-07,SE,332978,6364
2022-07-07,SP,5775223,171395
2022-07-07,TO,327113,4169
2022-07-08,AC,129755,2005
2022-07-08,AL,310438,6980
2022-07-08,AM,589688,14182
2022-07-08,AP,163850,2141
2022-07-08,BA,1606208,30072
2022-07-08,CE,1277765,27293
2022-07-08,DF,816855,11790
2022-07-08,ES,1152726,14553
2022-07-08,GO,1540562,27000
2022-07-08,MA,445807,10906
2022-07-08,MG,3691414,62347
2022-07-08,MS,554357,10645
2022-07-08,MT,776198,14754
2022-07-08,PA,786922,18477
2022-07-08,PB,628162,10280
2022-07-08,PE,996471,21909
2022-07-08,PI,376101,7786
2022-07-08,PR,2646408,43976
2022-07-08,RJ,2386475,74288
2022-07-08,RN,534459,8283
2022-07-08,RO,426477,7257
2022-07-08,RR,165739,2153
2022-07-08,RS,2574219,40165
2022-07-08,SC,1807320,22084
2022-07-08,SE,333606,6366
2022-07-08,SP,5784777,171478
2022-07-08,TO,328085,4169
2022-07-09,AC,129904,2006
2022-07-09,AL,311464,6983
2022-07-09,AM,590322,14183
2022-07-09,AP,164422,2141
2022-07-09,BA,1610340,30077
2022-07-09,CE,1279524,27300
2022-07-09,DF,816855,11790
2022-07-09,ES,1155883,14561
2022-07-09,GO,1546844,27009
2022-07-09,MA,445807,10906
2022-07-09,MG,3691414,62347
2022-07-09,MS,554857,10645
2022-07-09,MT,776198,14754
2022-07-09,PA,787551,18478
2022-07-09,PB,629303,10283
2022-07-09,PE,999061,21915
2022-07-09,PI,376786,7789
2022-07-09,PR,2649452,44030
2022-07-09,RJ,2386475,74288
2022-07-09,RN,535251,8284
2022-07-09,RO,427228,7258
2022-07-09,RR,165739,2153
2022-07-09,RS,2578500,40184
2022-07-09,SC,1809222,22091
2022-07-09,SE,334013,6368
2022-07-09,SP,5794001,171562
2022-07-09,TO,328085,4169
2022-07-10,AC,130127,2007
2022-07-10,AL,312245,6987
2022-07-10,AM,590641,14183
2022-07-10,AP,164845,2141
2022-07-10,BA,1611691,30079
2022-07-10,CE,1280300,27300
2022-07-10,DF,816855,11790
2022-07-10,ES,1156878,14568
2022-07-10,GO,1552865,27009
2022-07-10,MA,445807,10906
2022-07-10,MG,3691414,62347
2022-07-10,MS,555771,10645
2022-07-10,MT,776198,14754
2022-07-10,PA,787729,18480
2022-07-10,PB,630391,10284
2022-07-10,PE,1000241,21921
2022-07-10,PI,376892,7793
2022-07-10,PR,2650749,44033
2022-07-10,RJ,2386475,74288
2022-07-10,RN,535400,8287
2022-07-10,RO,427458,7259
2022-07-10,RR,165739,2153
2022-07-10,RS,2579707,40193
2022-07-10,SC,1809745,22095
2022-07-10,SE,334591,6370
2022-07-10,SP,5797625,171569
2022-07-10,TO,328085,4169
2022-07-11,AC,130395,2007
2022-07-11,AL,312463,6994
2022-07-11,AM,590947,14187
2022-07-11,AP,165490,2145
2022-07-11,BA,1612179,30090
2022-07-11,CE,1280408,27301
2022-07-11,DF,818791,11793
2022-07-11,ES,1159823,14572
2022-07-11,GO,1554095,27013
2022-07-11,MA,447353,10907
2022-07-11,MG,3708034,62380
2022-07-11,MS,555863,10645
2022-07-11,MT,780300,14769
2022-07-11,PA,787809,18482
2022-07-11,PB,630695,10288
2022-07-11,PE,1000461,21926
2022-07-11,PI,376901,7793
2022-07-11,PR,2651616,44033
2022-07-11,RJ,2393318,74314
2022-07-11,RN,535619,8289
2022-07-11,RO,428063,7262
2022-07-11,RR,166494,2154
2022-07-11,RS,2580458,40194
2022-07-11,SC,1810167,22107
2022-07-11,SE,334893,6372
2022-07-11,SP,5798700,171571
2022-07-11,TO,329172,4170
2022-07-12,AC,131269,2007
2022-07-12,AL,312933,6997
2022-07-12,AM,591893,14188
2022-07-12,AP,166597,2145
2022-07-12,BA,1616782,30098
2022-07-12,CE,1281940,27309
2022-07-12,DF,820584,11797
2022-07-12,ES,1164470,14577
2022-07-12,GO,1560170,27026
2022-07-12,MA,448582,10908
2022-07-12,MG,3715906,62415
2022-07-12,MS,556240,10663
2022-07-12,MT,781810,14769
2022-07-12,PA,788901,18483
2022-07-12,PB,630790,10295
2022-07-12,PE,1002825,21933
2022-07-12,PI,377482,7800
2022-07-12,PR,2654418,44073
2022-07-12,RJ,2395359,74337
2022-07-12,RN,536965,8295
2022-07-12,RO,429208,7264
2022-07-12,RR,167401,2154
2022-07-12,RS,2585328,40209
2022-07-12,SC,1812370,22120
2022-07-12,SE,335387,6374
2022-07-12,SP,5808459,171695
2022-07-12,TO,330486,4171
2022-07-13,AC,132179,2008
2022-07-13,AL,313447,7000
2022-07-13,AM,592906,14191
2022-07-13,AP,167600,2148
2022-07-13,BA,1621424,30111
2022-07-13,CE,1283560,27328
2022-07-13,DF,821763,11799
2022-07-13,ES,1168596,14579
2022-07-13,GO,1565865,27031
2022-07-13,MA,449460,10909
2022-07-13,MG,3725061,62464
2022-07-13,MS,556644,10663
2022-07-13,MT,785534,14780
2022-07-13,PA,790267,18486
2022-07-13,PB,633330,10297
2022-07-13,PE,1005264,21940
2022-07-13,PI,378146,7806
2022-07-13,PR,2656983,44129
2022-07-13,RJ,2403404,74408
2022-07-13,RN,538007,8299
2022-07-13,RO,430449,7266
2022-07-13,RR,167972,2154
2022-07-13,RS,2589893,40235
2022-07-13,SC,1814679,22127
2022-07-13,SE,335764,6376
2022-07-13,SP,5817223,171777
2022-07-13,TO,331359,4171
2022-07-14,AC,132908,2008
2022-07-14,AL,313946,7005
2022-07-14,AM,594134,14191
2022-07-14,AP,168489,2148
2022-07-14,BA,1626031,30139
2022-07-14,CE,1285006,27332
2022-07-14,DF,822798,11802
2022-07-14,ES,1171741,14585
2022-07-14,GO,1571939,27053
2022-07-14,MA,450515,10913
2022-07-14,MG,3733851,62505
2022-07-14,MS,557583,10663
2022-07-14,MT,788262,14790
2022-07-14,PA,791861,18487
2022-07-14,PB,633720,10301
2022-07-14,PE,1007967,21946
2022-07-14,PI,379117,7815
2022-07-14,PR,2660060,44163
2022-07-14,RJ,2407766,74422
2022-07-14,RN,539105,8303
2022-07-14,RO,431806,7268
2022-07-14,RR,168498,2154
2022-07-14,RS,2593648,40250
2022-07-14,SC,1816930,22134
2022-07-14,SE,336362,6379
2022-07-14,SP,5825833,171851
2022-07-14,TO,332282,4172
2022-07-15,AC,133888,2009
2022-07-15,AL,314474,7010
2022-07-15,AM,595152,14194
2022-07-15,AP,169426,2149
2022-07-15,BA,1629847,30160
2022-07-15,CE,1334138,27332
2022-07-15,DF,824297,11803
2022-07-15,ES,1176532,14594
2022-07-15,GO,1576580,27065
2022-07-15,MA,451368,10917
2022-07-15,MG,3743193,62541
2022-07-15,MS,557902,10663
2022-07-15,MT,790641,14795
2022-07-15,PA,793142,18490
2022-07-15,PB,634968,10307
2022-07-15,PE,1010011,21953
2022-07-15,PI,379879,7818
2022-07-15,PR,2662798,44176
2022-07-15,RJ,2411840,74461
2022-07-15,RN,539920,8305
2022-07-15,RO,432931,7273
2022-07-15,RR,169038,2154
2022-07-15,RS,2595632,40264
2022-07-15,SC,1819059,22144
2022-07-15,SE,336799,6382
2022-07-15,SP,5833620,171959
2022-07-15,TO,333042,4172
2022-07-16,AC,134866,2009
2022-07-16,AL,314730,7013
2022-07-16,AM,596049,14195
2022-07-16,AP,170179,2149
2022-07-16,BA,1633038,30178
2022-07-16,CE,1338311,27339
2022-07-16,DF,824297,11803
2022-07-16,ES,1178830,14598
2022-07-16,GO,1578572,27067
2022-07-16,MA,451368,10917
2022-07-16,MG,3743193,62541
2022-07-16,MS,558149,10663
2022-07-16,MT,790641,14795
2022-07-16,PA,794401,18491
2022-07-16,PB,636199,10308
2022-07-16,PE,1012127,21960
2022-07-16,PI,380394,7826
2022-07-16,PR,2665907,44216
2022-07-16,RJ,2411840,74461
2022-07-16,RN,540740,8306
2022-07-16,RO,433476,7273
2022-07-16,RR,169038,2154
2022-07-16,RS,2601241,40286
2022-07-16,SC,1821434,22144
2022-07-16,SE,337201,6384
2022-07-16,SP,5841003,172047
2022-07-16,TO,333042,4172
2022-07-17,AC,134866,2009
2022-07-17,AL,315288,7016
2022-07-17,AM,596365,14196
2022-07-17,AP,170497,2149
2022-07-17,BA,1633447,30185
2022-07-17,CE,1338834,27341
2022-07-17,DF,824297,11803
2022-07-17,ES,1180270,14604
2022-07-17,GO,1578572,27068
2022-07-17,MA,451368,10917
2022-07-17,MG,3743193,62541
2022-07-17,MS,559092,10663
2022-07-17,MT,790641,14795
2022-07-17,PA,794543,18493
2022-07-17,PB,637096,10309
2022-07-17,PE,1012609,21965
2022-07-17,PI,380468,7828
2022-07-17,PR,2666774,44219
2022-07-17,RJ,2411840,74461
2022-07-17,RN,540891,8310
2022-07-17,RO,433789,7273
2022-07-17,RR,169038,2154
2022-07-17,RS,2602241,40291
2022-07-17,SC,1821803,22144
2022-07-17,SE,337684,6387
2022-07-17,SP,5842570,172057
2022-07-17,TO,333042,4172
2022-07-18,AC,135390,2009
2022-07-18,AL,315393,7021
2022-07-18,AM,596644,14199
2022-07-18,AP,171171,2149
2022-07-18,BA,1633702,30197
2022-07-18,CE,1339081,27342
2022-07-18,DF,825222,11806
2022-07-18,ES,1181483,14605
2022-07-18,GO,1583685,27071
2022-07-18,MA,452549,10918
2022-07-18,MG,3757014,62567
2022-07-18,MS,559403,10663
2022-07-18,MT,793883,14817
2022-07-18,PA,794688,18495
2022-07-18,PB,637277,10317
2022-07-18,PE,1012972,21970
2022-07-18,PI,380536,7831
2022-07-18,PR,2667848,44220
2022-07-18,RJ,2416488,74489
2022-07-18,RN,540988,8320
2022-07-18,RO,434713,7276
2022-07-18,RR,169512,2154
2022-07-18,RS,2602933,40293
2022-07-18,SC,1822123,22150
2022-07-18,SE,337959,6389
2022-07-18,SP,5843458,172074
2022-07-18,TO,333700,4176
2022-07-19,AC,136628,2009
2022-07-19,AL,315701,7029
2022-07-19,AM,597920,14199
2022-07-19,AP,172041,2149
2022-07-19,BA,1637088,30210
2022-07-19,CE,1341996,27345
2022-07-19,DF,825960,11809
2022-07-19,ES,1185028,14617
2022-07-19,GO,1585532,27089
2022-07-19,MA,453801,10919
2022-07-19,MG,3764256,62606
2022-07-19,MS,559725,10681
2022-07-19,MT,796461,14821
2022-07-19,PA,796170,18499
2022-07-19,PB,637372,10319
2022-07-19,PE,1014752,21978
2022-07-19,PI,381259,7838
2022-07-19,PR,2670311,44247
2022-07-19,RJ,2420477,74518
2022-07-19,RN,541829,8325
2022-07-19,RO,436546,7278
2022-07-19,RR,170039,2155
2022-07-19,RS,2607130,40318
2022-07-19,SC,1824052,22160
2022-07-19,SE,338392,6392
2022-07-19,SP,5852960,172185
2022-07-19,TO,334388,4176
2022-07-20,AC,137490,2010
2022-07-20,AL,315974,7034
2022-07-20,AM,598967,14202
2022-07-20,AP,172766,2149
2022-07-20,BA,1640718,30225
2022-07-20,CE,1344786,27359
2022-07-20,DF,826655,11811
2022-07-20,ES,1188301,14625
2022-07-20,GO,1587584,27095
2022-07-20,MA,454626,10921
2022-07-20,MG,3772308,62652
2022-07-20,MS,560732,10681
2022-07-20,MT,798535,14826
2022-07-20,PA,797701,18500
2022-07-20,PB,638525,10325
2022-07-20,PE,1016887,21984
2022-07-20,PI,381975,7843
2022-07-20,PR,2672737,44300
2022-07-20,RJ,2424146,74554
2022-07-20,RN,542643,8326
2022-07-20,RO,437550,7280
2022-07-20,RR,170407,2158
2022-07-20,RS,2611177,40333
2022-07-20,SC,1825894,22172
2022-07-20,SE,338831,6395
2022-07-20,SP,5861263,172277
2022-07-20,TO,335116,4180
2022-07-21,AC,138275,2010
2022-07-21,AL,316116,7038
2022-07-21,AM,600048,14205
2022-07-21,AP,173413,2149
2022-07-21,BA,1643601,30233
2022-07-21,CE,1347702,27373
2022-07-21,DF,827166,11813
2022-07-21,ES,1189826,14627
2022-07-21,GO,1592088,27119
2022-07-21,MA,455318,10925
2022-07-21,MG,3780441,62687
2022-07-21,MS,561007,10681
2022-07-21,MT,800695,14828
2022-07-21,PA,799878,18502
2022-07-21,PB,639682,10329
2022-07-21,PE,1019012,21992
2022-07-21,PI,382579,7845
2022-07-21,PR,2675656,44324
2022-07-21,RJ,2427181,74586
2022-07-21,RN,542643,8326
2022-07-21,RO,437550,7280
2022-07-21,RR,170758,2158
2022-07-21,RS,2614684,40338
2022-07-21,SC,1827696,22176
2022-07-21,SE,339048,6396
2022-07-21,SP,5867871,172364
2022-07-21,TO,335793,4182
2022-07-22,AC,139173,2010
2022-07-22,AL,316568,7043
2022-07-22,AM,601034,14206
2022-07-22,AP,173935,2149
2022-07-22,BA,1646766,30248
2022-07-22,CE,1350130,27374
2022-07-22,DF,827865,11814
2022-07-22,ES,1192539,14645
2022-07-22,GO,1593203,27124
2022-07-22,MA,456035,10929
2022-07-22,MG,3785949,62721
2022-07-22,MS,561779,10681
2022-07-22,MT,802803,14834
2022-07-22,PA,801606,18505
2022-07-22,PB,640596,10333
2022-07-22,PE,1020755,21997
2022-07-22,PI,383112,7849
2022-07-22,PR,2678147,44355
2022-07-22,RJ,2430293,74596
2022-07-22,RN,544014,8332
2022-07-22,RO,439696,7284
2022-07-22,RR,171162,2158
2022-07-22,RS,2618655,40357
2022-07-22,SC,1829188,22182
2022-07-22,SE,339336,6399
2022-07-22,SP,5874616,172459
2022-07-22,TO,336571,4182
2022-07-23,AC,139173,2010
2022-07-23,AL,316847,7048
2022-07-23,AM,601757,14209
2022-07-23,AP,174359,2149
2022-07-23,BA,1648557,30266
2022-07-23,CE,1351919,27374
2022-07-23,DF,827865,11814
2022-07-23,ES,1193886,14649
2022-07-23,GO,1594371,27128
2022-07-23,MA,456035,10929
2022-07-23,MG,3785949,62721
2022-07-23,MS,562008,10681
2022-07-23,MT,802803,14834
2022-07-23,PA,802892,18511
2022-07-23,PB,641440,10335
2022-07-23,PE,1022090,22004
2022-07-23,PI,383617,7851
2022-07-23,PR,2680215,44370
2022-07-23,RJ,2430293,74596
2022-07-23,RN,544014,8332
2022-07-23,RO,440224,7286
2022-07-23,RR,171162,2158
2022-07-23,RS,2622443,40368
2022-07-23,SC,1830714,22184
2022-07-23,SE,339596,6402
2022-07-23,SP,5880733,172536
2022-07-23,TO,336571,4182
2022-07-24,AC,140043,2010
2022-07-24,AL,316904,7050
2022-07-24,AM,601964,14209
2022-07-24,AP,174514,2149
2022-07-24,BA,1649355,30273
2022-07-24,CE,1352377,27374
2022-07-24,DF,827865,11814
2022-07-24,ES,1194221,14651
2022-07-24,GO,1594455,27128
2022-07-24,MA,456035,10929
2022-07-24,MG,3785949,62721
2022-07-24,MS,562085,10681
2022-07-24,MT,802803,14834
2022-07-24,PA,803202,18512
2022-07-24,PB,642266,10339
2022-07-24,PE,1022582,22007
2022-07-24,PI,383672,7853
2022-07-24,PR,2681534,44370
2022-07-24,RJ,2430293,74596
2022-07-24,RN,544014,8332
2022-07-24,RO,440310,7287
2022-07-24,RR,171162,2158
2022-07-24,RS,2623532,40372
2022-07-24,SC,1831006,22185
2022-07-24,SE,339683,6404
2022-07-24,SP,5882959,172544
2022-07-24,TO,336571,4182
2022-07-25,AC,140424,2010
2022-07-25,AL,316939,7054
2022-07-25,AM,602283,14212
2022-07-25,AP,174912,2149
2022-07-25,BA,1649633,30282
2022-07-25,CE,1352597,27374
2022-07-25,DF,828581,11816
2022-07-25,ES,1195619,14666
2022-07-25,GO,1595135,27132
2022-07-25,MA,456838,10930
2022-07-25,MG,3798998,62755
2022-07-25,MS,562132,10681
2022-07-25,MT,805906,14845
2022-07-25,PA,803587,18515
2022-07-25,PB,642408,10342
2022-07-25,PE,1022722,22012
2022-07-25,PI,383777,7856
2022-07-25,PR,2682457,44370
2022-07-25,RJ,2434132,74654
2022-07-25,RN,544618,8337
2022-07-25,RO,440996,7291
2022-07-25,RR,171360,2158
2022-07-25,RS,2624124,40373
2022-07-25,SC,1831364,22186
2022-07-25,SE,339776,6406
2022-07-25,SP,5883611,172555
2022-07-25,TO,337036,4182
2022-07-26,AC,141151,2010
2022-07-26,AL,317083,7055
2022-07-26,AM,603079,14215
2022-07-26,AP,175292,2149
2022-07-26,BA,1651794,30301
2022-07-26,CE,1354988,27386
2022-07-26,DF,829079,11817
2022-07-26,ES,1197460,14676
2022-07-26,GO,1597110,27143
2022-07-26,MA,458027,10931
2022-07-26,MG,3801835,62793
2022-07-26,MS,562332,10707
2022-07-26,MT,807495,14851
2022-07-26,PA,805267,18521
2022-07-26,PB,642454,10345
2022-07-26,PE,1023771,22017
2022-07-26,PI,384199,7864
2022-07-26,PR,2684241,44398
2022-07-26,RJ,2436997,74693
2022-07-26,RN,545054,8342
2022-07-26,RO,441730,7292
2022-07-26,RR,171871,2158
2022-07-26,RS,2626051,40389
2022-07-26,SC,1833053,22196
2022-07-26,SE,340153,6408
2022-07-26,SP,5890763,172654
2022-07-26,TO,337550,4183
2022-07-27,AC,141924,2017
2022-07-27,AL,317434,7060
2022-07-27,AM,603716,14217
2022-07-27,AP,175682,2149
2022-07-27,BA,1654237,30326
2022-07-27,CE,1354988,27386
2022-07-27,DF,829549,11817
2022-07-27,ES,1199301,14680
2022-07-27,GO,1601178,27162
2022-07-27,MA,458942,10933
2022-07-27,MG,3805704,62838
2022-07-27,MS,563200,10707
2022-07-27,MT,809012,14854
2022-07-27,PA,806900,18527
2022-07-27,PB,643329,10349
2022-07-27,PE,1025052,22025
2022-07-27,PI,384687,7870
2022-07-27,PR,2686169,44411
2022-07-27,RJ,2440083,74742
2022-07-27,RN,545523,8347
2022-07-27,RO,442378,7293
2022-07-27,RR,172080,2158
2022-07-27,RS,2632447,40412
2022-07-27,SC,1834665,22203
2022-07-27,SE,340406,6410
2022-07-27,SP,5897859,172727
2022-07-27,TO,337948,4184
2022-07-28,AC,142751,2018
2022-07-28,AL,317538,7064
2022-07-28,AM,604468,14220
2022-07-28,AP,175956,2149
2022-07-28,BA,1656734,30336
2022-07-28,CE,1358854,27409
2022-07-28,DF,830084,11818
2022-07-28,ES,1200787,14683
2022-07-28,GO,1605642,27170
2022-07-28,MA,459652,10937
2022-07-28,MG,3809396,62866
2022-07-28,MS,563702,10707
2022-07-28,MT,810426,14859
2022-07-28,PA,806900,18527
2022-07-28,PB,644168,10349
2022-07-28,PE,1026901,22030
2022-07-28,PI,385385,7874
2022-07-28,PR,2688617,44414
2022-07-28,RJ,2442491,74758
2022-07-28,RN,546065,8380
2022-07-28,RO,443074,7295
2022-07-28,RR,172358,2158
2022-07-28,RS,2636801,40427
2022-07-28,SC,1836266,22210
2022-07-28,SE,340593,6411
2022-07-28,SP,5904845,172816
2022-07-28,TO,338531,4184
2022-07-29,AC,143181,2018
2022-07-29,AL,317703,7068
2022-07-29,AM,605151,14223
2022-07-29,AP,176224,2149
2022-07-29,BA,1658889,30349
2022-07-29,CE,1360208,27415
2022-07-29,DF,830565,11819
2022-07-29,ES,1202265,14694
2022-07-29,GO,1609177,27181
2022-07-29,MA,460025,10939
2022-07-29,MG,3814127,62902
2022-07-29,MS,564192,10707
2022-07-29,MT,811571,14863
2022-07-29,PA,809892,18537
2022-07-29,PB,644904,10352
2022-07-29,PE,1028058,22037
2022-07-29,PI,386237,7877
2022-07-29,PR,2690893,44438
2022-07-29,RJ,2445094,74766
2022-07-29,RN,546402,8380
2022-07-29,RO,443613,7299
2022-07-29,RR,172615,2158
2022-07-29,RS,2640779,40444
2022-07-29,SC,1837652,22215
2022-07-29,SE,340814,6412
2022-07-29,SP,5911552,172887
2022-07-29,TO,338915,4184
2022-07-30,AC,143181,2018
2022-07-30,AL,317822,7068
2022-07-30,AM,605585,14224
2022-07-30,AP,176379,2149
2022-07-30,BA,1660378,30354
2022-07-30,CE,1360208,27415
2022-07-30,DF,830565,11819
2022-07-30,ES,1203019,14695
2022-07-30,GO,1612702,27185
2022-07-30,MA,460025,10939
2022-07-30,MG,3814127,62902
2022-07-30,MS,564562,10707
2022-07-30,MT,811571,14863
2022-07-30,PA,810869,18542
2022-07-30,PB,645683,10352
2022-07-30,PE,1028988,22042
2022-07-30,PI,386654,7879
2022-07-30,PR,2692520,44505
2022-07-30,RJ,2445094,74766
2022-07-30,RN,546673,8395
2022-07-30,RO,443809,7301
2022-07-30,RR,172615,2158
2022-07-30,RS,2644442,40457
2022-07-30,SC,1838953,22220
2022-07-30,SE,340980,6412
2022-07-30,SP,5917268,172935
2022-07-30,TO,338915,4184
2022-07-31,AC,143185,2018
2022-07-31,AL,317916,7070
2022-07-31,AM,605746,14224
2022-07-31,AP,176482,2149
2022-07-31,BA,1660584,30356
2022-07-31,CE,1360208,27415
2022-07-31,DF,830565,11819
2022-07-31,ES,1203347,14697
2022-07-31,GO,1624865,27185
2022-07-31,MA,460025,10939
2022-07-31,MG,3814127,62902
2022-07-31,MS,564921,10707
2022-07-31,MT,811571,14863
2022-07-31,PA,811086,18543
2022-07-31,PB,646141,10353
2022-07-31,PE,1029192,22046
2022-07-31,PI,388661,7880
2022-07-31,PR,2693011,44503
2022-07-31,RJ,2445094,74766
2022-07-31,RN,546712,8395
2022-07-31,RO,443865,7301
2022-07-31,RR,172615,2158
2022-07-31,RS,2645315,40462
2022-07-31,SC,1839246,22223
2022-07-31,SE,341059,6412
2022-07-31,SP,5919446,172944
2022-07-31,TO,338915,4184
2022-08-01,AC,144169,2018
2022-08-01,AL,317943,7073
2022-08-01,AM,605931,14227
2022-08-01,AP,176626,2151
2022-08-01,BA,1660656,30362
2022-08-01,CE,1361660,27419
2022-08-01,DF,831184,11820
2022-08-01,ES,1204080,14701
2022-08-01,GO,1629390,27189
2022-08-01,MA,460843,10940
2022-08-01,MG,3820835,62958
2022-08-01,MS,565453,10707
2022-08-01,MT,812393,14868
2022-08-01,PA,811374,18545
2022-08-01,PB,646239,10355
2022-08-01,PE,1029291,22049
2022-08-01,PI,386755,7885
2022-08-01,PR,2693304,44504
2022-08-01,RJ,2447828,74840
2022-08-01,RN,546760,8400
2022-08-01,RO,444416,7302
2022-08-01,RR,172824,2158
2022-08-01,RS,2645894,40468
2022-08-01,SC,1839419,22230
2022-08-01,SE,341137,6413
2022-08-01,SP,5920259,172947
2022-08-01,TO,339301,4186
2022-08-02,AC,144730,2018
2022-08-02,AL,318021,7077
2022-08-02,AM,606421,14229
2022-08-02,AP,176767,2153
2022-08-02,BA,1662253,30377
2022-08-02,CE,1362966,27420
2022-08-02,DF,831776,11821
2022-08-02,ES,1205173,14706
2022-08-02,GO,1631836,27200
2022-08-02,MA,461494,10942
2022-08-02,MG,3823197,62995
2022-08-02,MS,566348,10724
2022-08-02,MT,813925,14872
2022-08-02,PA,812659,18548
2022-08-02,PB,646265,10358
2022-08-02,PE,1030284,22053
2022-08-02,PI,387650,7894
2022-08-02,PR,2694860,44525
2022-08-02,RJ,2449947,74867
2022-08-02,RN,547071,8401
2022-08-02,RO,445512,7313
2022-08-02,RR,172904,2158
2022-08-02,RS,2649586,40485
2022-08-02,SC,1840764,22237
2022-08-02,SE,341202,6414
2022-08-02,SP,5927119,173036
2022-08-02,TO,339698,4187
2022-08-03,AC,144730,2018
2022-08-03,AL,318472,7079
2022-08-03,AM,606918,14232
2022-08-03,AP,176916,2153
2022-08-03,BA,1663881,30399
2022-08-03,CE,1364253,27431
2022-08-03,DF,832270,11821
2022-08-03,ES,1205959,14711
2022-08-03,GO,1631836,27200
2022-08-03,MA,462179,10946
2022-08-03,MG,3826799,63037
2022-08-03,MS,567304,10724
2022-08-03,MT,814798,14880
2022-08-03,PA,814078,18551
2022-08-03,PB,646689,10360
2022-08-03,PE,1031355,22057
2022-08-03,PI,388436,7896
2022-08-03,PR,2698329,44548
2022-08-03,RJ,2452275,74892
2022-08-03,RN,547330,8403
2022-08-03,RO,446440,7318
2022-08-03,RR,173067,2158
2022-08-03,RS,2653321,40511
2022-08-03,SC,1842056,22245
2022-08-03,SE,341326,6415
2022-08-03,SP,5933089,173102
2022-08-03,TO,339955,4188
2022-08-04,AC,145474,2019
2022-08-04,AL,318946,7082
2022-08-04,AM,607444,14233
2022-08-04,AP,177022,2153
2022-08-04,BA,1665393,30421
2022-08-04,CE,1365359,27437
2022-08-04,DF,832723,11822
2022-08-04,ES,1206873,14715
2022-08-04,GO,1638357,27211
2022-08-04,MA,462692,10950
2022-08-04,MG,3830541,63087
2022-08-04,MS,567785,10724
2022-08-04,MT,815740,14884
2022-08-04,PA,815366,18554
2022-08-04,PB,647001,10365
2022-08-04,PE,1032588,22063
2022-08-04,PI,388983,7900
2022-08-04,PR,2700941,44570
2022-08-04,RJ,2455125,74924
2022-08-04,RN,547737,8409
2022-08-04,RO,447215,7320
2022-08-04,RR,173286,2158
2022-08-04,RS,2656832,40521
2022-08-04,SC,1844694,22250
2022-08-04,SE,341427,6416
2022-08-04,SP,5938736,173160
2022-08-04,TO,340214,4188
2022-08-05,AC,145486,2021
2022-08-05,AL,319005,7085
2022-08-05,AM,608010,14236
2022-08-05,AP,177160,2153
2022-08-05,BA,1666997,30444
2022-08-05,CE,1365878,27439
2022-08-05,DF,833302,11822
2022-08-05,ES,1207547,14721
2022-08-05,GO,1640403,27211
2022-08-05,MA,463197,10953
2022-08-05,MG,3833888,63104
2022-08-05,MS,568128,10724
2022-08-05,MT,816622,14887
2022-08-05,PA,816549,18561
2022-08-05,PB,647401,10368
2022-08-05,PE,1033788,22070
2022-08-05,PI,389543,7901
2022-08-05,PR,2702645,44595
2022-08-05,RJ,2457643,74945
2022-08-05,RN,547813,8410
2022-08-05,RO,447922,7324
2022-08-05,RR,173401,2158
2022-08-05,RS,2660080,40527
2022-08-05,SC,1845754,22256
2022-08-05,SE,341477,6417
2022-08-05,SP,5944141,173237
2022-08-05,TO,340690,4189
2022-08-06,AC,145487,2021
2022-08-06,AL,319059,7088
2022-08-06,AM,608353,14237
2022-08-06,AP,177228,2153
2022-08-06,BA,1668396,30448
2022-08-06,CE,1367057,27447
2022-08-06,DF,833302,11822
2022-08-06,ES,1207890,14723
2022-08-06,GO,1640403,27211
2022-08-06,MA,463197,10953
2022-08-06,MG,3833888,63104
2022-08-06,MS,568566,10724
2022-08-06,MT,816622,14887
2022-08-06,PA,817372,18565
2022-08-06,PB,647658,10370
2022-08-06,PE,1034699,22075
2022-08-06,PI,390077,7902
2022-08-06,PR,2704187,44644
2022-08-06,RJ,2457643,74945
2022-08-06,RN,548046,8411
2022-08-06,RO,448143,7324
2022-08-06,RR,173401,2158
2022-08-06,RS,2663094,40542
2022-08-06,SC,1846876,22262
2022-08-06,SE,341519,6418
2022-08-06,SP,5948320,173316
2022-08-06,TO,340690,4189
2022-08-07,AC,145488,2021
2022-08-07,AL,319076,7088
2022-08-07,AM,608591,14237
2022-08-07,AP,177285,2153
2022-08-07,BA,1668570,30449
2022-08-07,CE,1367233,27449
2022-08-07,DF,833302,11822
2022-08-07,ES,1208050,14724
2022-08-07,GO,1643044,27228
2022-08-07,MA,463197,10953
2022-08-07,MG,3833888,63104
2022-08-07,MS,568734,10724
2022-08-07,MT,816622,14887
2022-08-07,PA,817817,18569
2022-08-07,PB,647699,10371
2022-08-07,PE,1034970,22079
2022-08-07,PI,390197,7902
2022-08-07,PR,2704589,44645
2022-08-07,RJ,2457643,74945
2022-08-07,RN,548113,8412
2022-08-07,RO,448234,7324
2022-08-07,RR,173401,2158
2022-08-07,RS,2663820,40545
2022-08-07,SC,1847099,22262
2022-08-07,SE,341546,6418
2022-08-07,SP,5949473,173338
2022-08-07,TO,340690,4189
2022-08-08,AC,146233,2021
2022-08-08,AL,319097,7092
2022-08-08,AM,608757,14239
2022-08-08,AP,177335,2153
2022-08-08,BA,1668600,30464
2022-08-08,CE,1367236,27452
2022-08-08,DF,834022,11822
2022-08-08,ES,1208569,14727
2022-08-08,GO,1643962,27231
2022-08-08,MA,463780,10954
2022-08-08,MG,3839966,63137
2022-08-08,MS,568940,10724
2022-08-08,MT,817961,14894
2022-08-08,PA,818377,18570
2022-08-08,PB,647710,10374
2022-08-08,PE,1035221,22084
2022-08-08,PI,390344,7902
2022-08-08,PR,2704810,44645
2022-08-08,RJ,2460396,75013
2022-08-08,RN,548137,8413
2022-08-08,RO,448556,7326
2022-08-08,RR,173498,2161
2022-08-08,RS,2664229,40549
2022-08-08,SC,1847233,22265
2022-08-08,SE,341576,6419
2022-08-08,SP,5950313,173346
2022-08-08,TO,340922,4189
2022-08-09,AC,146570,2021
2022-08-09,AL,319165,7093
2022-08-09,AM,609241,14239
2022-08-09,AP,177442,2153
2022-08-09,BA,1670148,30483
2022-08-09,CE,1368048,27474
2022-08-09,DF,834397,11823
2022-08-09,ES,1209218,14734
2022-08-09,GO,1645904,27246
2022-08-09,MA,464243,10956
2022-08-09,MG,3842061,63167
2022-08-09,MS,569479,10747
2022-08-09,MT,818701,14897
2022-08-09,PA,819373,18573
2022-08-09,PB,647728,10376
2022-08-09,PE,1035996,22091
2022-08-09,PI,390965,7908
2022-08-09,PR,2708972,44685
2022-08-09,RJ,2462761,75089
2022-08-09,RN,548379,8416
2022-08-09,RO,449330,7327
2022-08-09,RR,173610,2161
2022-08-09,RS,2667631,40570
2022-08-09,SC,1848333,22275
2022-08-09,SE,341623,6420
2022-08-09,SP,5955410,173418
2022-08-09,TO,341272,4189
2022-08-10,AC,146883,2022
2022-08-10,AL,319211,7094
2022-08-10,AM,609591,14242
2022-08-10,AP,177576,2153
2022-08-10,BA,1671545,30487
2022-08-10,CE,1369022,27481
2022-08-10,DF,834795,11825
2022-08-10,ES,1209754,14736
2022-08-10,GO,1648321,27258
2022-08-10,MA,464645,10960
2022-08-10,MG,3846342,63193
2022-08-10,MS,570552,10747
2022-08-10,MT,819291,14898
2022-08-10,PA,820560,18577
2022-08-10,PB,647973,10378
2022-08-10,PE,1037246,22096
2022-08-10,PI,391829,7910
2022-08-10,PR,2710534,44726
2022-08-10,RJ,2465029,75119
2022-08-10,RN,548645,8416
2022-08-10,RO,449637,7327
2022-08-10,RR,173733,2161
2022-08-10,RS,2670767,40598
2022-08-10,SC,1849436,22288
2022-08-10,SE,341692,6421
2022-08-10,SP,5960782,173484
2022-08-10,TO,341544,4189
2022-08-11,AC,147159,2023
2022-08-11,AL,319257,7094
2022-08-11,AM,610064,14242
2022-08-11,AP,177628,2153
2022-08-11,BA,1672849,30499
2022-08-11,CE,1369930,27482
2022-08-11,DF,834998,11825
2022-08-11,ES,1210288,14739
2022-08-11,GO,1650421,27264
2022-08-11,MA,465188,10962
2022-08-11,MG,3852659,63239
2022-08-11,MS,570802,10747
2022-08-11,MT,819770,14899
2022-08-11,PA,821444,18582
2022-08-11,PB,648170,10378
2022-08-11,PE,1037979,22103
2022-08-11,PI,392321,7912
2022-08-11,PR,2712448,44776
2022-08-11,RJ,2465757,75130
2022-08-11,RN,548950,8416
2022-08-11,RO,449967,7331
2022-08-11,RR,173827,2165
2022-08-11,RS,2673610,40616
2022-08-11,SC,1850307,22296
2022-08-11,SE,341735,6421
2022-08-11,SP,5965286,173523
2022-08-11,TO,341765,4189
2022-08-12,AC,147414,2025
2022-08-12,AL,319346,7095
2022-08-12,AM,610408,14246
2022-08-12,AP,177696,2155
2022-08-12,BA,1674335,30507
2022-08-12,CE,1369930,27482
2022-08-12,DF,835156,11825
2022-08-12,ES,1210707,14741
2022-08-12,GO,1652076,27282
2022-08-12,MA,465478,10965
2022-08-12,MG,3854649,63257
2022-08-12,MS,571046,10747
2022-08-12,MT,820288,14900
2022-08-12,PA,822383,18586
2022-08-12,PB,648349,10379
2022-08-12,PE,1039167,22108
2022-08-12,PI,392887,7913
2022-08-12,PR,2714079,44842
2022-08-12,RJ,2468978,75162
2022-08-12,RN,549193,8417
2022-08-12,RO,450436,7335
2022-08-12,RR,173945,2165
2022-08-12,RS,2676473,40642
2022-08-12,SC,1851075,22299
2022-08-12,SE,341800,6421
2022-08-12,SP,5968917,173567
2022-08-12,TO,341920,4190
2022-08-13,AC,147512,2025
2022-08-13,AL,319370,7096
2022-08-13,AM,610727,14249
2022-08-13,AP,177727,2155
2022-08-13,BA,1675401,30514
2022-08-13,CE,1371614,27488
2022-08-13,DF,835156,11825
2022-08-13,ES,1210966,14743
2022-08-13,GO,1653810,27290
2022-08-13,MA,465478,10965
2022-08-13,MG,3854649,63257
2022-08-13,MS,571507,10747
2022-08-13,MT,820288,14900
2022-08-13,PA,823129,18587
2022-08-13,PB,648524,10379
2022-08-13,PE,1040001,22111
2022-08-13,PI,393103,7914
2022-08-13,PR,2715889,44869
2022-08-13,RJ,2468978,75162
2022-08-13,RN,549398,8418
2022-08-13,RO,450592,7337
2022-08-13,RR,173945,2165
2022-08-13,RS,2679177,40652
2022-08-13,SC,1852041,22302
2022-08-13,SE,341865,6422
2022-08-13,SP,5973090,173638
2022-08-13,TO,341920,4190
2022-08-14,AC,147513,2025
2022-08-14,AL,319383,7098
2022-08-14,AM,610810,14249
2022-08-14,AP,177749,2155
2022-08-14,BA,1675437,30514
2022-08-14,CE,1371719,27491
2022-08-14,DF,835156,11825
2022-08-14,ES,1211046,14745
2022-08-14,GO,1654219,27291
2022-08-14,MA,465478,10965
2022-08-14,MG,3854649,63257
2022-08-14,MS,571828,10747
2022-08-14,MT,820288,14900
2022-08-14,PA,823514,18588
2022-08-14,PB,648727,10380
2022-08-14,PE,1040143,22117
2022-08-14,PI,393156,7914
2022-08-14,PR,2716629,44869
2022-08-14,RJ,2468978,75162
2022-08-14,RN,549398,8418
2022-08-14,RO,450639,7338
2022-08-14,RR,173945,2165
2022-08-14,RS,2679916,40655
2022-08-14,SC,1852201,22304
2022-08-14,SE,341941,6423
2022-08-14,SP,5973904,173652
2022-08-14,TO,341920,4190
2022-08-15,AC,147514,2025
2022-08-15,AL,319391,7099
2022-08-15,AM,610960,14252
2022-08-15,AP,177772,2155
2022-08-15,BA,1675461,30517
2022-08-15,CE,1371749,27494
2022-08-15,DF,835515,11825
2022-08-15,ES,1211366,14750
2022-08-15,GO,1655367,27291
2022-08-15,MA,466041,10967
2022-08-15,MG,3854649,63257
2022-08-15,MS,571840,10747
2022-08-15,MT,821217,14906
2022-08-15,PA,823651,18590
2022-08-15,PB,648737,10380
2022-08-15,PE,1040210,22123
2022-08-15,PI,393156,7915
2022-08-15,PR,2717221,44869
2022-08-15,RJ,2471033,75222
2022-08-15,RN,549512,8421
2022-08-15,RO,450891,7340
2022-08-15,RR,174016,2165
2022-08-15,RS,2680363,40657
2022-08-15,SC,1852301,22308
2022-08-15,SE,342024,6424
2022-08-15,SP,5974191,173668
2022-08-15,TO,342092,4190
2022-08-16,AC,147785,2025
2022-08-16,AL,319456,7100
2022-08-16,AM,611225,14255
2022-08-16,AP,177812,2157
2022-08-16,BA,1676318,30524
2022-08-16,CE,1372339,27498
2022-08-16,DF,835660,11825
2022-08-16,ES,1211695,14754
2022-08-16,GO,1656877,27313
2022-08-16,MA,466317,10971
2022-08-16,MG,3858508,63281
2022-08-16,MS,572030,10771
2022-08-16,MT,821695,14910
2022-08-16,PA,823762,18591
2022-08-16,PB,648747,10381
2022-08-16,PE,1040644,22127
2022-08-16,PI,393282,7917
2022-08-16,PR,2718876,44875
2022-08-16,RJ,2472303,75234
2022-08-16,RN,549680,8422
2022-08-16,RO,451319,7340
2022-08-16,RR,174089,2165
2022-08-16,RS,2683628,40675
2022-08-16,SC,1853359,22315
2022-08-16,SE,342161,6425
2022-08-16,SP,5979460,173721
2022-08-16,TO,342253,4191
2022-08-17,AC,147922,2025
2022-08-17,AL,319504,7101
2022-08-17,AM,611535,14257
2022-08-17,AP,177871,2157
2022-08-17,BA,1677488,30529
2022-08-17,CE,1372950,27505
2022-08-17,DF,835922,11825
2022-08-17,ES,1211874,14757
2022-08-17,GO,1659512,27351
2022-08-17,MA,466578,10975
2022-08-17,MG,3858977,63330
2022-08-17,MS,572459,10771
2022-08-17,MT,822114,14912
2022-08-17,PA,824456,18593
2022-08-17,PB,649048,10384
2022-08-17,PE,1041447,22134
2022-08-17,PI,393681,7917
2022-08-17,PR,2720257,44888
2022-08-17,RJ,2473486,75244
2022-08-17,RN,550007,8427
2022-08-17,RO,451771,7340
2022-08-17,RR,174146,2165
2022-08-17,RS,2686706,40694
2022-08-17,SC,1854314,22321
2022-08-17,SE,342263,6426
2022-08-17,SP,5984410,173791
2022-08-17,TO,342509,4191
2022-08-18,AC,147922,2027
2022-08-18,AL,319537,7102
2022-08-18,AM,611897,14260
2022-08-18,AP,177892,2157
2022-08-18,BA,1678510,30565
2022-08-18,CE,1373424,27508
2022-08-18,DF,836109,11825
2022-08-18,ES,1212044,14758
2022-08-18,GO,1661044,27373
2022-08-18,MA,466777,10978
2022-08-18,MG,3861288,63365
2022-08-18,MS,572881,10771
2022-08-18,MT,822632,14914
2022-08-18,PA,825269,18598
2022-08-18,PB,649310,10386
2022-08-18,PE,1042315,22138
2022-08-18,PI,393999,7921
2022-08-18,PR,2721959,44897
2022-08-18,RJ,2474929,75250
2022-08-18,RN,550190,8429
2022-08-18,RO,452369,7341
2022-08-18,RR,174184,2165
2022-08-18,RS,2689350,40705
2022-08-18,SC,1855201,22325
2022-08-18,SE,342315,6426
2022-08-18,SP,5989405,173839
2022-08-18,TO,342622,4193
2022-08-19,AC,148265,2027
2022-08-19,AL,319617,7106
2022-08-19,AM,612098,14263
2022-08-19,AP,177915,2157
2022-08-19,BA,1679659,30571
2022-08-19,CE,1373874,27512
2022-08-19,DF,836215,11825
2022-08-19,ES,1212551,14762
2022-08-19,GO,1662170,27373
2022-08-19,MA,466924,10979
2022-08-19,MG,3861880,63389
2022-08-19,MS,573490,10771
2022-08-19,MT,823101,14915
2022-08-19,PA,826183,18602
2022-08-19,PB,649543,10388
2022-08-19,PE,1042635,22142
2022-08-19,PI,394424,7924
2022-08-19,PR,2723457,44920
2022-08-19,RJ,2476205,75255
2022-08-19,RN,550454,8430
2022-08-19,RO,452750,7342
2022-08-19,RR,174278,2167
2022-08-19,RS,2692098,40718
2022-08-19,SC,1855910,22329
2022-08-19,SE,342389,6426
2022-08-19,SP,5993376,173872
2022-08-19,TO,342776,4193
2022-08-20,AC,148270,2027
2022-08-20,AL,319679,7108
2022-08-20,AM,612283,14263
2022-08-20,AP,177932,2157
2022-08-20,BA,1680456,30572
2022-08-20,CE,1374453,27520
2022-08-20,DF,836215,11825
2022-08-20,ES,1212682,14766
2022-08-20,GO,1664009,27413
2022-08-20,MA,466924,10979
2022-08-20,MG,3861880,63389
2022-08-20,MS,574316,10771
2022-08-20,MT,823101,14915
2022-08-20,PA,826883,18612
2022-08-20,PB,649688,10388
2022-08-20,PE,1043102,22146
2022-08-20,PI,394941,7925
2022-08-20,PR,2724678,44932
2022-08-20,RJ,2476205,75255
2022-08-20,RN,550595,8430
2022-08-20,RO,453033,7342
2022-08-20,RR,174278,2167
2022-08-20,RS,2694453,40733
2022-08-20,SC,1856617,22330
2022-08-20,SE,342514,6426
2022-08-20,SP,5997822,173918
2022-08-20,TO,342776,4193
2022-08-21,AC,148425,2027
2022-08-21,AL,319794,7108
2022-08-21,AM,612423,14263
2022-08-21,AP,177954,2157
2022-08-21,BA,1680581,30572
2022-08-21,CE,1374573,27524
2022-08-21,DF,836215,11825
2022-08-21,ES,1212838,14768
2022-08-21,GO,1664540,27413
2022-08-21,MA,466924,10979
2022-08-21,MG,3861880,63389
2022-08-21,MS,574401,10771
2022-08-21,MT,823101,14915
2022-08-21,PA,827204,18630
2022-08-21,PB,649851,10388
2022-08-21,PE,1043225,22151
2022-08-21,PI,395150,7925
2022-08-21,PR,2725308,44937
2022-08-21,RJ,2476205,75255
2022-08-21,RN,550595,8430
2022-08-21,RO,453093,7343
2022-08-21,RR,174278,2167
2022-08-21,RS,2694964,40743
2022-08-21,SC,1856775,22330
2022-08-21,SE,342527,6426
2022-08-21,SP,5999264,173920
2022-08-21,TO,342776,4193
2022-08-22,AC,148451,2027
2022-08-22,AL,319814,7112
2022-08-22,AM,612531,14265
2022-08-22,AP,177972,2158
2022-08-22,BA,1680593,30588
2022-08-22,CE,1374604,27526
2022-08-22,DF,836428,11825
2022-08-22,ES,1212884,14769
2022-08-22,GO,1664808,27413
2022-08-22,MA,467367,10980
2022-08-22,MG,3863066,63409
2022-08-22,MS,574423,10771
2022-08-22,MT,823392,14915
2022-08-22,PA,827347,18635
2022-08-22,PB,649869,10390
2022-08-22,PE,1043280,22156
2022-08-22,PI,395150,7925
2022-08-22,PR,2725770,44938
2022-08-22,RJ,2477631,75306
2022-08-22,RN,550631,8432
2022-08-22,RO,453363,7343
2022-08-22,RR,174350,2167
2022-08-22,RS,2695229,40743
2022-08-22,SC,1856891,22333
2022-08-22,SE,342546,6426
2022-08-22,SP,5999806,173923
2022-08-22,TO,342886,4196
2022-08-23,AC,148591,2027
2022-08-23,AL,319834,7112
2022-08-23,AM,612691,14268
2022-08-23,AP,177991,2158
2022-08-23,BA,1681527,30602
2022-08-23,CE,1375060,27535
2022-08-23,DF,836524,11825
2022-08-23,ES,1213141,14771
2022-08-23,GO,1667223,27427
2022-08-23,MA,467543,10980
2022-08-23,MG,3865844,63435
2022-08-23,MS,574542,10786
2022-08-23,MT,823691,14914
2022-08-23,PA,828047,18642
2022-08-23,PB,649885,10392
2022-08-23,PE,1044002,22160
2022-08-23,PI,395584,7928
2022-08-23,PR,2727077,44952
2022-08-23,RJ,2478734,75319
2022-08-23,RN,550789,8433
2022-08-23,RO,453601,7347
2022-08-23,RR,174403,2167
2022-08-23,RS,2697571,40755
2022-08-23,SC,1857689,22338
2022-08-23,SE,342570,6426
2022-08-23,SP,6004283,173979
2022-08-23,TO,342886,4196
2022-08-24,AC,148668,2027
2022-08-24,AL,319915,7112
2022-08-24,AM,612825,14272
2022-08-24,AP,178006,2158
2022-08-24,BA,1682464,30606
2022-08-24,CE,1375503,27538
2022-08-24,DF,836589,11825
2022-08-24,ES,1213365,14774
2022-08-24,GO,1669200,27434
2022-08-24,MA,467639,10981
2022-08-24,MG,3866195,63449
2022-08-24,MS,575047,10786
2022-08-24,MT,824228,14915
2022-08-24,PA,828526,18651
2022-08-24,PB,650138,10392
2022-08-24,PE,1044640,22168
2022-08-24,PI,396045,7928
2022-08-24,PR,2728208,45034
2022-08-24,RJ,2479987,75341
2022-08-24,RN,550929,8437
2022-08-24,RO,453893,7346
2022-08-24,RR,174480,2167
2022-08-24,RS,2699998,40777
2022-08-24,SC,1858701,22340
2022-08-24,SE,342577,6427
2022-08-24,SP,6008751,173995
2022-08-24,TO,343083,4196
2022-08-25,AC,148768,2027
2022-08-25,AL,319945,7113
2022-08-25,AM,612975,14272
2022-08-25,AP,178037,2158
2022-08-25,BA,1683395,30617
2022-08-25,CE,1379242,27541
2022-08-25,DF,836707,11825
2022-08-25,ES,1213570,14777
2022-08-25,GO,1670745,27434
2022-08-25,MA,467848,10984
2022-08-25,MG,3867474,63465
2022-08-25,MS,575771,10786
2022-08-25,MT,824681,14916
2022-08-25,PA,828996,18657
2022-08-25,PB,650362,10395
2022-08-25,PE,1045320,22173
2022-08-25,PI,396312,7929
2022-08-25,PR,2729490,45076
2022-08-25,RJ,2480042,75351
2022-08-25,RN,551182,8439
2022-08-25,RO,454049,7345
2022-08-25,RR,174522,2167
2022-08-25,RS,2702578,40801
2022-08-25,SC,1859669,22342
2022-08-25,SE,342610,6428
2022-08-25,SP,6013105,174019
2022-08-25,TO,343244,4196
2022-08-26,AC,148857,2027
2022-08-26,AL,319997,7115
2022-08-26,AM,613104,14276
2022-08-26,AP,178046,2158
2022-08-26,BA,1684343,30620
2022-08-26,CE,1379552,27545
2022-08-26,DF,836851,11825
2022-08-26,ES,1213842,14784
2022-08-26,GO,1672524,27434
2022-08-26,MA,468013,10984
2022-08-26,MG,3868256,63492
2022-08-26,MS,576396,10786
2022-08-26,MT,825018,14919
2022-08-26,PA,829647,18700
2022-08-26,PB,650526,10396
2022-08-26,PE,1046168,22182
2022-08-26,PI,396503,7929
2022-08-26,PR,2730755,45085
2022-08-26,RJ,2482240,75355
2022-08-26,RN,551216,8439
2022-08-26,RO,454283,7346
2022-08-26,RR,174551,2167
2022-08-26,RS,2704838,40818
2022-08-26,SC,1860591,22343
2022-08-26,SE,342616,6429
2022-08-26,SP,6016839,174047
2022-08-26,TO,343337,4196
2022-08-27,AC,148897,2027
2022-08-27,AL,320015,7115
2022-08-27,AM,613147,14276
2022-08-27,AP,178056,2158
2022-08-27,BA,1684771,30624
2022-08-27,CE,1379908,27549
2022-08-27,DF,836851,11825
2022-08-27,ES,1213948,14785
2022-08-27,GO,1673552,27434
2022-08-27,MA,468013,10984
2022-08-27,MG,3868256,63492
2022-08-27,MS,576776,10786
2022-08-27,MT,825018,14919
2022-08-27,PA,830209,18714
2022-08-27,PB,650678,10396
2022-08-27,PE,1046797,22187
2022-08-27,PI,396915,7933
2022-08-27,PR,2731877,45092
2022-08-27,RJ,2482240,75355
2022-08-27,RN,551307,8440
2022-08-27,RO,454359,7346
2022-08-27,RR,174551,2167
2022-08-27,RS,2707001,40828
2022-08-27,SC,1861708,22347
2022-08-27,SE,342623,6429
2022-08-27,SP,6020485,174068
2022-08-27,TO,343337,4196
2022-08-28,AC,148898,2027
2022-08-28,AL,320078,7115
2022-08-28,AM,613249,14276
2022-08-28,AP,178057,2158
2022-08-28,BA,1684786,30626
2022-08-28,CE,1379908,27549
2022-08-28,DF,836851,11825
2022-08-28,ES,1213966,14786
2022-08-28,GO,1674026,27434
2022-08-28,MA,468013,10984
2022-08-28,MG,3868256,63492
2022-08-28,MS,576908,10786
2022-08-28,MT,825018,14919
2022-08-28,PA,830611,18719
2022-08-28,PB,650815,10396
2022-08-28,PE,1047008,22191
2022-08-28,PI,396948,7933
2022-08-28,PR,2732359,45092
2022-08-28,RJ,2482240,75355
2022-08-28,RN,551322,8440
2022-08-28,RO,454380,7346
2022-08-28,RR,174551,2167
2022-08-28,RS,2707587,40833
2022-08-28,SC,1861834,22347
2022-08-28,SE,342623,6429
2022-08-28,SP,6021118,174073
2022-08-28,TO,343337,4196
2022-08-29,AC,148913,2027
2022-08-29,AL,320140,7115
2022-08-29,AM,613390,14279
2022-08-29,AP,178064,2158
2022-08-29,BA,1684805,30631
2022-08-29,CE,1380066,27552
2022-08-29,DF,837023,11825
2022-08-29,ES,1214115,14787
2022-08-29,GO,1674555,27434
2022-08-29,MA,468223,10985
2022-08-29,MG,3869353,63516
2022-08-29,MS,576936,10786
2022-08-29,MT,825620,14926
2022-08-29,PA,830958,18721
2022-08-29,PB,650851,10398
2022-08-29,PE,1047063,22198
2022-08-29,PI,396954,7933
2022-08-29,PR,2732536,45092
2022-08-29,RJ,2489701,75414
2022-08-29,RN,551405,8442
2022-08-29,RO,454432,7348
2022-08-29,RR,174569,2167
2022-08-29,RS,2707876,40835
2022-08-29,SC,1861908,22348
2022-08-29,SE,342627,6430
2022-08-29,SP,6021735,174079
2022-08-29,TO,343387,4196
2022-08-30,AC,149001,2027
2022-08-30,AL,320196,7115
2022-08-30,AM,613556,14283
2022-08-30,AP,178071,2158
2022-08-30,BA,1685372,30642
2022-08-30,CE,1380324,27561
2022-08-30,DF,837168,11825
2022-08-30,ES,1214243,14790
2022-08-30,GO,1676317,27469
2022-08-30,MA,468574,10985
2022-08-30,MG,3869755,63539
2022-08-30,MS,577313,10803
2022-08-30,MT,826078,14928
2022-08-30,PA,831497,18726
2022-08-30,PB,650859,10398
2022-08-30,PE,1047502,22201
2022-08-30,PI,397255,7936
2022-08-30,PR,2733655,45107
2022-08-30,RJ,2491389,75438
2022-08-30,RN,551589,8443
2022-08-30,RO,454515,7350
2022-08-30,RR,174615,2171
2022-08-30,RS,2709852,40851
2022-08-30,SC,1862997,22356
2022-08-30,SE,342656,6430
2022-08-30,SP,6026158,174123
2022-08-30,TO,343504,4196
2022-08-31,AC,149049,2027
2022-08-31,AL,320343,7116
2022-08-31,AM,613705,14283
2022-08-31,AP,178081,2158
2022-08-31,BA,1685991,30643
2022-08-31,CE,1380665,27566
2022-08-31,DF,837304,11825
2022-08-31,ES,1214365,14792
2022-08-31,GO,1677950,27473
2022-08-31,MA,468777,10986
2022-08-31,MG,3870986,63557
2022-08-31,MS,577749,10803
2022-08-31,MT,826378,14929
2022-08-31,PA,832101,18735
2022-08-31,PB,651035,10398
2022-08-31,PE,1048124,22207
2022-08-31,PI,397774,7937
2022-08-31,PR,2734351,45117
2022-08-31,RJ,2491419,75438
2022-08-31,RN,551703,8444
2022-08-31,RO,454626,7351
2022-08-31,RR,174701,2172
2022-08-31,RS,2711742,40864
2022-08-31,SC,1863980,22359
2022-08-31,SE,342732,6430
2022-08-31,SP,6030546,174159
2022-08-31,TO,343676,4196
2022-09-01,AC,149129,2027
2022-09-01,AL,320418,7117
2022-09-01,AM,613850,14287
2022-09-01,AP,178087,2158
2022-09-01,BA,1686670,30654
2022-09-01,CE,1380924,27570
2022-09-01,DF,837484,11825
2022-09-01,ES,1214438,14794
2022-09-01,GO,1678627,27479
2022-09-01,MA,468943,10987
2022-09-01,MG,3871755,63581
2022-09-01,MS,578025,10803
2022-09-01,MT,826620,14930
2022-09-01,PA,832450,18752
2022-09-01,PB,651164,10398
2022-09-01,PE,1048824,22214
2022-09-01,PI,398193,7938
2022-09-01,PR,2735109,45125
2022-09-01,RJ,2493896,75468
2022-09-01,RN,551773,8444
2022-09-01,RO,454722,7353
2022-09-01,RR,174762,2172
2022-09-01,RS,2713448,40876
2022-09-01,SC,1864867,22363
2022-09-01,SE,342775,6430
2022-09-01,SP,6033960,174203
2022-09-01,TO,343761,4199
2022-09-02,AC,149201,2027
2022-09-02,AL,320440,7117
2022-09-02,AM,613967,14291
2022-09-02,AP,178106,2158
2022-09-02,BA,1687321,30660
2022-09-02,CE,1381149,27578
2022-09-02,DF,837618,11825
2022-09-02,ES,1214619,14795
2022-09-02,GO,1678627,27479
2022-09-02,MA,469143,10987
2022-09-02,MG,3872628,63600
2022-09-02,MS,578147,10803
2022-09-02,MT,826859,14930
2022-09-02,PA,832777,18760
2022-09-02,PB,651270,10399
2022-09-02,PE,1049704,22218
2022-09-02,PI,398577,7938
2022-09-02,PR,2735109,45125
2022-09-02,RJ,2494713,75479
2022-09-02,RN,551878,8444
2022-09-02,RO,454841,7353
2022-09-02,RR,174795,2172
2022-09-02,RS,2715049,40889
2022-09-02,SC,1865827,22368
2022-09-02,SE,342820,6430
2022-09-02,SP,6037128,174238
2022-09-02,TO,343832,4199
2022-09-03,AC,149224,2027
2022-09-03,AL,320450,7117
2022-09-03,AM,614087,14291
2022-09-03,AP,178110,2158
2022-09-03,BA,1687870,30663
2022-09-03,CE,1381326,27581
2022-09-03,DF,837618,11825
2022-09-03,ES,1214674,14795
2022-09-03,GO,1681335,27487
2022-09-03,MA,469143,10987
2022-09-03,MG,3872628,63600
2022-09-03,MS,578362,10803
2022-09-03,MT,826859,14930
2022-09-03,PA,833071,18772
2022-09-03,PB,651447,10399
2022-09-03,PE,1049704,22218
2022-09-03,PI,398739,7940
2022-09-03,PR,2737312,45145
2022-09-03,RJ,2494713,75479
2022-09-03,RN,551983,8444
2022-09-03,RO,454886,7353
2022-09-03,RR,174795,2172
2022-09-03,RS,2716484,40897
2022-09-03,SC,1866450,22370
2022-09-03,SE,342822,6431
2022-09-03,SP,6039943,174271
2022-09-03,TO,343832,4199
2022-09-04,AC,149228,2027
2022-09-04,AL,320459,7117
2022-09-04,AM,614193,14291
2022-09-04,AP,178111,2158
2022-09-04,BA,1687962,30663
2022-09-04,CE,1381399,27584
2022-09-04,DF,837618,11825
2022-09-04,ES,1214683,14795
2022-09-04,GO,1681704,27487
2022-09-04,MA,469143,10987
2022-09-04,MG,3872628,63600
2022-09-04,MS,578460,10803
2022-09-04,MT,826859,14930
2022-09-04,PA,833447,18776
2022-09-04,PB,651543,10399
2022-09-04,PE,1049704,22218
2022-09-04,PI,399140,7942
2022-09-04,PR,2737538,45145
2022-09-04,RJ,2494713,75479
2022-09-04,RN,551989,8445
2022-09-04,RO,454896,7353
2022-09-04,RR,174795,2172
2022-09-04,RS,2716741,40902
2022-09-04,SC,1866508,22370
2022-09-04,SE,342829,6431
2022-09-04,SP,6040654,174271
2022-09-04,TO,343832,4199
2022-09-05,AC,149228,2027
2022-09-05,AL,320468,7117
2022-09-05,AM,614314,14293
2022-09-05,AP,178115,2158
2022-09-05,BA,1687972,30665
2022-09-05,CE,1381399,27584
2022-09-05,DF,837760,11825
2022-09-05,ES,1214743,14795
2022-09-05,GO,1681981,27487
2022-09-05,MA,469339,10987
2022-09-05,MG,3873489,63617
2022-09-05,MS,578478,10803
2022-09-05,MT,827317,14933
2022-09-05,PA,833804,18782
2022-09-05,PB,651566,10399
2022-09-05,PE,1050921,22227
2022-09-05,PI,399159,7941
2022-09-05,PR,2737941,45145
2022-09-05,RJ,2496436,75493
2022-09-05,RN,552020,8446
2022-09-05,RO,454953,7353
2022-09-05,RR,174842,2173
2022-09-05,RS,2716858,40902
2022-09-05,SC,1866571,22372
2022-09-05,SE,342831,6431
2022-09-05,SP,6041109,174271
2022-09-05,TO,343925,4199
2022-09-06,AC,149239,2027
2022-09-06,AL,320489,7118
2022-09-06,AM,614425,14296
2022-09-06,AP,178126,2159
2022-09-06,BA,1688442,30666
2022-09-06,CE,1381502,27592
2022-09-06,DF,837760,11825
2022-09-06,ES,1214806,14797
2022-09-06,GO,1682898,27497
2022-09-06,MA,469547,10987
2022-09-06,MG,3874222,63622
2022-09-06,MS,578594,10818
2022-09-06,MT,827463,14932
2022-09-06,PA,834132,18793
2022-09-06,PB,651566,10399
2022-09-06,PE,1051344,22231
2022-09-06,PI,399634,7942
2022-09-06,PR,2738785,45170
2022-09-06,RJ,2497915,75527
2022-09-06,RN,552599,8448
2022-09-06,RO,455061,7353
2022-09-06,RR,174889,2173
2022-09-06,RS,2718416,40909
2022-09-06,SC,1867185,22376
2022-09-06,SE,342836,6432
2022-09-06,SP,6045123,174292
2022-09-06,TO,343933,4199
2022-09-07,AC,149273,2027
2022-09-07,AL,320517,7118
2022-09-07,AM,614531,14298
2022-09-07,AP,178154,2159
2022-09-07,BA,1689127,30668
2022-09-07,CE,1381783,27601
2022-09-07,DF,837760,11825
2022-09-07,ES,1214799,14801
2022-09-07,GO,1684299,27503
2022-09-07,MA,469613,10987
2022-09-07,MG,3874222,63622
2022-09-07,MS,578707,10818
2022-09-07,MT,827463,14932
2022-09-07,PA,834534,18801
2022-09-07,PB,651689,10399
2022-09-07,PE,1051344,22231
2022-09-07,PI,399820,7943
2022-09-07,PR,2739111,45169
2022-09-07,RJ,2497915,75527
2022-09-07,RN,552599,8448
2022-09-07,RO,455105,7353
2022-09-07,RR,174889,2173
2022-09-07,RS,2719809,40923
2022-09-07,SC,1867756,22378
2022-09-07,SE,342840,6432
2022-09-07,SP,6048231,174302
2022-09-07,TO,343933,4199
2022-09-08,AC,149296,2027
2022-09-08,AL,320524,7118
2022-09-08,AM,614636,14302
2022-09-08,AP,178168,2159
2022-09-08,BA,1689152,30672
2022-09-08,CE,1381870,27604
2022-09-08,DF,837834,11825
2022-09-08,ES,1214830,14803
2022-09-08,GO,1684560,27503
2022-09-08,MA,469647,10988
2022-09-08,MG,3873231,63648
2022-09-08,MS,578720,10818
2022-09-08,MT,827770,14934
2022-09-08,PA,834535,18801
2022-09-08,PB,651814,10400
2022-09-08,PE,1052633,22237
2022-09-08,PI,399936,7943
2022-09-08,PR,2739620,45170
2022-09-08,RJ,2499070,75548
2022-09-08,RN,552808,8449
2022-09-08,RO,455134,7353
2022-09-08,RR,174907,2173
2022-09-08,RS,2720006,40930
2022-09-08,SC,1867857,22381
2022-09-08,SE,342847,6433
2022-09-08,SP,6048691,174304
2022-09-08,TO,343933,4199
2022-09-09,AC,149378,2027
2022-09-09,AL,320552,7118
2022-09-09,AM,614752,14304
2022-09-09,AP,178178,2159
2022-09-09,BA,1689830,30675
2022-09-09,CE,1382048,27609
2022-09-09,DF,837928,11825
2022-09-09,ES,1214891,14803
2022-09-09,GO,1685781,27505
2022-09-09,MA,469805,10988
2022-09-09,MG,3874629,63659
2022-09-09,MS,578853,10818
2022-09-09,MT,827903,14935
2022-09-09,PA,834883,18812
2022-09-09,PB,651816,10400
2022-09-09,PE,1052904,22240
2022-09-09,PI,400100,7944
2022-09-09,PR,2740391,45182
2022-09-09,RJ,2500526,75558
2022-09-09,RN,552885,8449
2022-09-09,RO,455188,7354
2022-09-09,RR,174921,2173
2022-09-09,RS,2721406,40935
2022-09-09,SC,1868495,22384
2022-09-09,SE,342852,6433
2022-09-09,SP,6051911,174325
2022-09-09,TO,343933,4199
2022-09-10,AC,149410,2027
2022-09-10,AL,320631,7118
2022-09-10,AM,614866,14305
2022-09-10,AP,178179,2159
2022-09-10,BA,1690268,30676
2022-09-10,CE,1382169,27609
2022-09-10,DF,837928,11825
2022-09-10,ES,1214891,14803
2022-09-10,GO,1687424,27509
2022-09-10,MA,469805,10988
2022-09-10,MG,3874629,63659
2022-09-10,MS,579217,10818
2022-09-10,MT,827903,14935
2022-09-10,PA,835226,18813
2022-09-10,PB,651906,10400
2022-09-10,PE,1052904,22240
2022-09-10,PI,400160,7945
2022-09-10,PR,2741166,45186
2022-09-10,RJ,2500526,75558
2022-09-10,RN,552885,8449
2022-09-10,RO,455269,7353
2022-09-10,RR,174921,2173
2022-09-10,RS,2722778,40945
2022-09-10,SC,1869206,22384
2022-09-10,SE,342854,6433
2022-09-10,SP,6055094,174344
2022-09-10,TO,343933,4199
2022-09-11,AC,149410,2027
2022-09-11,AL,320666,7118
2022-09-11,AM,614937,14305
2022-09-11,AP,178179,2159
2022-09-11,BA,1690378,30676
2022-09-11,CE,1382247,27609
2022-09-11,DF,837928,11825
2022-09-11,ES,1214891,14803
2022-09-11,GO,1687873,27509
2022-09-11,MA,469805,10988
2022-09-11,MG,3874629,63659
2022-09-11,MS,579295,10818
2022-09-11,MT,827903,14935
2022-09-11,PA,835521,18814
2022-09-11,PB,651953,10400
2022-09-11,PE,1052904,22240
2022-09-11,PI,400216,7945
2022-09-11,PR,2741381,45187
2022-09-11,RJ,2500526,75558
2022-09-11,RN,552885,8449
2022-09-11,RO,455276,7353
2022-09-11,RR,174921,2173
2022-09-11,RS,2723098,40949
2022-09-11,SC,1869308,22384
2022-09-11,SE,342854,6433
2022-09-11,SP,6055708,174345
2022-09-11,TO,343933,4199
2022-09-12,AC,149412,2027
2022-09-12,AL,320700,7120
2022-09-12,AM,615033,14307
2022-09-12,AP,178185,2159
2022-09-12,BA,1690426,30681
2022-09-12,CE,1382321,27610
2022-09-12,DF,838021,11825
2022-09-12,ES,1215016,14806
2022-09-12,GO,1688143,27510
2022-09-12,MA,470003,10988
2022-09-12,MG,3875256,63665
2022-09-12,MS,579266,10818
2022-09-12,MT,828064,14938
2022-09-12,PA,835736,18815
2022-09-12,PB,651955,10400
2022-09-12,PE,1053597,22243
2022-09-12,PI,400275,7945
2022-09-12,PR,2741598,45189
2022-09-12,RJ,2501974,75559
2022-09-12,RN,553097,8451
2022-09-12,RO,455312,7353
2022-09-12,RR,174933,2173
2022-09-12,RS,2723237,40950
2022-09-12,SC,1869350,22385
2022-09-12,SE,342855,6433
2022-09-12,SP,6056142,174348
2022-09-12,TO,344050,4200
2022-09-13,AC,149453,2027
2022-09-13,AL,320730,7120
2022-09-13,AM,615181,14307
2022-09-13,AP,178187,2159
2022-09-13,BA,1690865,30683
2022-09-13,CE,1382506,27616
2022-09-13,DF,838167,11825
2022-09-13,ES,1215086,14808
2022-09-13,GO,1688934,27509
2022-09-13,MA,470194,10989
2022-09-13,MG,3875743,63676
2022-09-13,MS,579386,10823
2022-09-13,MT,828182,14939
2022-09-13,PA,835991,18817
2022-09-13,PB,652072,10400
2022-09-13,PE,1053838,22245
2022-09-13,PI,400473,7945
2022-09-13,PR,2742202,45196
2022-09-13,RJ,2503195,75586
2022-09-13,RN,553171,8451
2022-09-13,RO,455509,7353
2022-09-13,RR,174952,2173
2022-09-13,RS,2724301,40959
2022-09-13,SC,1870116,22386
2022-09-13,SE,342857,6433
2022-09-13,SP,6059011,174377
2022-09-13,TO,344075,4200
2022-09-14,AC,149493,2027
2022-09-14,AL,320760,7121
2022-09-14,AM,615305,14310
2022-09-14,AP,178187,2159
2022-09-14,BA,1691404,30684
2022-09-14,CE,1382813,27623
2022-09-14,DF,838302,11825
2022-09-14,ES,1215138,14809
2022-09-14,GO,1690402,27509
2022-09-14,MA,470320,10989
2022-09-14,MG,3876138,63691
2022-09-14,MS,579473,10823
2022-09-14,MT,828354,14939
2022-09-14,PA,836261,18818
2022-09-14,PB,652113,10401
2022-09-14,PE,1054135,22249
2022-09-14,PI,400756,7945
2022-09-14,PR,2742637,45226
2022-09-14,RJ,2504402,75596
2022-09-14,RN,555941,8453
2022-09-14,RO,455628,7353
2022-09-14,RR,174963,2173
2022-09-14,RS,2725339,40976
2022-09-14,SC,1870704,22383
2022-09-14,SE,342859,6433
2022-09-14,SP,6062958,174403
2022-09-14,TO,344117,4203
2022-09-15,AC,149529,2029
2022-09-15,AL,320792,7121
2022-09-15,AM,615408,14313
2022-09-15,AP,178204,2159
2022-09-15,BA,1691828,30685
2022-09-15,CE,1383099,27623
2022-09-15,DF,838367,11825
2022-09-15,ES,1215212,14810
2022-09-15,GO,1691135,27510
2022-09-15,MA,470495,10990
2022-09-15,MG,3876579,63703
2022-09-15,MS,579536,10823
2022-09-15,MT,828539,14940
2022-09-15,PA,836578,18820
2022-09-15,PB,652182,10402
2022-09-15,PE,1054372,22253
2022-09-15,PI,400966,7947
2022-09-15,PR,2743221,45237
2022-09-15,RJ,2505607,75606
2022-09-15,RN,556007,8453
2022-09-15,RO,455770,7353
2022-09-15,RR,174971,2173
2022-09-15,RS,2726151,40989
2022-09-15,SC,1871346,22382
2022-09-15,SE,342862,6434
2022-09-15,SP,6065920,174419
2022-09-15,TO,344157,4204
2022-09-16,AC,149557,2029
2022-09-16,AL,320827,7121
2022-09-16,AM,615518,14314
2022-09-16,AP,178209,2159
2022-09-16,BA,1692514,30686
2022-09-16,CE,1383231,27623
2022-09-16,DF,838413,11825
2022-09-16,ES,1215106,14812
2022-09-16,GO,1692510,27510
2022-09-16,MA,470612,10990
2022-09-16,MG,3876984,63716
2022-09-16,MS,579699,10823
2022-09-16,MT,828745,14940
2022-09-16,PA,836942,18823
2022-09-16,PB,652285,10402
2022-09-16,PE,1054674,22258
2022-09-16,PI,401102,7948
2022-09-16,PR,2743814,45243
2022-09-16,RJ,2506533,75617
2022-09-16,RN,556111,8453
2022-09-16,RO,455797,7353
2022-09-16,RR,174973,2173
2022-09-16,RS,2727091,40999
2022-09-16,SC,1871853,22384
2022-09-16,SE,342869,6434
2022-09-16,SP,6068932,174461
2022-09-16,TO,344184,4204
2022-09-17,AC,149569,2029
2022-09-17,AL,320831,7121
2022-09-17,AM,615625,14314
2022-09-17,AP,178210,2159
2022-09-17,BA,1692875,30688
2022-09-17,CE,1383284,27626
2022-09-17,DF,838413,11825
2022-09-17,ES,1215088,14812
2022-09-17,GO,1693286,27520
2022-09-17,MA,470612,10990
2022-09-17,MG,3876984,63716
2022-09-17,MS,579828,10823
2022-09-17,MT,828745,14940
2022-09-17,PA,837178,18825
2022-09-17,PB,652372,10402
2022-09-17,PE,1054674,22258
2022-09-17,PI,401304,7948
2022-09-17,PR,2744258,45255
2022-09-17,RJ,2506533,75617
2022-09-17,RN,556111,8453
2022-09-17,RO,455880,7356
2022-09-17,RR,174973,2173
2022-09-17,RS,2727091,40999
2022-09-17,SC,1872350,22386
2022-09-17,SE,342873,6434
2022-09-17,SP,6068932,174461
2022-09-17,TO,344184,4204
2022-09-18,AC,149570,2029
2022-09-18,AL,320831,7121
2022-09-18,AM,615726,14314
2022-09-18,AP,178210,2159
2022-09-18,BA,1692997,30688
2022-09-18,CE,1383290,27626
2022-09-18,DF,838413,11825
2022-09-18,ES,1215088,14812
2022-09-18,GO,1693658,27520
2022-09-18,MA,470612,10990
2022-09-18,MG,3876984,63716
2022-09-18,MS,579862,10823
2022-09-18,MT,828745,14940
2022-09-18,PA,837480,18825
2022-09-18,PB,652372,10402
2022-09-18,PE,1054674,22258
2022-09-18,PI,401305,7948
2022-09-18,PR,2744485,45255
2022-09-18,RJ,2506533,75617
2022-09-18,RN,556111,8453
2022-09-18,RO,455888,7356
2022-09-18,RR,174973,2173
2022-09-18,RS,2728102,41009
2022-09-18,SC,1872503,22386
2022-09-18,SE,342873,6434
2022-09-18,SP,6071578,174493
2022-09-18,TO,344184,4204
2022-09-19,AC,149573,2029
2022-09-19,AL,320839,7121
2022-09-19,AM,615762,14316
2022-09-19,AP,178224,2163
2022-09-19,BA,1693010,30690
2022-09-19,CE,1383330,27626
2022-09-19,DF,838501,11825
2022-09-19,ES,1215076,14814
2022-09-19,GO,1693781,27520
2022-09-19,MA,470740,10993
2022-09-19,MG,3877442,63724
2022-09-19,MS,579845,10823
2022-09-19,MT,829175,14942
2022-09-19,PA,837568,18826
2022-09-19,PB,652515,10403
2022-09-19,PE,1055542,22260
2022-09-19,PI,401305,7948
2022-09-19,PR,2744606,45255
2022-09-19,RJ,2507989,75639
2022-09-19,RN,556263,8453
2022-09-19,RO,455942,7356
2022-09-19,RR,174977,2173
2022-09-19,RS,2728181,41010
2022-09-19,SC,1872522,22386
2022-09-19,SE,342873,6434
2022-09-19,SP,6072244,174495
2022-09-19,TO,344202,4204
2022-09-20,AC,149613,2029
2022-09-20,AL,320846,7121
2022-09-20,AM,615834,14318
2022-09-20,AP,178240,2163
2022-09-20,BA,1693594,30692
2022-09-20,CE,1383349,27630
2022-09-20,DF,838530,11828
2022-09-20,ES,1215070,14814
2022-09-20,GO,1695172,27522
2022-09-20,MA,470909,10993
2022-09-20,MG,3878183,63728
2022-09-20,MS,579840,10832
2022-09-20,MT,829175,14942
2022-09-20,PA,837892,18827
2022-09-20,PB,652521,10403
2022-09-20,PE,1055808,22262
2022-09-20,PI,401583,7951
2022-09-20,PR,2745091,45263
2022-09-20,RJ,2508195,75648
2022-09-20,RN,556356,8453
2022-09-20,RO,456035,7356
2022-09-20,RR,174985,2173
2022-09-20,RS,2728826,41026
2022-09-20,SC,1873138,22392
2022-09-20,SE,342872,6434
2022-09-20,SP,6074855,174514
2022-09-20,TO,344256,4204
2022-09-21,AC,149627,2029
2022-09-21,AL,320878,7121
2022-09-21,AM,615887,14320
2022-09-21,AP,178242,2163
2022-09-21,BA,1694337,30694
2022-09-21,CE,1383603,27636
2022-09-21,DF,838573,11829
2022-09-21,ES,1215071,14814
2022-09-21,GO,1696001,27523
2022-09-21,MA,471015,10993
2022-09-21,MG,3878842,63754
2022-09-21,MS,579905,10832
2022-09-21,MT,829487,14943
2022-09-21,PA,838187,18828
2022-09-21,PB,652637,10403
2022-09-21,PE,1056128,22265
2022-09-21,PI,401777,7952
2022-09-21,PR,2745426,45271
2022-09-21,RJ,2508464,75654
2022-09-21,RN,556473,8455
2022-09-21,RO,456167,7356
2022-09-21,RR,174991,2173
2022-09-21,RS,2728937,41029
2022-09-21,SC,1873176,22394
2022-09-21,SE,342873,6434
2022-09-21,SP,6076896,174535
2022-09-21,TO,344347,4204
2022-09-22,AC,149656,2029
2022-09-22,AL,320895,7121
2022-09-22,AM,615975,14320
2022-09-22,AP,178260,2163
2022-09-22,BA,1694803,30696
2022-09-22,CE,1383661,27637
2022-09-22,DF,838619,11829
2022-09-22,ES,1215137,14815
2022-09-22,GO,1697577,27524
2022-09-22,MA,471138,10993
2022-09-22,MG,3879059,63758
2022-09-22,MS,580084,10832
2022-09-22,MT,829671,14944
2022-09-22,PA,838566,18830
2022-09-22,PB,652740,10403
2022-09-22,PE,1056301,22269
2022-09-22,PI,401799,7952
2022-09-22,PR,2745884,45286
2022-09-22,RJ,2508847,75659
2022-09-22,RN,556521,8455
2022-09-22,RO,456225,7357
2022-09-22,RR,175007,2173
2022-09-22,RS,2729709,41034
2022-09-22,SC,1874047,22393
2022-09-22,SE,342878,6434
2022-09-22,SP,6079235,174567
2022-09-22,TO,344361,4204
2022-09-23,AC,149667,2029
2022-09-23,AL,320937,7121
2022-09-23,AM,616038,14320
2022-09-23,AP,178261,2163
2022-09-23,BA,1695377,30696
2022-09-23,CE,1383661,27637
2022-09-23,DF,838675,11829
2022-09-23,ES,1215085,14815
2022-09-23,GO,1698544,27522
2022-09-23,MA,471486,10993
2022-09-23,MG,3879291,63768
2022-09-23,MS,580144,10832
2022-09-23,MT,829862,14944
2022-09-23,PA,838855,18830
2022-09-23,PB,652760,10403
2022-09-23,PE,1056537,22275
2022-09-23,PI,401799,7952
2022-09-23,PR,2746346,45303
2022-09-23,RJ,2509071,75665
2022-09-23,RN,556567,8455
2022-09-23,RO,456292,7359
2022-09-23,RR,175007,2173
2022-09-23,RS,2730709,41043
2022-09-23,SC,1874493,22392
2022-09-23,SE,342879,6434
2022-09-23,SP,6081683,174593
2022-09-23,TO,344401,4204
2022-09-24,AC,149668,2029
2022-09-24,AL,320977,7121
2022-09-24,AM,616100,14320
2022-09-24,AP,178261,2163
2022-09-24,BA,1695786,30696
2022-09-24,CE,1383910,27647
2022-09-24,DF,838675,11829
2022-09-24,ES,1215182,14815
2022-09-24,GO,1699774,27526
2022-09-24,MA,471486,10993
2022-09-24,MG,3879291,63768
2022-09-24,MS,580191,10832
2022-09-24,MT,829862,14944
2022-09-24,PA,839035,18839
2022-09-24,PB,652783,10403
2022-09-24,PE,1056537,22275
2022-09-24,PI,401799,7952
2022-09-24,PR,2746689,45311
2022-09-24,RJ,2509071,75665
2022-09-24,RN,556567,8455
2022-09-24,RO,456375,7355
2022-09-24,RR,175007,2173
2022-09-24,RS,2731460,41048
2022-09-24,SC,1874901,22392
2022-09-24,SE,342880,6434
2022-09-24,SP,6084326,174593
2022-09-24,TO,344401,4204
2022-09-25,AC,149668,2029
2022-09-25,AL,320992,7121
2022-09-25,AM,616134,14320
2022-09-25,AP,178262,2163
2022-09-25,BA,1695917,30697
2022-09-25,CE,1383925,27650
2022-09-25,DF,838675,11829
2022-09-25,ES,1215188,14815
2022-09-25,GO,1700069,27526
2022-09-25,MA,471486,10993
2022-09-25,MG,3879291,63768
2022-09-25,MS,580260,10832
2022-09-25,MT,829862,14944
2022-09-25,PA,839111,18841
2022-09-25,PB,652783,10403
2022-09-25,PE,1056537,22275
2022-09-25,PI,401799,7952
2022-09-25,PR,2746860,45311
2022-09-25,RJ,2509071,75665
2022-09-25,RN,556567,8455
2022-09-25,RO,456375,7355
2022-09-25,RR,175007,2173
2022-09-25,RS,2731594,41054
2022-09-25,SC,1874901,22392
2022-09-25,SE,342881,6435
2022-09-25,SP,6084604,174603
2022-09-25,TO,344401,4204
2022-09-26,AC,149668,2029
2022-09-26,AL,321007,7122
2022-09-26,AM,616169,14322
2022-09-26,AP,178265,2163
2022-09-26,BA,1695921,30697
2022-09-26,CE,1383925,27650
2022-09-26,DF,838770,11829
2022-09-26,ES,1215199,14814
2022-09-26,GO,1700306,27526
2022-09-26,MA,471681,10993
2022-09-26,MG,3879372,63775
2022-09-26,MS,580364,10832
2022-09-26,MT,830204,14947
2022-09-26,PA,839160,18842
2022-09-26,PB,652835,10403
2022-09-26,PE,1057361,22280
2022-09-26,PI,401799,7952
2022-09-26,PR,2747008,45311
2022-09-26,RJ,2512486,75680
2022-09-26,RN,556612,8455
2022-09-26,RO,456375,7355
2022-09-26,RR,175011,2173
2022-09-26,RS,2731688,41047
2022-09-26,SC,1874981,22395
2022-09-26,SE,342881,6435
2022-09-26,SP,6084812,174604
2022-09-26,TO,344428,4204
2022-09-27,AC,149691,2029
2022-09-27,AL,321056,7122
2022-09-27,AM,616206,14323
2022-09-27,AP,178266,2163
2022-09-27,BA,1696286,30698
2022-09-27,CE,1384110,27661
2022-09-27,DF,838834,11829
2022-09-27,ES,1215247,14815
2022-09-27,GO,1701574,27526
2022-09-27,MA,471771,10993
2022-09-27,MG,3879602,63776
2022-09-27,MS,580390,10835
2022-09-27,MT,830280,14947
2022-09-27,PA,839441,18845
2022-09-27,PB,652839,10403
2022-09-27,PE,1057540,22286
2022-09-27,PI,401821,7954
2022-09-27,PR,2747301,45320
2022-09-27,RJ,2513549,75688
2022-09-27,RN,556693,8455
2022-09-27,RO,456427,7355
2022-09-27,RR,175014,2173
2022-09-27,RS,2732458,41047
2022-09-27,SC,1875377,22395
2022-09-27,SE,342883,6435
2022-09-27,SP,6087468,174604
2022-09-27,TO,344453,4204
2022-09-28,AC,149702,2029
2022-09-28,AL,321077,7123
2022-09-28,AM,616246,14325
2022-09-28,AP,178272,2163
2022-09-28,BA,1696887,30698
2022-09-28,CE,1384146,27665
2022-09-28,DF,838926,11830
2022-09-28,ES,1215346,14815
2022-09-28,GO,1702732,27526
2022-09-28,MA,471880,10993
2022-09-28,MG,3880334,63780
2022-09-28,MS,580594,10835
2022-09-28,MT,830364,14947
2022-09-28,PA,839629,18846
2022-09-28,PB,652938,10403
2022-09-28,PE,1057793,22291
2022-09-28,PI,401821,7954
2022-09-28,PR,2747563,45331
2022-09-28,RJ,2513549,75688
2022-09-28,RN,556746,8456
2022-09-28,RO,456427,7355
2022-09-28,RR,175029,2173
2022-09-28,RS,2733203,41063
2022-09-28,SC,1875752,22395
2022-09-28,SE,342885,6435
2022-09-28,SP,6089888,174604
2022-09-28,TO,344461,4204
2022-09-29,AC,149713,2029
2022-09-29,AL,321090,7124
2022-09-29,AM,616279,14325
2022-09-29,AP,178276,2163
2022-09-29,BA,1697240,30699
2022-09-29,CE,1384427,27673
2022-09-29,DF,839020,11831
2022-09-29,ES,1215449,14817
2022-09-29,GO,1703395,27526
2022-09-29,MA,472015,10993
2022-09-29,MG,3880458,63777
2022-09-29,MS,580707,10835
2022-09-29,MT,830488,14947
2022-09-29,PA,839896,18849
2022-09-29,PB,652999,10403
2022-09-29,PE,1058484,22297
2022-09-29,PI,401821,7954
2022-09-29,PR,2747935,45338
2022-09-29,RJ,2515378,75691
2022-09-29,RN,556787,8457
2022-09-29,RO,456537,7358
2022-09-29,RR,175042,2173
2022-09-29,RS,2733942,41080
2022-09-29,SC,1876105,22396
2022-09-29,SE,342889,6435
2022-09-29,SP,6092896,174604
2022-09-29,TO,344463,4204
2022-09-30,AC,149723,2029
2022-09-30,AL,321103,7124
2022-09-30,AM,616307,14327
2022-09-30,AP,178276,2163
2022-09-30,BA,1697693,30703
2022-09-30,CE,1384594,27678
2022-09-30,DF,839110,11831
2022-09-30,ES,1215449,14817
2022-09-30,GO,1704725,27526
2022-09-30,MA,472105,10993
2022-09-30,MG,3880533,63780
2022-09-30,MS,580990,10835
2022-09-30,MT,830597,14947
2022-09-30,PA,840087,18852
2022-09-30,PB,653066,10403
2022-09-30,PE,1058778,22299
2022-09-30,PI,401821,7954
2022-09-30,PR,2748293,45346
2022-09-30,RJ,2516066,75695
2022-09-30,RN,556825,8469
2022-09-30,RO,456737,7358
2022-09-30,RR,175057,2173
2022-09-30,RS,2734697,41087
2022-09-30,SC,1876415,22403
2022-09-30,SE,342889,6436
2022-09-30,SP,6096112,174604
2022-09-30,TO,344476,4204
2022-10-01,AC,149730,2029
2022-10-01,AL,321115,7124
2022-10-01,AM,616328,14327
2022-10-01,AP,178276,2163
2022-10-01,BA,1698098,30703
2022-10-01,CE,1384688,27685
2022-10-01,DF,839110,11831
2022-10-01,ES,1215449,14817
2022-10-01,GO,1705757,27537
2022-10-01,MA,472105,10993
2022-10-01,MG,3880533,63780
2022-10-01,MS,580990,10835
2022-10-01,MT,830597,14947
2022-10-01,PA,840259,18854
2022-10-01,PB,653083,10403
2022-10-01,PE,1058778,22299
2022-10-01,PI,401821,7954
2022-10-01,PR,2748520,45348
2022-10-01,RJ,2516066,75695
2022-10-01,RN,556825,8469
2022-10-01,RO,456764,7358
2022-10-01,RR,175057,2173
2022-10-01,RS,2735304,41089
2022-10-01,SC,1876698,22406
2022-10-01,SE,342890,6436
2022-10-01,SP,6099193,174795
2022-10-01,TO,344476,4204
2022-10-02,AC,149730,2029
2022-10-02,AL,321115,7124
2022-10-02,AM,616347,14327
2022-10-02,AP,178276,2163
2022-10-02,BA,1698100,30703
2022-10-02,CE,1384688,27685
2022-10-02,DF,839110,11831
2022-10-02,ES,1215449,14817
2022-10-02,GO,1705882,27537
2022-10-02,MA,472105,10993
2022-10-02,MG,3880533,63780
2022-10-02,MS,581196,10835
2022-10-02,MT,830597,14947
2022-10-02,PA,840342,18856
2022-10-02,PB,653083,10403
2022-10-02,PE,1058778,22299
2022-10-02,PI,401821,7954
2022-10-02,PR,2748644,45348
2022-10-02,RJ,2516066,75695
2022-10-02,RN,556825,8469
2022-10-02,RO,456765,7358
2022-10-02,RR,175057,2173
2022-10-02,RS,2735396,41092
2022-10-02,SC,1876723,22407
2022-10-02,SE,342890,6437
2022-10-02,SP,6099539,174854
2022-10-02,TO,344476,4204
2022-10-03,AC,149730,2029
2022-10-03,AL,321119,7124
2022-10-03,AM,616379,14329
2022-10-03,AP,178277,2163
2022-10-03,BA,1698101,30705
2022-10-03,CE,1384688,27685
2022-10-03,DF,839233,11831
2022-10-03,ES,1215494,14817
2022-10-03,GO,1706060,27537
2022-10-03,MA,472202,10993
2022-10-03,MG,3881157,63784
2022-10-03,MS,581329,10835
2022-10-03,MT,830776,14947
2022-10-03,PA,840345,18857
2022-10-03,PB,653114,10403
2022-10-03,PE,1059253,22304
2022-10-03,PI,401821,7954
2022-10-03,PR,2748742,45349
2022-10-03,RJ,2518758,75728
2022-10-03,RN,556825,8469
2022-10-03,RO,456842,7358
2022-10-03,RR,175074,2173
2022-10-03,RS,2735413,41092
2022-10-03,SC,1876740,22408
2022-10-03,SE,342890,6437
2022-10-03,SP,6099661,174856
2022-10-03,TO,344506,4204
2022-10-04,AC,149736,2029
2022-10-04,AL,321123,7125
2022-10-04,AM,616419,14331
2022-10-04,AP,178280,2163
2022-10-04,BA,1698395,30708
2022-10-04,CE,1384688,27685
2022-10-04,DF,839281,11831
2022-10-04,ES,1215500,14817
2022-10-04,GO,1706060,27537
2022-10-04,MA,472313,10993
2022-10-04,MG,3881236,63789
2022-10-04,MS,581344,10837
2022-10-04,MT,830868,14947
2022-10-04,PA,840515,18859
2022-10-04,PB,653115,10403
2022-10-04,PE,1059425,22311
2022-10-04,PI,403158,7956
2022-10-04,PR,2748742,45349
2022-10-04,RJ,2519816,75731
2022-10-04,RN,556892,8469
2022-10-04,RO,456921,7358
2022-10-04,RR,175081,2173
2022-10-04,RS,2735902,41098
2022-10-04,SC,1877101,22410
2022-10-04,SE,342892,6438
2022-10-04,SP,6102630,174913
2022-10-04,TO,344463,4204
2022-10-05,AC,149744,2029
2022-10-05,AL,321133,7125
2022-10-05,AM,616452,14333
2022-10-05,AP,178281,2163
2022-10-05,BA,1698619,30709
2022-10-05,CE,1384688,27685
2022-10-05,DF,839354,11831
2022-10-05,ES,1215591,14818
2022-10-05,GO,1706060,27537
2022-10-05,MA,472476,10993
2022-10-05,MG,3881391,63790
2022-10-05,MS,581386,10837
2022-10-05,MT,830950,14947
2022-10-05,PA,840675,18863
2022-10-05,PB,653149,10403
2022-10-05,PE,1059616,22315
2022-10-05,PI,403158,7956
2022-10-05,PR,2749199,45362
2022-10-05,RJ,2520839,75742
2022-10-05,RN,556990,8469
2022-10-05,RO,456938,7358
2022-10-05,RR,175081,2173
2022-10-05,RS,2736558,41107
2022-10-05,SC,1877526,22410
2022-10-05,SE,342895,6438
2022-10-05,SP,6105805,174976
2022-10-05,TO,344463,4204
2022-10-06,AC,149749,2029
2022-10-06,AL,321182,7125
2022-10-06,AM,616488,14335
2022-10-06,AP,178286,2163
2022-10-06,BA,1698824,30710
2022-10-06,CE,1384761,27695
2022-10-06,DF,839412,11831
2022-10-06,ES,1215591,14818
2022-10-06,GO,1708880,27543
2022-10-06,MA,472633,10993
2022-10-06,MG,3881502,63811
2022-10-06,MS,581386,10837
2022-10-06,MT,831025,14947
2022-10-06,PA,840947,18866
2022-10-06,PB,653221,10403
2022-10-06,PE,1059843,22319
2022-10-06,PI,403158,7956
2022-10-06,PR,2749585,45366
2022-10-06,RJ,2520952,75745
2022-10-06,RN,557099,8470
2022-10-06,RO,456961,7360
2022-10-06,RR,175081,2173
2022-10-06,RS,2736998,41110
2022-10-06,SC,1877901,22410
2022-10-06,SE,342896,6438
2022-10-06,SP,6108335,175049
2022-10-06,TO,344537,4204
2022-10-07,AC,149756,2029
2022-10-07,AL,321199,7125
2022-10-07,AM,616527,14335
2022-10-07,AP,178299,2163
2022-10-07,BA,1699232,30715
2022-10-07,CE,1385051,27714
2022-10-07,DF,839480,11831
2022-10-07,ES,1215669,14820
2022-10-07,GO,1710393,27546
2022-10-07,MA,472717,10993
2022-10-07,MG,3881582,63814
2022-10-07,MS,581433,10837
2022-10-07,MT,831094,14947
2022-10-07,PA,841165,18867
2022-10-07,PB,653254,10403
2022-10-07,PE,1060162,22321
2022-10-07,PI,403158,7956
2022-10-07,PR,2749843,45367
2022-10-07,RJ,2522127,75750
2022-10-07,RN,557195,8470
2022-10-07,RO,456993,7360
2022-10-07,RR,175164,2173
2022-10-07,RS,2737467,41119
2022-10-07,SC,1878421,22412
2022-10-07,SE,342899,6439
2022-10-07,SP,6110305,175092
2022-10-07,TO,344552,4205
2022-10-08,AC,149756,2029
2022-10-08,AL,321219,7125
2022-10-08,AM,616559,14335
2022-10-08,AP,178304,2163
2022-10-08,BA,1699232,30715
2022-10-08,CE,1385115,27725
2022-10-08,DF,839480,11831
2022-10-08,ES,1215700,14820
2022-10-08,GO,1710393,27546
2022-10-08,MA,472717,10993
2022-10-08,MG,3881582,63814
2022-10-08,MS,581464,10837
2022-10-08,MT,831094,14947
2022-10-08,PA,841295,18868
2022-10-08,PB,653269,10403
2022-10-08,PE,1060162,22321
2022-10-08,PI,403158,7956
2022-10-08,PR,2750019,45368
2022-10-08,RJ,2522127,75750
2022-10-08,RN,557195,8470
2022-10-08,RO,457025,7360
2022-10-08,RR,175164,2173
2022-10-08,RS,2737937,41123
2022-10-08,SC,1878899,22412
2022-10-08,SE,342902,6439
2022-10-08,SP,6112706,175114
2022-10-08,TO,344552,4205
2022-10-09,AC,149756,2029
2022-10-09,AL,321252,7125
2022-10-09,AM,616580,14335
2022-10-09,AP,178304,2163
2022-10-09,BA,1699232,30715
2022-10-09,CE,1385115,27725
2022-10-09,DF,839480,11831
2022-10-09,ES,1215732,14820
2022-10-09,GO,1710393,27546
2022-10-09,MA,472717,10993
2022-10-09,MG,3881582,63814
2022-10-09,MS,581474,10837
2022-10-09,MT,831094,14947
2022-10-09,PA,841297,18869
2022-10-09,PB,653269,10403
2022-10-09,PE,1060162,22321
2022-10-09,PI,403158,7956
2022-10-09,PR,2750039,45369
2022-10-09,RJ,2522127,75750
2022-10-09,RN,557195,8470
2022-10-09,RO,457025,7360
2022-10-09,RR,175164,2173
2022-10-09,RS,2738005,41123
2022-10-09,SC,1878915,22412
2022-10-09,SE,342902,6439
2022-10-09,SP,6112986,175121
2022-10-09,TO,344552,4205
2022-10-10,AC,149756,2029
2022-10-10,AL,321267,7125
2022-10-10,AM,616604,14337
2022-10-10,AP,178307,2163
2022-10-10,BA,1699751,30715
2022-10-10,CE,1385115,27725
2022-10-10,DF,839547,11831
2022-10-10,ES,1215732,14820
2022-10-10,GO,1711732,27546
2022-10-10,MA,472803,10993
2022-10-10,MG,3881664,63817
2022-10-10,MS,581490,10837
2022-10-10,MT,831357,14948
2022-10-10,PA,841316,18870
2022-10-10,PB,653453,10403
2022-10-10,PE,1060604,22325
2022-10-10,PI,403158,7956
2022-10-10,PR,2750102,45369
2022-10-10,RJ,2523316,75757
2022-10-10,RN,557244,8470
2022-10-10,RO,457046,7360
2022-10-10,RR,175169,2173
2022-10-10,RS,2738051,41129
2022-10-10,SC,1878926,22412
2022-10-10,SE,342902,6439
2022-10-10,SP,6113201,175123
2022-10-10,TO,344576,4205
2022-10-11,AC,149756,2029
2022-10-11,AL,321276,7127
2022-10-11,AM,616644,14339
2022-10-11,AP,178311,2164
2022-10-11,BA,1700009,30722
2022-10-11,CE,1385261,27729
2022-10-11,DF,839623,11831
2022-10-11,ES,1215881,14823
2022-10-11,GO,1712444,27547
2022-10-11,MA,472985,10993
2022-10-11,MG,3881768,63820
2022-10-11,MS,581493,10838
2022-10-11,MT,831444,14950
2022-10-11,PA,841501,18870
2022-10-11,PB,653458,10404
2022-10-11,PE,1060791,22331
2022-10-11,PI,403697,7956
2022-10-11,PR,2750357,45371
2022-10-11,RJ,2524123,75765
2022-10-11,RN,557281,8470
2022-10-11,RO,457118,7361
2022-10-11,RR,175177,2173
2022-10-11,RS,2738621,41141
2022-10-11,SC,1879329,22413
2022-10-11,SE,342904,6439
2022-10-11,SP,6115707,175152
2022-10-11,TO,344580,4205
2022-10-12,AC,149756,2029
2022-10-12,AL,321299,7127
2022-10-12,AM,616682,14339
2022-10-12,AP,178313,2164
2022-10-12,BA,1700009,30722
2022-10-12,CE,1385261,27729
2022-10-12,DF,839623,11831
2022-10-12,ES,1216039,14825
2022-10-12,GO,1712945,27550
2022-10-12,MA,473077,10993
2022-10-12,MG,3881768,63820
2022-10-12,MS,581495,10838
2022-10-12,MT,831444,14950
2022-10-12,PA,841798,18871
2022-10-12,PB,653583,10404
2022-10-12,PE,1060791,22331
2022-10-12,PI,403697,7956
2022-10-12,PR,2750515,45372
2022-10-12,RJ,2524123,75765
2022-10-12,RN,557281,8470
2022-10-12,RO,457136,7361
2022-10-12,RR,175177,2173
2022-10-12,RS,2739184,41147
2022-10-12,SC,1879824,22413
2022-10-12,SE,342904,6439
2022-10-12,SP,6118349,175202
2022-10-12,TO,344580,4205
2022-10-13,AC,149756,2029
2022-10-13,AL,321302,7128
2022-10-13,AM,616708,14341
2022-10-13,AP,178314,2164
2022-10-13,BA,1700520,30732
2022-10-13,CE,1385261,27729
2022-10-13,DF,839703,11831
2022-10-13,ES,1216039,14825
2022-10-13,GO,1713494,27550
2022-10-13,MA,473141,10993
2022-10-13,MG,3881881,63827
2022-10-13,MS,581499,10838
2022-10-13,MT,831444,14950
2022-10-13,PA,841817,18872
2022-10-13,PB,653706,10404
2022-10-13,PE,1061066,22339
2022-10-13,PI,403697,7956
2022-10-13,PR,2750600,45372
2022-10-13,RJ,2525238,75755
2022-10-13,RN,557297,8470
2022-10-13,RO,457154,7361
2022-10-13,RR,175182,2173
2022-10-13,RS,2739245,41150
2022-10-13,SC,1879956,22414
2022-10-13,SE,342904,6439
2022-10-13,SP,6118357,175222
2022-10-13,TO,344584,4205
2022-10-14,AC,149756,2029
2022-10-14,AL,321307,7128
2022-10-14,AM,616750,14341
2022-10-14,AP,178321,2164
2022-10-14,BA,1700826,30737
2022-10-14,CE,1385261,27729
2022-10-14,DF,839752,11831
2022-10-14,ES,1216361,14827
2022-10-14,GO,1714408,27559
2022-10-14,MA,473349,10993
2022-10-14,MG,3882043,63835
2022-10-14,MS,581523,10838
2022-10-14,MT,831444,14950
2022-10-14,PA,842137,18873
2022-10-14,PB,653707,10404
2022-10-14,PE,1061247,22348
2022-10-14,PI,403697,7956
2022-10-14,PR,2750821,45374
2022-10-14,RJ,2526152,75758
2022-10-14,RN,557305,8470
2022-10-14,RO,457231,7361
2022-10-14,RR,175219,2174
2022-10-14,RS,2739695,41153
2022-10-14,SC,1880268,22415
2022-10-14,SE,342904,6440
2022-10-14,SP,6120384,175252
2022-10-14,TO,344594,4205
2022-10-15,AC,149756,2029
2022-10-15,AL,321320,7128
2022-10-15,AM,616791,14341
2022-10-15,AP,178321,2164
2022-10-15,BA,1700826,30737
2022-10-15,CE,1385261,27729
2022-10-15,DF,839752,11831
2022-10-15,ES,1216605,14827
2022-10-15,GO,1715073,27559
2022-10-15,MA,473349,10993
2022-10-15,MG,3882043,63835
2022-10-15,MS,581543,10838
2022-10-15,MT,831444,14950
2022-10-15,PA,842329,18874
2022-10-15,PB,653806,10404
2022-10-15,PE,1061247,22348
2022-10-15,PI,403697,7956
2022-10-15,PR,2750989,45378
2022-10-15,RJ,2526152,75758
2022-10-15,RN,557305,8470
2022-10-15,RO,457245,7361
2022-10-15,RR,175219,2174
2022-10-15,RS,2740123,41157
2022-10-15,SC,1880600,22415
2022-10-15,SE,342904,6440
2022-10-15,SP,6120384,175252
2022-10-15,TO,344594,4205
2022-10-16,AC,149756,2029
2022-10-16,AL,321321,7128
2022-10-16,AM,616824,14341
2022-10-16,AP,178321,2164
2022-10-16,BA,1700826,30737
2022-10-16,CE,1385261,27729
2022-10-16,DF,839752,11831
2022-10-16,ES,1216605,14827
2022-10-16,GO,1715198,27559
2022-10-16,MA,473349,10993
2022-10-16,MG,3882043,63835
2022-10-16,MS,581543,10838
2022-10-16,MT,831444,14950
2022-10-16,PA,842364,18875
2022-10-16,PB,653806,10404
2022-10-16,PE,1061247,22348
2022-10-16,PI,403697,7956
2022-10-16,PR,2751069,45378
2022-10-16,RJ,2526152,75758
2022-10-16,RN,557305,8470
2022-10-16,RO,457245,7361
2022-10-16,RR,175219,2174
2022-10-16,RS,2740229,41158
2022-10-16,SC,1880600,22415
2022-10-16,SE,342904,6440
2022-10-16,SP,6120384,175252
2022-10-16,TO,344594,4205
2022-10-17,AC,149756,2029
2022-10-17,AL,321329,7128
2022-10-17,AM,616852,14344
2022-10-17,AP,178327,2164
2022-10-17,BA,1701121,30743
2022-10-17,CE,1385459,27753
2022-10-17,DF,839752,11831
2022-10-17,ES,1216722,14827
2022-10-17,GO,1716019,27562
2022-10-17,MA,473580,10993
2022-10-17,MG,3882166,63837
2022-10-17,MS,581544,10838
2022-10-17,MT,831635,14953
2022-10-17,PA,842533,18876
2022-10-17,PB,653843,10404
2022-10-17,PE,1061672,22352
2022-10-17,PI,403697,7956
2022-10-17,PR,2751128,45378
2022-10-17,RJ,2526341,75765
2022-10-17,RN,557331,8470
2022-10-17,RO,457251,7361
2022-10-17,RR,175266,2174
2022-10-17,RS,2740299,41158
2022-10-17,SC,1880694,22415
2022-10-17,SE,342906,6440
2022-10-17,SP,6122754,175287
2022-10-17,TO,344613,4205
2022-10-18,AC,149756,2029
2022-10-18,AL,321337,7128
2022-10-18,AM,616992,14346
2022-10-18,AP,178334,2164
2022-10-18,BA,1701343,30750
2022-10-18,CE,1385459,27753
2022-10-18,DF,841987,11831
2022-10-18,ES,1216823,14827
2022-10-18,GO,1716820,27562
2022-10-18,MA,473824,10993
2022-10-18,MG,3882276,63842
2022-10-18,MS,581565,10841
2022-10-18,MT,831672,14953
2022-10-18,PA,842831,18877
2022-10-18,PB,653851,10404
2022-10-18,PE,1061878,22358
2022-10-18,PI,404034,7958
2022-10-18,PR,2751420,45381
2022-10-18,RJ,2526518,75766
2022-10-18,RN,557344,8471
2022-10-18,RO,457297,7361
2022-10-18,RR,175278,2175
2022-10-18,RS,2740998,41162
2022-10-18,SC,1881126,22415
2022-10-18,SE,342906,6440
2022-10-18,SP,6124591,175334
2022-10-18,TO,344613,4205
2022-10-19,AC,149756,2029
2022-10-19,AL,321346,7128
2022-10-19,AM,617179,14348
2022-10-19,AP,178342,2164
2022-10-19,BA,1701630,30756
2022-10-19,CE,1385459,27753
2022-10-19,DF,842065,11831
2022-10-19,ES,1216934,14827
2022-10-19,GO,1718139,27571
2022-10-19,MA,474053,10993
2022-10-19,MG,3882361,63847
2022-10-19,MS,581591,10841
2022-10-19,MT,831672,14953
2022-10-19,PA,843103,18878
2022-10-19,PB,653937,10406
2022-10-19,PE,1062108,22366
2022-10-19,PI,404034,7958
2022-10-19,PR,2751580,45395
2022-10-19,RJ,2528836,75776
2022-10-19,RN,557367,8472
2022-10-19,RO,457313,7361
2022-10-19,RR,175294,2175
2022-10-19,RS,2741730,41164
2022-10-19,SC,1881603,22415
2022-10-19,SE,342908,6440
2022-10-19,SP,6126367,175371
2022-10-19,TO,344613,4205
2022-10-20,AC,149756,2029
2022-10-20,AL,321374,7128
2022-10-20,AM,617360,14350
2022-10-20,AP,178346,2164
2022-10-20,BA,1701630,30761
2022-10-20,CE,1385459,27753
2022-10-20,DF,842171,11831
2022-10-20,ES,1217028,14827
2022-10-20,GO,1719402,27571
2022-10-20,MA,474323,10993
2022-10-20,MG,3882502,63858
2022-10-20,MS,581591,10841
2022-10-20,MT,831808,14954
2022-10-20,PA,843390,18879
2022-10-20,PB,653999,10406
2022-10-20,PE,1062300,22372
2022-10-20,PI,404034,7958
2022-10-20,PR,2751771,45399
2022-10-20,RJ,2529682,75800
2022-10-20,RN,557392,8472
2022-10-20,RO,457328,7361
2022-10-20,RR,175334,2175
2022-10-20,RS,2742521,41169
2022-10-20,SC,1881868,22415
2022-10-20,SE,342910,6441
2022-10-20,SP,6126367,175371
2022-10-20,TO,344613,4205
2022-10-21,AC,149756,2029
2022-10-21,AL,321384,7128
2022-10-21,AM,617558,14350
2022-10-21,AP,178350,2164
2022-10-21,BA,1701630,30765
2022-10-21,CE,1385821,27765
2022-10-21,DF,842223,11831
2022-10-21,ES,1216991,14827
2022-10-21,GO,1720590,27571
2022-10-21,MA,474388,10994
2022-10-21,MG,3882803,63864
2022-10-21,MS,581591,10841
2022-10-21,MT,831861,14954
2022-10-21,PA,843650,18880
2022-10-21,PB,654059,10406
2022-10-21,PE,1062457,22380
2022-10-21,PI,404034,7958
2022-10-21,PR,2751982,45404
2022-10-21,RJ,2529881,75803
2022-10-21,RN,557400,8473
2022-10-21,RO,457364,7361
2022-10-21,RR,175344,2175
2022-10-21,RS,2743164,41172
2022-10-21,SC,1882290,22415
2022-10-21,SE,342911,6441
2022-10-21,SP,6126367,175371
2022-10-21,TO,344613,4205
2022-10-22,AC,149756,2029
2022-10-22,AL,321399,7128
2022-10-22,AM,617780,14350
2022-10-22,AP,178350,2164
2022-10-22,BA,1701630,30765
2022-10-22,CE,1385934,27790
2022-10-22,DF,842223,11831
2022-10-22,ES,1216980,14827
2022-10-22,GO,1721089,27576
2022-10-22,MA,474388,10994
2022-10-22,MG,3882803,63864
2022-10-22,MS,581591,10841
2022-10-22,MT,831861,14954
2022-10-22,PA,843759,18881
2022-10-22,PB,654107,10406
2022-10-22,PE,1062457,22380
2022-10-22,PI,404034,7958
2022-10-22,PR,2752192,45412
2022-10-22,RJ,2529881,75803
2022-10-22,RN,557400,8473
2022-10-22,RO,457532,7361
2022-10-22,RR,175344,2175
2022-10-22,RS,2743164,41172
2022-10-22,SC,1882604,22415
2022-10-22,SE,342912,6441
2022-10-22,SP,6126367,175371
2022-10-22,TO,344613,4205
2022-10-23,AC,149756,2029
2022-10-23,AL,321415,7128
2022-10-23,AM,617861,14350
2022-10-23,AP,178350,2164
2022-10-23,BA,1701630,30765
2022-10-23,CE,1385958,27790
2022-10-23,DF,842223,11831
2022-10-23,ES,1216995,14827
2022-10-23,GO,1721202,27577
2022-10-23,MA,474388,10994
2022-10-23,MG,3882803,63864
2022-10-23,MS,581970,10841
2022-10-23,MT,831861,14954
2022-10-23,PA,843813,18882
2022-10-23,PB,654107,10406
2022-10-23,PE,1062457,22380
2022-10-23,PI,404034,7958
2022-10-23,PR,2752255,45413
2022-10-23,RJ,2529881,75803
2022-10-23,RN,557400,8473
2022-10-23,RO,457532,7361
2022-10-23,RR,175344,2175
2022-10-23,RS,2743931,41177
2022-10-23,SC,1882728,22415
2022-10-23,SE,342912,6441
2022-10-23,SP,6126367,175371
2022-10-23,TO,344613,4205
2022-10-24,AC,149756,2029
2022-10-24,AL,321425,7128
2022-10-24,AM,617914,14351
2022-10-24,AP,178360,2164
2022-10-24,BA,1702331,30772
2022-10-24,CE,1385958,27790
2022-10-24,DF,842365,11831
2022-10-24,ES,1216926,14827
2022-10-24,GO,1721344,27578
2022-10-24,MA,474466,10994
2022-10-24,MG,3882956,63870
2022-10-24,MS,581969,10841
2022-10-24,MT,832070,14954
2022-10-24,PA,843852,18882
2022-10-24,PB,654146,10406
2022-10-24,PE,1062749,22384
2022-10-24,PI,404034,7958
2022-10-24,PR,2752331,45413
2022-10-24,RJ,2531559,75820
2022-10-24,RN,557422,8473
2022-10-24,RO,457536,7361
2022-10-24,RR,175344,2175
2022-10-24,RS,2743963,41178
2022-10-24,SC,1882786,22407
2022-10-24,SE,342912,6441
2022-10-24,SP,6132167,175434
2022-10-24,TO,344668,4205
2022-10-25,AC,149756,2029
2022-10-25,AL,321434,7128
2022-10-25,AM,618004,14353
2022-10-25,AP,178366,2164
2022-10-25,BA,1702621,30776
2022-10-25,CE,1385958,27790
2022-10-25,DF,842468,11831
2022-10-25,ES,1216949,14827
2022-10-25,GO,1721645,27577
2022-10-25,MA,474564,10994
2022-10-25,MG,3883090,63870
2022-10-25,MS,582005,10843
2022-10-25,MT,832139,14954
2022-10-25,PA,844036,18882
2022-10-25,PB,654149,10406
2022-10-25,PE,1062917,22388
2022-10-25,PI,404480,7959
2022-10-25,PR,2752597,45421
2022-10-25,RJ,2531903,75821
2022-10-25,RN,557426,8473
2022-10-25,RO,457570,7361
2022-10-25,RR,175399,2175
2022-10-25,RS,2744601,41183
2022-10-25,SC,1883135,22408
2022-10-25,SE,342912,6441
2022-10-25,SP,6134532,175451
2022-10-25,TO,344668,4205
2022-10-26,AC,149756,2029
2022-10-26,AL,321440,7128
2022-10-26,AM,618125,14354
2022-10-26,AP,178369,2164
2022-10-26,BA,1702852,30781
2022-10-26,CE,1386171,27901
2022-10-26,DF,842531,11831
2022-10-26,ES,1216949,14827
2022-10-26,GO,1722244,27576
2022-10-26,MA,474609,10995
2022-10-26,MG,3883224,63876
2022-10-26,MS,582115,10843
2022-10-26,MT,832189,14955
2022-10-26,PA,844375,18882
2022-10-26,PB,654188,10406
2022-10-26,PE,1063149,22393
2022-10-26,PI,404480,7959
2022-10-26,PR,2752718,45423
2022-10-26,RJ,2533357,75845
2022-10-26,RN,557443,8482
2022-10-26,RO,457615,7361
2022-10-26,RR,175421,2175
2022-10-26,RS,2745027,41187
2022-10-26,SC,1883438,22409
2022-10-26,SE,342912,6441
2022-10-26,SP,6137710,175479
2022-10-26,TO,344668,4205
2022-10-27,AC,149756,2029
2022-10-27,AL,321498,7128
2022-10-27,AM,618372,14356
2022-10-27,AP,178377,2164
2022-10-27,BA,1703178,30785
2022-10-27,CE,1386262,27904
2022-10-27,DF,842639,11831
2022-10-27,ES,1217030,14827
2022-10-27,GO,1723116,27578
2022-10-27,MA,474667,10995
2022-10-27,MG,3883357,63876
2022-10-27,MS,582160,10843
2022-10-27,MT,832189,14955
2022-10-27,PA,844630,18883
2022-10-27,PB,654227,10406
2022-10-27,PE,1063628,22399
2022-10-27,PI,404480,7959
2022-10-27,PR,2752889,45427
2022-10-27,RJ,2534326,75850
2022-10-27,RN,557454,8482
2022-10-27,RO,457626,7361
2022-10-27,RR,175437,2175
2022-10-27,RS,2745859,41190
2022-10-27,SC,1883899,22409
2022-10-27,SE,342912,6441
2022-10-27,SP,6140622,175504
2022-10-27,TO,344668,4205
2022-10-28,AC,149756,2029
2022-10-28,AL,321509,7128
2022-10-28,AM,618650,14356
2022-10-28,AP,178379,2164
2022-10-28,BA,1703419,30787
2022-10-28,CE,1386362,27966
2022-10-28,DF,842639,11831
2022-10-28,ES,1217030,14827
2022-10-28,GO,1724527,27577
2022-10-28,MA,474692,10996
2022-10-28,MG,3883495,63879
2022-10-28,MS,582262,10843
2022-10-28,MT,832272,14956
2022-10-28,PA,844786,18884
2022-10-28,PB,654339,10406
2022-10-28,PE,1064117,22404
2022-10-28,PI,404480,7959
2022-10-28,PR,2753162,45429
2022-10-28,RJ,2534812,75853
2022-10-28,RN,557463,8482
2022-10-28,RO,457642,7361
2022-10-28,RR,175480,2175
2022-10-28,RS,2746332,41192
2022-10-28,SC,1884317,22409
2022-10-28,SE,342914,6441
2022-10-28,SP,6142723,175541
2022-10-28,TO,344668,4205
2022-10-29,AC,149756,2029
2022-10-29,AL,321516,7128
2022-10-29,AM,618927,14356
2022-10-29,AP,178387,2164
2022-10-29,BA,1703419,30787
2022-10-29,CE,1386362,27966
2022-10-29,DF,842639,11831
2022-10-29,ES,1217030,14827
2022-10-29,GO,1725423,27577
2022-10-29,MA,474692,10996
2022-10-29,MG,3883495,63879
2022-10-29,MS,582293,10843
2022-10-29,MT,832272,14956
2022-10-29,PA,844928,18885
2022-10-29,PB,654353,10406
2022-10-29,PE,1064117,22404
2022-10-29,PI,404480,7959
2022-10-29,PR,2753364,45439
2022-10-29,RJ,2534812,75853
2022-10-29,RN,557463,8482
2022-10-29,RO,457643,7361
2022-10-29,RR,175480,2175
2022-10-29,RS,2746332,41192
2022-10-29,SC,1884581,22409
2022-10-29,SE,342914,6441
2022-10-29,SP,6142723,175541
2022-10-29,TO,344668,4205
2022-10-30,AC,149756,2029
2022-10-30,AL,321538,7128
2022-10-30,AM,618967,14356
2022-10-30,AP,178387,2164
2022-10-30,BA,1703419,30787
2022-10-30,CE,1386362,27966
2022-10-30,DF,842639,11831
2022-10-30,ES,1217030,14827
2022-10-30,GO,1725612,27577
2022-10-30,MA,474692,10996
2022-10-30,MG,3883495,63879
2022-10-30,MS,582303,10843
2022-10-30,MT,832272,14956
2022-10-30,PA,844937,18886
2022-10-30,PB,654353,10406
2022-10-30,PE,1064117,22404
2022-10-30,PI,404480,7959
2022-10-30,PR,2753439,45439
2022-10-30,RJ,2534812,75853
2022-10-30,RN,557463,8482
2022-10-30,RO,457643,7361
2022-10-30,RR,175480,2175
2022-10-30,RS,2746662,41192
2022-10-30,SC,1884703,22409
2022-10-30,SE,342914,6441
2022-10-30,SP,6142723,175541
2022-10-30,TO,344668,4205
2022-10-31,AC,149854,2029
2022-10-31,AL,321558,7128
2022-10-31,AM,619016,14358
2022-10-31,AP,178413,2164
2022-10-31,BA,1703620,30791
2022-10-31,CE,1386435,27996
2022-10-31,DF,842855,11832
2022-10-31,ES,1217137,14830
2022-10-31,GO,1725689,27579
2022-10-31,MA,474696,10996
2022-10-31,MG,3883495,63879
2022-10-31,MS,582306,10843
2022-10-31,MT,832378,14957
2022-10-31,PA,844941,18886
2022-10-31,PB,654370,10406
2022-10-31,PE,1064929,22406
2022-10-31,PI,404480,7959
2022-10-31,PR,2753516,45440
2022-10-31,RJ,2535589,75858
2022-10-31,RN,557517,8483
2022-10-31,RO,457655,7361
2022-10-31,RR,175480,2175
2022-10-31,RS,2746690,41191
2022-10-31,SC,1884803,22409
2022-10-31,SE,342914,6441
2022-10-31,SP,6143549,175554
2022-10-31,TO,344864,4206
2022-11-01,AC,149871,2029
2022-11-01,AL,321561,7128
2022-11-01,AM,619286,14358
2022-11-01,AP,178427,2164
2022-11-01,BA,1703991,30792
2022-11-01,CE,1386482,28005
2022-11-01,DF,842972,11832
2022-11-01,ES,1217371,14834
2022-11-01,GO,1726577,27578
2022-11-01,MA,474700,10996
2022-11-01,MG,3883495,63879
2022-11-01,MS,582327,10845
2022-11-01,MT,832432,14957
2022-11-01,PA,845141,18886
2022-11-01,PB,654376,10406
2022-11-01,PE,1065225,22410
2022-11-01,PI,404893,7959
2022-11-01,PR,2753618,45446
2022-11-01,RJ,2537507,75871
2022-11-01,RN,557553,8483
2022-11-01,RO,457668,7361
2022-11-01,RR,175526,2175
2022-11-01,RS,2747139,41195
2022-11-01,SC,1885294,22409
2022-11-01,SE,342914,6441
2022-11-01,SP,6145825,175574
2022-11-01,TO,344864,4206
2022-11-02,AC,149883,2029
2022-11-02,AL,321574,7128
2022-11-02,AM,619514,14358
2022-11-02,AP,178429,2164
2022-11-02,BA,1703991,30792
2022-11-02,CE,1386482,28005
2022-11-02,DF,842972,11832
2022-11-02,ES,1217423,14834
2022-11-02,GO,1727304,27580
2022-11-02,MA,474700,10996
2022-11-02,MG,3883495,63879
2022-11-02,MS,582355,10845
2022-11-02,MT,832432,14957
2022-11-02,PA,845261,18887
2022-11-02,PB,654467,10406
2022-11-02,PE,1065225,22410
2022-11-02,PI,404893,7959
2022-11-02,PR,2753770,45447
2022-11-02,RJ,2537507,75871
2022-11-02,RN,557553,8483
2022-11-02,RO,457681,7361
2022-11-02,RR,175526,2175
2022-11-02,RS,2747582,41199
2022-11-02,SC,1885714,22409
2022-11-02,SE,342915,6442
2022-11-02,SP,6145825,175574
2022-11-02,TO,344864,4206
2022-11-03,AC,149883,2029
2022-11-03,AL,321576,7128
2022-11-03,AM,619602,14358
2022-11-03,AP,178457,2164
2022-11-03,BA,1704331,30793
2022-11-03,CE,1386646,28007
2022-11-03,DF,843120,11832
2022-11-03,ES,1217427,14834
2022-11-03,GO,1727471,27580
2022-11-03,MA,474722,10997
2022-11-03,MG,3884183,63881
2022-11-03,MS,582363,10845
2022-11-03,MT,832512,14957
2022-11-03,PA,845277,18887
2022-11-03,PB,654521,10406
2022-11-03,PE,1065691,22411
2022-11-03,PI,404893,7959
2022-11-03,PR,2753866,45447
2022-11-03,RJ,2539001,75872
2022-11-03,RN,557561,8483
2022-11-03,RO,457683,7361
2022-11-03,RR,175563,2175
2022-11-03,RS,2747638,41200
2022-11-03,SC,1885909,22411
2022-11-03,SE,342915,6442
2022-11-03,SP,6148633,175602
2022-11-03,TO,344864,4206
2022-11-04,AC,149885,2029
2022-11-04,AL,321582,7128
2022-11-04,AM,619738,14358
2022-11-04,AP,178467,2164
2022-11-04,BA,1704438,30795
2022-11-04,CE,1386713,28007
2022-11-04,DF,843162,11832
2022-11-04,ES,1217546,14834
2022-11-04,GO,1727729,27581
2022-11-04,MA,474755,10997
2022-11-04,MG,3884248,63887
2022-11-04,MS,582378,10845
2022-11-04,MT,832626,14957
2022-11-04,PA,845475,18887
2022-11-04,PB,654535,10406
2022-11-04,PE,1066026,22413
2022-11-04,PI,404893,7959
2022-11-04,PR,2754083,45453
2022-11-04,RJ,2539180,75881
2022-11-04,RN,557573,8483
2022-11-04,RO,457688,7361
2022-11-04,RR,175594,2175
2022-11-04,RS,2747770,41200
2022-11-04,SC,1886154,22412
2022-11-04,SE,342915,6442
2022-11-04,SP,6149046,175640
2022-11-04,TO,344864,4206
2022-11-05,AC,149916,2029
2022-11-05,AL,321589,7129
2022-11-05,AM,619862,14358
2022-11-05,AP,178467,2164
2022-11-05,BA,1704438,30795
2022-11-05,CE,1386756,28010
2022-11-05,DF,843162,11832
2022-11-05,ES,1217623,14834
2022-11-05,GO,1727729,27581
2022-11-05,MA,474755,10997
2022-11-05,MG,3884248,63887
2022-11-05,MS,582378,10845
2022-11-05,MT,832626,14957
2022-11-05,PA,845693,18888
2022-11-05,PB,654557,10406
2022-11-05,PE,1066026,22413
2022-11-05,PI,404893,7959
2022-11-05,PR,2754310,45454
2022-11-05,RJ,2539180,75881
2022-11-05,RN,557573,8483
2022-11-05,RO,457695,7361
2022-11-05,RR,175594,2175
2022-11-05,RS,2748011,41204
2022-11-05,SC,1886464,22412
2022-11-05,SE,342918,6442
2022-11-05,SP,6149046,175640
2022-11-05,TO,344864,4206
2022-11-06,AC,149916,2029
2022-11-06,AL,321615,7129
2022-11-06,AM,619918,14358
2022-11-06,AP,178467,2164
2022-11-06,BA,1704438,30795
2022-11-06,CE,1386756,28010
2022-11-06,DF,843162,11832
2022-11-06,ES,1217608,14834
2022-11-06,GO,1728300,27584
2022-11-06,MA,474755,10997
2022-11-06,MG,3884248,63887
2022-11-06,MS,582378,10845
2022-11-06,MT,832626,14957
2022-11-06,PA,845767,18889
2022-11-06,PB,654557,10406
2022-11-06,PE,1066026,22413
2022-11-06,PI,404893,7959
2022-11-06,PR,2754398,45454
2022-11-06,RJ,2539180,75881
2022-11-06,RN,557573,8483
2022-11-06,RO,457695,7361
2022-11-06,RR,175594,2175
2022-11-06,RS,2748071,41204
2022-11-06,SC,1886681,22413
2022-11-06,SE,342918,6443
2022-11-06,SP,6149046,175640
2022-11-06,TO,344864,4206
2022-11-07,AC,149937,2029
2022-11-07,AL,321639,7129
2022-11-07,AM,620028,14361
2022-11-07,AP,178516,2164
2022-11-07,BA,1704535,30797
2022-11-07,CE,1386756,28010
2022-11-07,DF,843265,11832
2022-11-07,ES,1217718,14835
2022-11-07,GO,1729007,27584
2022-11-07,MA,474759,10997
2022-11-07,MG,3884466,63889
2022-11-07,MS,582378,10845
2022-11-07,MT,832667,14957
2022-11-07,PA,845801,18890
2022-11-07,PB,654637,10406
2022-11-07,PE,1066414,22414
2022-11-07,PI,404893,7959
2022-11-07,PR,2754530,45454
2022-11-07,RJ,2540145,75884
2022-11-07,RN,557592,8484
2022-11-07,RO,457703,7361
2022-11-07,RR,175634,2175
2022-11-07,RS,2748115,41204
2022-11-07,SC,1886824,22413
2022-11-07,SE,342918,6443
2022-11-07,SP,6149751,175673
2022-11-07,TO,344864,4206
2022-11-08,AC,149974,2029
2022-11-08,AL,321659,7130
2022-11-08,AM,620246,14363
2022-11-08,AP,178563,2164
2022-11-08,BA,1704945,30798
2022-11-08,CE,1386795,28010
2022-11-08,DF,843414,11832
2022-11-08,ES,1217842,14835
2022-11-08,GO,1730576,27589
2022-11-08,MA,474820,10998
2022-11-08,MG,3885635,63894
2022-11-08,MS,582454,10846
2022-11-08,MT,832805,14958
2022-11-08,PA,846081,18890
2022-11-08,PB,654771,10406
2022-11-08,PE,1067001,22415
2022-11-08,PI,404893,7959
2022-11-08,PR,2754799,45455
2022-11-08,RJ,2543735,75891
2022-11-08,RN,557640,8484
2022-11-08,RO,457752,7361
2022-11-08,RR,175722,2175
2022-11-08,RS,2748699,41208
2022-11-08,SC,1887307,22416
2022-11-08,SE,342921,6443
2022-11-08,SP,6152212,175731
2022-11-08,TO,344892,4207
2022-11-09,AC,149974,2029
2022-11-09,AL,321668,7130
2022-11-09,AM,620456,14365
2022-11-09,AP,178604,2164
2022-11-09,BA,1705217,30798
2022-11-09,CE,1387045,28011
2022-11-09,DF,843665,11832
2022-11-09,ES,1218147,14837
2022-11-09,GO,1731955,27590
2022-11-09,MA,474881,10998
2022-11-09,MG,3884811,63894
2022-11-09,MS,582454,10846
2022-11-09,MT,832881,14958
2022-11-09,PA,846447,18891
2022-11-09,PB,654772,10407
2022-11-09,PE,1067481,22419
2022-11-09,PI,405043,7960
2022-11-09,PR,2755038,45456
2022-11-09,RJ,2545814,75896
2022-11-09,RN,557782,8484
2022-11-09,RO,457761,7361
2022-11-09,RR,175815,2175
2022-11-09,RS,2749229,41211
2022-11-09,SC,1887787,22418
2022-11-09,SE,342927,6443
2022-11-09,SP,6155013,175787
2022-11-09,TO,344892,4207
2022-11-10,AC,150005,2029
2022-11-10,AL,321687,7130
2022-11-10,AM,620680,14367
2022-11-10,AP,178608,2164
2022-11-10,BA,1705450,30800
2022-11-10,CE,1387267,28013
2022-11-10,DF,843761,11832
2022-11-10,ES,1218319,14836
2022-11-10,GO,1733327,27591
2022-11-10,MA,475037,10998
2022-11-10,MG,3884996,63895
2022-11-10,MS,582454,10846
2022-11-10,MT,832881,14958
2022-11-10,PA,846765,18893
2022-11-10,PB,654968,10407
2022-11-10,PE,1068118,22423
2022-11-10,PI,405043,7960
2022-11-10,PR,2755399,45457
2022-11-10,RJ,2550389,75896
2022-11-10,RN,557834,8484
2022-11-10,RO,457884,7362
2022-11-10,RR,175874,2175
2022-11-10,RS,2749668,41218
2022-11-10,SC,1888190,22419
2022-11-10,SE,342930,6443
2022-11-10,SP,6157150,175804
2022-11-10,TO,344892,4207
2022-11-11,AC,150055,2029
2022-11-11,AL,321709,7131
2022-11-11,AM,620918,14369
2022-11-11,AP,178709,2164
2022-11-11,BA,1705450,30800
2022-11-11,CE,1387542,28013
2022-11-11,DF,844222,11832
2022-11-11,ES,1218518,14836
2022-11-11,GO,1735109,27593
2022-11-11,MA,475284,10998
2022-11-11,MG,3885219,63897
2022-11-11,MS,582454,10846
2022-11-11,MT,833011,14958
2022-11-11,PA,846950,18895
2022-11-11,PB,655228,10407
2022-11-11,PE,1068886,22427
2022-11-11,PI,405043,7960
2022-11-11,PR,2755904,45458
2022-11-11,RJ,2557979,75908
2022-11-11,RN,557893,8484
2022-11-11,RO,458001,7362
2022-11-11,RR,175957,2175
2022-11-11,RS,2750475,41220
2022-11-11,SC,1888915,22419
2022-11-11,SE,342945,6443
2022-11-11,SP,6160930,175825
2022-11-11,TO,344892,4207
2022-11-12,AC,150091,2029
2022-11-12,AL,321738,7133
2022-11-12,AM,621120,14369
2022-11-12,AP,178728,2164
2022-11-12,BA,1705450,30800
2022-11-12,CE,1387747,28013
2022-11-12,DF,844222,11832
2022-11-12,ES,1218783,14836
2022-11-12,GO,1735638,27592
2022-11-12,MA,475284,10998
2022-11-12,MG,3885219,63897
2022-11-12,MS,582454,10846
2022-11-12,MT,833011,14958
2022-11-12,PA,847241,18896
2022-11-12,PB,655880,10406
2022-11-12,PE,1068886,22427
2022-11-12,PI,405043,7960
2022-11-12,PR,2756167,45455
2022-11-12,RJ,2557979,75908
2022-11-12,RN,557893,8484
2022-11-12,RO,458044,7362
2022-11-12,RR,175957,2175
2022-11-12,RS,2751050,41221
2022-11-12,SC,1889536,22418
2022-11-12,SE,342954,6443
2022-11-12,SP,6160930,175825
2022-11-12,TO,344892,4207
2022-11-13,AC,150098,2029
2022-11-13,AL,321759,7133
2022-11-13,AM,621177,14369
2022-11-13,AP,178734,2164
2022-11-13,BA,1705450,30800
2022-11-13,CE,1387747,28013
2022-11-13,DF,844222,11832
2022-11-13,ES,1218889,14836
2022-11-13,GO,1735867,27592
2022-11-13,MA,475284,10998
2022-11-13,MG,3885219,63897
2022-11-13,MS,582454,10846
2022-11-13,MT,833011,14958
2022-11-13,PA,847289,18897
2022-11-13,PB,655880,10406
2022-11-13,PE,1068886,22427
2022-11-13,PI,405043,7960
2022-11-13,PR,2756369,45455
2022-11-13,RJ,2557979,75908
2022-11-13,RN,557893,8484
2022-11-13,RO,457995,7362
2022-11-13,RR,175957,2175
2022-11-13,RS,2751221,41222
2022-11-13,SC,1889732,22420
2022-11-13,SE,342954,6443
2022-11-13,SP,6160930,175825
2022-11-13,TO,344892,4207
2022-11-14,AC,150111,2029
2022-11-14,AL,321810,7134
2022-11-14,AM,621237,14371
2022-11-14,AP,178886,2164
2022-11-14,BA,1706526,30800
2022-11-14,CE,1387747,28013
2022-11-14,DF,844882,11832
2022-11-14,ES,1219139,14836
2022-11-14,GO,1736116,27592
2022-11-14,MA,475396,10998
2022-11-14,MG,3885219,63897
2022-11-14,MS,582454,10846
2022-11-14,MT,833011,14958
2022-11-14,PA,847305,18897
2022-11-14,PB,656896,10409
2022-11-14,PE,1068886,22427
2022-11-14,PI,405043,7960
2022-11-14,PR,2756520,45455
2022-11-14,RJ,2559374,75911
2022-11-14,RN,558003,8484
2022-11-14,RO,458054,7362
2022-11-14,RR,176070,2175
2022-11-14,RS,2751380,41222
2022-11-14,SC,1889932,22421
2022-11-14,SE,342975,6443
2022-11-14,SP,6163190,175851
2022-11-14,TO,344892,4207
2022-11-15,AC,150120,2029
2022-11-15,AL,321890,7134
2022-11-15,AM,621355,14371
2022-11-15,AP,178887,2164
2022-11-15,BA,1706526,30800
2022-11-15,CE,1387999,28013
2022-11-15,DF,844882,11832
2022-11-15,ES,1219522,14837
2022-11-15,GO,1736116,27592
2022-11-15,MA,475519,10998
2022-11-15,MG,3885219,63897
2022-11-15,MS,582739,10848
2022-11-15,MT,833011,14958
2022-11-15,PA,847361,18898
2022-11-15,PB,657099,10409
2022-11-15,PE,1068886,22427
2022-11-15,PI,405043,7960
2022-11-15,PR,2756815,45455
2022-11-15,RJ,2559374,75911
2022-11-15,RN,558003,8484
2022-11-15,RO,458054,7362
2022-11-15,RR,176070,2175
2022-11-15,RS,2751380,41222
2022-11-15,SC,1890169,22425
2022-11-15,SE,343006,6443
2022-11-15,SP,6163190,175851
2022-11-15,TO,344892,4207
2022-11-16,AC,150124,2029
2022-11-16,AL,321942,7134
2022-11-16,AM,621509,14373
2022-11-16,AP,179338,2164
2022-11-16,BA,1706611,30803
2022-11-16,CE,1388048,28013
2022-11-16,DF,845346,11832
2022-11-16,ES,1220250,14838
2022-11-16,GO,1736116,27592
2022-11-16,MA,475590,10998
2022-11-16,MG,3885728,63899
2022-11-16,MS,582739,10848
2022-11-16,MT,833277,14961
2022-11-16,PA,847367,18898
2022-11-16,PB,657341,10412
2022-11-16,PE,1070529,22431
2022-11-16,PI,405152,7960
2022-11-16,PR,2757020,45455
2022-11-16,RJ,2568178,75924
2022-11-16,RN,558027,8485
2022-11-16,RO,458054,7362
2022-11-16,RR,176288,2175
2022-11-16,RS,2751565,41225
2022-11-16,SC,1890213,22427
2022-11-16,SE,343102,6443
2022-11-16,SP,6163619,175875
2022-11-16,TO,345000,4208
2022-11-17,AC,152558,2029
2022-11-17,AL,322114,7134
2022-11-17,AM,621752,14375
2022-11-17,AP,179610,2164
2022-11-17,BA,1707701,30803
2022-11-17,CE,1388805,28013
2022-11-17,DF,846055,11832
2022-11-17,ES,1221366,14839
2022-11-17,GO,1738412,27592
2022-11-17,MA,475737,10998
2022-11-17,MG,3886775,63901
2022-11-17,MS,582739,10848
2022-11-17,MT,833416,14962
2022-11-17,PA,847548,18899
2022-11-17,PB,657359,10414
2022-11-17,PE,1072540,22434
2022-11-17,PI,405152,7960
2022-11-17,PR,2758110,45457
2022-11-17,RJ,2579867,75936
2022-11-17,RN,558239,8485
2022-11-17,RO,458141,7363
2022-11-17,RR,176288,2175
2022-11-17,RS,2753209,41228
2022-11-17,SC,1891776,22430
2022-11-17,SE,343215,6444
2022-11-17,SP,6167559,175912
2022-11-17,TO,345000,4208
2022-11-18,AC,152683,2029
2022-11-18,AL,322206,7135
2022-11-18,AM,622026,14377
2022-11-18,AP,179730,2164
2022-11-18,BA,1708438,30805
2022-11-18,CE,1389409,28013
2022-11-18,DF,846604,11832
2022-11-18,ES,1222727,14839
2022-11-18,GO,1738946,27594
2022-11-18,MA,475899,11000
2022-11-18,MG,3888454,63908
2022-11-18,MS,582739,10848
2022-11-18,MT,833547,14964
2022-11-18,PA,847964,18901
2022-11-18,PB,659230,10417
2022-11-18,PE,1073768,22437
2022-11-18,PI,405152,7960
2022-11-18,PR,2759272,45463
2022-11-18,RJ,2590500,75944
2022-11-18,RN,558590,8485
2022-11-18,RO,458232,7363
2022-11-18,RR,176919,2175
2022-11-18,RS,2754244,41231
2022-11-18,SC,1893248,22430
2022-11-18,SE,343363,6444
2022-11-18,SP,6170605,175941
2022-11-18,TO,345000,4208
2022-11-19,AC,152694,2029
2022-11-19,AL,322381,7136
2022-11-19,AM,622185,14379
2022-11-19,AP,179819,2165
2022-11-19,BA,1708438,30805
2022-11-19,CE,1389409,28013
2022-11-19,DF,846604,11832
2022-11-19,ES,1223731,14839
2022-11-19,GO,1739466,27595
2022-11-19,MA,475899,11000
2022-11-19,MG,3888454,63908
2022-11-19,MS,582739,10848
2022-11-19,MT,833547,14964
2022-11-19,PA,848403,18903
2022-11-19,PB,660568,10418
2022-11-19,PE,1073768,22437
2022-11-19,PI,405152,7960
2022-11-19,PR,2760620,45465
2022-11-19,RJ,2590500,75944
2022-11-19,RN,558590,8485
2022-11-19,RO,458362,7364
2022-11-19,RR,176919,2175
2022-11-19,RS,2755461,41232
2022-11-19,SC,1894411,22431
2022-11-19,SE,343484,6444
2022-11-19,SP,6170605,175941
2022-11-19,TO,345000,4208
2022-11-20,AC,152823,2029
2022-11-20,AL,322531,7136
2022-11-20,AM,622243,14381
2022-11-20,AP,179821,2165
2022-11-20,BA,1708438,30805
2022-11-20,CE,1390154,28016
2022-11-20,DF,846604,11832
2022-11-20,ES,1224091,14839
2022-11-20,GO,1739466,27595
2022-11-20,MA,475899,11000
2022-11-20,MG,3888454,63908
2022-11-20,MS,582739,10848
2022-11-20,MT,833547,14964
2022-11-20,PA,848693,18904
2022-11-20,PB,661759,10418
2022-11-20,PE,1073768,22437
2022-11-20,PI,405152,7960
2022-11-20,PR,2761074,45465
2022-11-20,RJ,2590500,75944
2022-11-20,RN,558590,8485
2022-11-20,RO,458366,7364
2022-11-20,RR,176919,2175
2022-11-20,RS,2755828,41234
2022-11-20,SC,1894934,22431
2022-11-20,SE,343536,6444
2022-11-20,SP,6170605,175941
2022-11-20,TO,345000,4208
2022-11-21,AC,152823,2029
2022-11-21,AL,322553,7136
2022-11-21,AM,622317,14383
2022-11-21,AP,179992,2165
2022-11-21,BA,1709606,30810
2022-11-21,CE,1390154,28016
2022-11-21,DF,846604,11832
2022-11-21,ES,1224841,14840
2022-11-21,GO,1739466,27595
2022-11-21,MA,476526,11000
2022-11-21,MG,3890426,63910
2022-11-21,MS,582739,10848
2022-11-21,MT,833770,14964
2022-11-21,PA,848714,18905
2022-11-21,PB,662092,10422
2022-11-21,PE,1076025,22446
2022-11-21,PI,405152,7960
2022-11-21,PR,2761472,45465
2022-11-21,RJ,2601504,75975
2022-11-21,RN,558590,8485
2022-11-21,RO,458366,7364
2022-11-21,RR,177243,2175
2022-11-21,RS,2755857,41234
2022-11-21,SC,1895178,22436
2022-11-21,SE,343766,6444
2022-11-21,SP,6174201,175992
2022-11-21,TO,345317,4208
2022-11-22,AC,152966,2029
2022-11-22,AL,322621,7137
2022-11-22,AM,622593,14385
2022-11-22,AP,180171,2165
2022-11-22,BA,1709861,30816
2022-11-22,CE,1390807,28016
2022-11-22,DF,848144,11833
2022-11-22,ES,1225897,14840
2022-11-22,GO,1739466,27595
2022-11-22,MA,477062,11000
2022-11-22,MG,3894815,63916
2022-11-22,MS,583685,10848
2022-11-22,MT,833922,14963
2022-11-22,PA,849194,18906
2022-11-22,PB,662116,10423
2022-11-22,PE,1076289,22448
2022-11-22,PI,405311,7964
2022-11-22,PR,2763298,45471
2022-11-22,RJ,2602894,76010
2022-11-22,RN,559242,8486
2022-11-22,RO,458454,7364
2022-11-22,RR,177522,2175
2022-11-22,RS,2756039,41239
2022-11-22,SC,1895690,22437
2022-11-22,SE,344020,6444
2022-11-22,SP,6174756,176037
2022-11-22,TO,345317,4208
2022-11-23,AC,153137,2029
2022-11-23,AL,322837,7137
2022-11-23,AM,622806,14387
2022-11-23,AP,180464,2165
2022-11-23,BA,1711309,30820
2022-11-23,CE,1392053,28019
2022-11-23,DF,849300,11835
2022-11-23,ES,1227961,14841
2022-11-23,GO,1740389,27607
2022-11-23,MA,477820,11001
2022-11-23,MG,3898775,63930
2022-11-23,MS,583685,10848
2022-11-23,MT,834095,14963
2022-11-23,PA,849774,18911
2022-11-23,PB,662313,10427
2022-11-23,PE,1077278,22454
2022-11-23,PI,405311,7964
2022-11-23,PR,2765269,45477
2022-11-23,RJ,2609193,76023
2022-11-23,RN,559810,8487
2022-11-23,RO,458659,7364
2022-11-23,RR,177522,2176
2022-11-23,RS,2757734,41240
2022-11-23,SC,1897131,22440
2022-11-23,SE,344517,6445
2022-11-23,SP,6177577,176074
2022-11-23,TO,345317,4208
2022-11-24,AC,153137,2029
2022-11-24,AL,323041,7137
2022-11-24,AM,622947,14389
2022-11-24,AP,180684,2165
2022-11-24,BA,1712993,30822
2022-11-24,CE,1393881,28019
2022-11-24,DF,849300,11835
2022-11-24,ES,1230316,14843
2022-11-24,GO,1741257,27609
2022-11-24,MA,478710,11002
2022-11-24,MG,3901375,63943
2022-11-24,MS,583685,10848
2022-11-24,MT,834095,14963
2022-11-24,PA,850419,18912
2022-11-24,PB,663830,10427
2022-11-24,PE,1078773,22460
2022-11-24,PI,405311,7964
2022-11-24,PR,2767205,45486
2022-11-24,RJ,2609193,76023
2022-11-24,RN,559242,8486
2022-11-24,RO,458659,7364
2022-11-24,RR,177522,2176
2022-11-24,RS,2759582,41244
2022-11-24,SC,1897131,22440
2022-11-24,SE,345022,6445
2022-11-24,SP,6182046,176102
2022-11-24,TO,345317,4208
2022-11-25,AC,153420,2029
2022-11-25,AL,323331,7137
2022-11-25,AM,623059,14390
2022-11-25,AP,180941,2165
2022-11-25,BA,1714647,30826
2022-11-25,CE,1395391,28019
2022-11-25,DF,849863,11835
2022-11-25,ES,1234174,14845
2022-11-25,GO,1742286,27612
2022-11-25,MA,479305,11004
2022-11-25,MG,3903542,63943
2022-11-25,MS,583685,10848
2022-11-25,MT,834503,14965
2022-11-25,PA,850758,18913
2022-11-25,PB,665959,10431
2022-11-25,PE,1080757,22462
2022-11-25,PI,405311,7964
2022-11-25,PR,2769123,45486
2022-11-25,RJ,2620574,76054
2022-11-25,RN,561565,8490
2022-11-25,RO,459087,7364
2022-11-25,RR,178542,2176
2022-11-25,RS,2761502,41252
2022-11-25,SC,1901171,22446
2022-11-25,SE,345839,6445
2022-11-25,SP,6185851,176133
2022-11-25,TO,345317,4208
2022-11-26,AC,153595,2029
2022-11-26,AL,323486,7137
2022-11-26,AM,623224,14392
2022-11-26,AP,180963,2165
2022-11-26,BA,1714647,30826
2022-11-26,CE,1397136,28019
2022-11-26,DF,849863,11835
2022-11-26,ES,1235502,14844
2022-11-26,GO,1743272,27623
2022-11-26,MA,479305,11004
2022-11-26,MG,3903542,63943
2022-11-26,MS,583685,10848
2022-11-26,MT,834503,14965
2022-11-26,PA,851048,18913
2022-11-26,PB,667815,10433
2022-11-26,PE,1080757,22462
2022-11-26,PI,405311,7964
2022-11-26,PR,2771289,45490
2022-11-26,RJ,2620574,76054
2022-11-26,RN,561565,8490
2022-11-26,RO,459161,7364
2022-11-26,RR,178542,2176
2022-11-26,RS,2763614,41256
2022-11-26,SC,1903175,22449
2022-11-26,SE,346262,6446
2022-11-26,SP,6185851,176133
2022-11-26,TO,345317,4208
2022-11-27,AC,153685,2029
2022-11-27,AL,323618,7139
2022-11-27,AM,623246,14393
2022-11-27,AP,180972,2165
2022-11-27,BA,1714647,30826
2022-11-27,CE,1397584,28019
2022-11-27,DF,849863,11835
2022-11-27,ES,1236035,14844
2022-11-27,GO,1743272,27623
2022-11-27,MA,479305,11004
2022-11-27,MG,3903542,63943
2022-11-27,MS,583685,10848
2022-11-27,MT,834503,14965
2022-11-27,PA,851160,18914
2022-11-27,PB,669717,10439
2022-11-27,PE,1080757,22462
2022-11-27,PI,405311,7964
2022-11-27,PR,2771943,45490
2022-11-27,RJ,2620574,76054
2022-11-27,RN,561565,8490
2022-11-27,RO,459161,7364
2022-11-27,RR,178542,2176
2022-11-27,RS,2764211,41257
2022-11-27,SC,1903641,22449
2022-11-27,SE,346494,6446
2022-11-27,SP,6185851,176133
2022-11-27,TO,345317,4208
2022-11-28,AC,153687,2029
2022-11-28,AL,323850,7139
2022-11-28,AM,623330,14394
2022-11-28,AP,181168,2165
2022-11-28,BA,1716905,30834
2022-11-28,CE,1397584,28019
2022-11-28,DF,849863,11835
2022-11-28,ES,1236035,14844
2022-11-28,GO,1743272,27623
2022-11-28,MA,479305,11004
2022-11-28,MG,3911752,63950
2022-11-28,MS,583685,10848
2022-11-28,MT,834503,14965
2022-11-28,PA,851252,18914
2022-11-28,PB,669717,10439
2022-11-28,PE,1083184,22470
2022-11-28,PI,405311,7964
2022-11-28,PR,2772553,45491
2022-11-28,RJ,2620574,76054
2022-11-28,RN,562869,8491
2022-11-28,RO,459161,7364
2022-11-28,RR,178542,2176
2022-11-28,RS,2764666,41256
2022-11-28,SC,1903641,22449
2022-11-28,SE,346815,6446
2022-11-28,SP,6190045,176165
2022-11-28,TO,345317,4208
2022-11-29,AC,153730,2029
2022-11-29,AL,324078,7139
2022-11-29,AM,623510,14394
2022-11-29,AP,181359,2165
2022-11-29,BA,1717792,30844
2022-11-29,CE,1399117,28019
2022-11-29,DF,853431,11835
2022-11-29,ES,1241324,14851
2022-11-29,GO,1742916,27628
2022-11-29,MA,481469,11006
2022-11-29,MG,3917323,63956
2022-11-29,MS,584820,10855
2022-11-29,MT,834503,14965
2022-11-29,PA,851524,18918
2022-11-29,PB,670213,10441
2022-11-29,PE,1084285,22472
2022-11-29,PI,405723,7969
2022-11-29,PR,2775035,45501
2022-11-29,RJ,2632580,76070
2022-11-29,RN,563380,8496
2022-11-29,RO,459167,7364
2022-11-29,RR,178756,2176
2022-11-29,RS,2766587,41260
2022-11-29,SC,1905548,22458
2022-11-29,SE,347392,6447
2022-11-29,SP,6190288,176199
2022-11-29,TO,346775,4208
2022-11-30,AC,153975,2029
2022-11-30,AL,324713,7140
2022-11-30,AM,623630,14396
2022-11-30,AP,181407,2165
2022-11-30,BA,1719357,30854
2022-11-30,CE,1400645,28019
2022-11-30,DF,853431,11835
2022-11-30,ES,1242349,14852
2022-11-30,GO,1743302,27632
2022-11-30,MA,482337,11008
2022-11-30,MG,3924597,63960
2022-11-30,MS,584820,10855
2022-11-30,MT,835676,14967
2022-11-30,PA,851987,18921
2022-11-30,PB,671317,10448
2022-11-30,PE,1085825,22477
2022-11-30,PI,405723,7969
2022-11-30,PR,2778069,45508
2022-11-30,RJ,2637281,76097
2022-11-30,RN,564504,8496
2022-11-30,RO,459167,7364
2022-11-30,RR,179281,2176
2022-11-30,RS,2769112,41267
2022-11-30,SC,1908148,22461
2022-11-30,SE,348212,6448
2022-11-30,SP,6190519,176249
2022-11-30,TO,346775,4208
2022-12-01,AC,154223,2029
2022-12-01,AL,325256,7142
2022-12-01,AM,623719,14397
2022-12-01,AP,181555,2165
2022-12-01,BA,1721329,30865
2022-12-01,CE,1402836,28019
2022-12-01,DF,854927,11835
2022-12-01,ES,1247472,14855
2022-12-01,GO,1744996,27636
2022-12-01,MA,483059,11008
2022-12-01,MG,3926922,63975
2022-12-01,MS,584820,10855
2022-12-01,MT,835676,14967
2022-12-01,PA,852459,18923
2022-12-01,PB,672810,10456
2022-12-01,PE,1087323,22479
2022-12-01,PI,405723,7969
2022-12-01,PR,2781156,45513
2022-12-01,RJ,2640364,76123
2022-12-01,RN,565511,8498
2022-12-01,RO,459519,7365
2022-12-01,RR,179423,2176
2022-12-01,RS,2772302,41275
2022-12-01,SC,1910186,22465
2022-12-01,SE,348977,6449
2022-12-01,SP,6192819,176298
2022-12-01,TO,346775,4208
2022-12-02,AC,154223,2029
2022-12-02,AL,325578,7144
2022-12-02,AM,623771,14397
2022-12-02,AP,181588,2165
2022-12-02,BA,1724041,30877
2022-12-02,CE,1404735,28019
2022-12-02,DF,854927,11835
2022-12-02,ES,1249895,14855
2022-12-02,GO,1744996,27636
2022-12-02,MA,483414,11008
2022-12-02,MG,3932622,63995
2022-12-02,MS,584820,10855
2022-12-02,MT,835676,14967
2022-12-02,PA,852849,18925
2022-12-02,PB,674503,10458
2022-12-02,PE,1089123,22482
2022-12-02,PI,405723,7969
2022-12-02,PR,2784000,45515
2022-12-02,RJ,2645642,76143
2022-12-02,RN,566874,8500
2022-12-02,RO,459519,7365
2022-12-02,RR,179423,2176
2022-12-02,RS,2775928,41281
2022-12-02,SC,1910186,22465
2022-12-02,SE,348977,6449
2022-12-02,SP,6197738,176356
2022-12-02,TO,346775,4208
2022-12-03,AC,154671,2032
2022-12-03,AL,325815,7145
2022-12-03,AM,623862,14400
2022-12-03,AP,181738,2165
2022-12-03,BA,1724041,30877
2022-12-03,CE,1406738,28020
2022-12-03,DF,857077,11835
2022-12-03,ES,1253205,14858
2022-12-03,GO,1746613,27637
2022-12-03,MA,483414,11008
2022-12-03,MG,3932622,63995
2022-12-03,MS,584820,10855
2022-12-03,MT,835676,14967
2022-12-03,PA,853148,18927
2022-12-03,PB,676089,10460
2022-12-03,PE,1089123,22482
2022-12-03,PI,405723,7969
2022-12-03,PR,2786601,45523
2022-12-03,RJ,2645642,76143
2022-12-03,RN,566874,8500
2022-12-03,RO,459999,7368
2022-12-03,RR,179519,2177
2022-12-03,RS,2779473,41283
2022-12-03,SC,1914494,22466
2022-12-03,SE,350283,6453
2022-12-03,SP,6197738,176356
2022-12-03,TO,346775,4208
2022-12-04,AC,154710,2032
2022-12-04,AL,325972,7145
2022-12-04,AM,623880,14401
2022-12-04,AP,181738,2165
2022-12-04,BA,1724041,30877
2022-12-04,CE,1407310,28020
2022-12-04,DF,857077,11835
2022-12-04,ES,1254699,14858
2022-12-04,GO,1746613,27637
2022-12-04,MA,483414,11008
2022-12-04,MG,3932622,63995
2022-12-04,MS,584820,10855
2022-12-04,MT,835676,14967
2022-12-04,PA,853161,18928
2022-12-04,PB,677909,10462
2022-12-04,PE,1089123,22482
2022-12-04,PI,405723,7969
2022-12-04,PR,2787425,45524
2022-12-04,RJ,2645642,76143
2022-12-04,RN,566874,8500
2022-12-04,RO,460031,7368
2022-12-04,RR,179519,2177
2022-12-04,RS,2780555,41288
2022-12-04,SC,1915180,22469
2022-12-04,SE,350878,6455
2022-12-04,SP,6197738,176356
2022-12-04,TO,346775,4208
2022-12-05,AC,154736,2032
2022-12-05,AL,326350,7146
2022-12-05,AM,623905,14402
2022-12-05,AP,181766,2165
2022-12-05,BA,1727338,30879
2022-12-05,CE,1407686,28020
2022-12-05,DF,857077,11835
2022-12-05,ES,1255157,14859
2022-12-05,GO,1746613,27637
2022-12-05,MA,483414,11008
2022-12-05,MG,3939479,64007
2022-12-05,MS,584820,10855
2022-12-05,MT,835676,14967
2022-12-05,PA,853161,18928
2022-12-05,PB,678307,10465
2022-12-05,PE,1089123,22482
2022-12-05,PI,405723,7969
2022-12-05,PR,2788149,45524
2022-12-05,RJ,2648331,76161
2022-12-05,RN,568512,8504
2022-12-05,RO,460031,7368
2022-12-05,RR,179669,2177
2022-12-05,RS,2781326,41288
2022-12-05,SC,1915180,22469
2022-12-05,SE,351175,6457
2022-12-05,SP,6204502,176417
2022-12-05,TO,348985,4208
2022-12-06,AC,154941,2032
2022-12-06,AL,326746,7151
2022-12-06,AM,623988,14404
2022-12-06,AP,181898,2165
2022-12-06,BA,1729771,30903
2022-12-06,CE,1409758,28025
2022-12-06,DF,861225,11835
2022-12-06,ES,1260787,14868
2022-12-06,GO,1750735,27642
2022-12-06,MA,483910,11010
2022-12-06,MG,3946858,64014
2022-12-06,MS,586167,10862
2022-12-06,MT,835676,14967
2022-12-06,PA,853516,18930
2022-12-06,PB,678474,10468
2022-12-06,PE,1093202,22492
2022-12-06,PI,406778,7979
2022-12-06,PR,2791379,45536
2022-12-06,RJ,2652714,76173
2022-12-06,RN,569728,8507
2022-12-06,RO,460632,7368
2022-12-06,RR,179810,2177
2022-12-06,RS,2785243,41291
2022-12-06,SC,1918421,22478
2022-12-06,SE,351548,6459
2022-12-06,SP,6209209,176465
2022-12-06,TO,348985,4208
2022-12-07,AC,155199,2032
2022-12-07,AL,327198,7152
2022-12-07,AM,624079,14404
2022-12-07,AP,181978,2165
2022-12-07,BA,1732712,30918
2022-12-07,CE,1412487,28028
2022-12-07,DF,862675,11835
2022-12-07,ES,1264867,14873
2022-12-07,GO,1752467,27646
2022-12-07,MA,484217,11011
2022-12-07,MG,3952942,64038
2022-12-07,MS,586167,10862
2022-12-07,MT,835676,14967
2022-12-07,PA,854248,18933
2022-12-07,PB,680216,10471
2022-12-07,PE,1095084,22496
2022-12-07,PI,406778,7979
2022-12-07,PR,2794958,45549
2022-12-07,RJ,2655317,76202
2022-12-07,RN,571040,8510
2022-12-07,RO,460939,7370
2022-12-07,RR,179933,2177
2022-12-07,RS,2789537,41302
2022-12-07,SC,1920633,22484
2022-12-07,SE,352159,6461
2022-12-07,SP,6215290,176504
2022-12-07,TO,348985,4208
2022-12-08,AC,155474,2032
2022-12-08,AL,327581,7152
2022-12-08,AM,624146,14405
2022-12-08,AP,182001,2165
2022-12-08,BA,1732712,30918
2022-12-08,CE,1415111,28035
2022-12-08,DF,864274,11835
2022-12-08,ES,1269104,14873
2022-12-08,GO,1754289,27650
2022-12-08,MA,484466,11012
2022-12-08,MG,3952942,64038
2022-12-08,MS,586167,10862
2022-12-08,MT,835676,14967
2022-12-08,PA,854935,18934
2022-12-08,PB,682458,10474
2022-12-08,PE,1095084,22496
2022-12-08,PI,406778,7979
2022-12-08,PR,2798527,45556
2022-12-08,RJ,2660936,76206
2022-12-08,RN,572471,8511
2022-12-08,RO,461259,7375
2022-12-08,RR,180084,2177
2022-12-08,RS,2789701,41305
2022-12-08,SC,1923035,22486
2022-12-08,SE,352449,6463
2022-12-08,SP,6221071,176563
2022-12-08,TO,348985,4208
2022-12-09,AC,155474,2032
2022-12-09,AL,327581,7152
2022-12-09,AM,624146,14405
2022-12-09,AP,182001,2165
2022-12-09,BA,1732712,30918
2022-12-09,CE,1415111,28035
2022-12-09,DF,864274,11835
2022-12-09,ES,1269104,14873
2022-12-09,GO,1754289,27650
2022-12-09,MA,484466,11012
2022-12-09,MG,3952942,64038
2022-12-09,MS,586167,10862
2022-12-09,MT,835676,14967
2022-12-09,PA,854935,18934
2022-12-09,PB,682458,10474
2022-12-09,PE,1095084,22496
2022-12-09,PI,406778,7979
2022-12-09,PR,2798527,45556
2022-12-09,RJ,2660936,76206
2022-12-09,RN,572471,8511
2022-12-09,RO,461259,7375
2022-12-09,RR,180084,2177
2022-12-09,RS,2789701,41305
2022-12-09,SC,1923035,22486
2022-12-09,SE,352449,6463
2022-12-09,SP,6221071,176563
2022-12-09,TO,348985,4208
2022-12-10,AC,155891,2032
2022-12-10,AL,328115,7156
2022-12-10,AM,624203,14407
2022-12-10,AP,182056,2165
2022-12-10,BA,1732712,30918
2022-12-10,CE,1417482,28036
2022-12-10,DF,864274,11835
2022-12-10,ES,1274811,14879
2022-12-10,GO,1756789,27657
2022-12-10,MA,484611,11012
2022-12-10,MG,3952942,64038
2022-12-10,MS,586167,10862
2022-12-10,MT,835676,14967
2022-12-10,PA,855743,18936
2022-12-10,PB,684870,10476
2022-12-10,PE,1095084,22496
2022-12-10,PI,406778,7979
2022-12-10,PR,2804624,45569
2022-12-10,RJ,2660936,76206
2022-12-10,RN,572471,8511
2022-12-10,RO,461772,7376
2022-12-10,RR,180084,2177
2022-12-10,RS,2802553,41328
2022-12-10,SC,1926816,22492
2022-12-10,SE,353245,6466
2022-12-10,SP,6221071,176563
2022-12-10,TO,348985,4208
2022-12-11,AC,155893,2032
2022-12-11,AL,328429,7156
2022-12-11,AM,624216,14407
2022-12-11,AP,182057,2165
2022-12-11,BA,1732712,30918
2022-12-11,CE,1418589,28036
2022-12-11,DF,864274,11835
2022-12-11,ES,1275656,14879
2022-12-11,GO,1756789,27657
2022-12-11,MA,484611,11012
2022-12-11,MG,3952942,64038
2022-12-11,MS,586167,10862
2022-12-11,MT,835676,14967
2022-12-11,PA,855759,18936
2022-12-11,PB,686027,10478
2022-12-11,PE,1095084,22496
2022-12-11,PI,406778,7979
2022-12-11,PR,2805846,45569
2022-12-11,RJ,2660936,76206
2022-12-11,RN,572471,8511
2022-12-11,RO,461781,7376
2022-12-11,RR,180084,2177
2022-12-11,RS,2803975,41330
2022-12-11,SC,1927356,22493
2022-12-11,SE,353374,6468
2022-12-11,SP,6221071,176563
2022-12-11,TO,348985,4208
2022-12-12,AC,156012,2033
2022-12-12,AL,328979,7160
2022-12-12,AM,624253,14407
2022-12-12,AP,182118,2165
2022-12-12,BA,1740405,30938
2022-12-12,CE,1419235,28036
2022-12-12,DF,868006,11835
2022-12-12,ES,1278023,14881
2022-12-12,GO,1756789,27657
2022-12-12,MA,484829,11014
2022-12-12,MG,3970452,64061
2022-12-12,MS,586167,10862
2022-12-12,MT,841537,14983
2022-12-12,PA,855834,18936
2022-12-12,PB,686237,10483
2022-12-12,PE,1099573,22503
2022-12-12,PI,406778,7979
2022-12-12,PR,2806831,45569
2022-12-12,RJ,2665672,76244
2022-12-12,RN,574827,8582
2022-12-12,RO,462157,7377
2022-12-12,RR,180084,2177
2022-12-12,RS,2804977,41331
2022-12-12,SC,1927781,22494
2022-12-12,SE,353609,6469
2022-12-12,SP,6230070,176631
2022-12-12,TO,352535,4208
2022-12-13,AC,156310,2033
2022-12-13,AL,329391,7166
2022-12-13,AM,624342,14409
2022-12-13,AP,182152,2165
2022-12-13,BA,1743793,30972
2022-12-13,CE,1421149,28036
2022-12-13,DF,870332,11835
2022-12-13,ES,1280888,14885
2022-12-13,GO,1756789,27657
2022-12-13,MA,485177,11016
2022-12-13,MG,3978731,64108
2022-12-13,MS,587813,10870
2022-12-13,MT,842985,14985
2022-12-13,PA,856702,18937
2022-12-13,PB,686353,10484
2022-12-13,PE,1101429,22509
2022-12-13,PI,408687,7988
2022-12-13,PR,2811248,45579
2022-12-13,RJ,2669354,76256
2022-12-13,RN,575909,8589
2022-12-13,RO,462553,7379
2022-12-13,RR,180287,2178
2022-12-13,RS,2811036,41338
2022-12-13,SC,1930185,22494
2022-12-13,SE,354098,6471
2022-12-13,SP,6236690,176631
2022-12-13,TO,352535,4208
2022-12-14,AC,156551,2033
2022-12-14,AL,329662,7168
2022-12-14,AM,624371,14409
2022-12-14,AP,182212,2165
2022-12-14,BA,1746068,30994
2022-12-14,CE,1423163,28038
2022-12-14,DF,872939,11836
2022-12-14,ES,1285183,14890
2022-12-14,GO,1762944,27659
2022-12-14,MA,485472,11018
2022-12-14,MG,3989278,64143
2022-12-14,MS,587813,10870
2022-12-14,MT,844430,14985
2022-12-14,PA,857599,18938
2022-12-14,PB,688395,10487
2022-12-14,PE,1103318,22518
2022-12-14,PI,408687,7988
2022-12-14,PR,2815281,45590
2022-12-14,RJ,2670866,76266
2022-12-14,RN,576616,8591
2022-12-14,RO,463144,7377
2022-12-14,RR,180464,2178
2022-12-14,RS,2815906,41348
2022-12-14,SC,1932068,22511
2022-12-14,SE,354743,6472
2022-12-14,SP,6241703,176769
2022-12-14,TO,352535,4208
2022-12-15,AC,156551,2034
2022-12-15,AL,330037,7170
2022-12-15,AM,624438,14409
2022-12-15,AP,182228,2165
2022-12-15,BA,1748824,31019
2022-12-15,CE,1425221,28042
2022-12-15,DF,874607,11836
2022-12-15,ES,1289700,14897
2022-12-15,GO,1772003,27670
2022-12-15,MA,485856,11021
2022-12-15,MG,3997694,64185
2022-12-15,MS,587813,10870
2022-12-15,MT,846069,14990
2022-12-15,PA,858142,18939
2022-12-15,PB,689835,10489
2022-12-15,PE,1104849,22524
2022-12-15,PI,408687,7988
2022-12-15,PR,2819257,45596
2022-12-15,RJ,2674998,76277
2022-12-15,RN,576812,8595
2022-12-15,RO,463567,7377
2022-12-15,RR,180567,2178
2022-12-15,RS,2821722,41358
2022-12-15,SC,1934962,22518
2022-12-15,SE,355250,6473
2022-12-15,SP,6247608,176824
2022-12-15,TO,352535,4208
2022-12-16,AC,157119,2035
2022-12-16,AL,331581,7173
2022-12-16,AM,624503,14410
2022-12-16,AP,182244,2165
2022-12-16,BA,1748824,31050
2022-12-16,CE,1427669,28046
2022-12-16,DF,876292,11837
2022-12-16,ES,1292883,14901
2022-12-16,GO,1789113,27674
2022-12-16,MA,486185,11023
2022-12-16,MG,4003264,64203
2022-12-16,MS,587813,10870
2022-12-16,MT,846069,14990
2022-12-16,PA,858456,18939
2022-12-16,PB,689835,10490
2022-12-16,PE,1106891,22527
2022-12-16,PI,408687,7988
2022-12-16,PR,2823196,45605
2022-12-16,RJ,2677837,76288
2022-12-16,RN,577854,8596
2022-12-16,RO,464228,7378
2022-12-16,RR,180646,2178
2022-12-16,RS,2827795,41365
2022-12-16,SC,1937025,22520
2022-12-16,SE,355820,6475
2022-12-16,SP,6255162,176876
2022-12-16,TO,352535,4208
2022-12-17,AC,157298,2035
2022-12-17,AL,332396,7176
2022-12-17,AM,624540,14410
2022-12-17,AP,182246,2165
2022-12-17,BA,1751830,31062
2022-12-17,CE,1427669,28046
2022-12-17,DF,876292,11837
2022-12-17,ES,1294746,14905
2022-12-17,GO,1789113,27674
2022-12-17,MA,486185,11023
2022-12-17,MG,4003264,64203
2022-12-17,MS,587813,10870
2022-12-17,MT,846069,14990
2022-12-17,PA,858748,18941
2022-12-17,PB,692964,10492
2022-12-17,PE,1106891,22527
2022-12-17,PI,408687,7988
2022-12-17,PR,2827420,45621
2022-12-17,RJ,2677837,76288
2022-12-17,RN,577854,8596
2022-12-17,RO,464918,7380
2022-12-17,RR,180646,2178
2022-12-17,RS,2834101,41377
2022-12-17,SC,1938806,22520
2022-12-17,SE,356080,6475
2022-12-17,SP,6255162,176876
2022-12-17,TO,352535,4208
2022-12-18,AC,157298,2035
2022-12-18,AL,332559,7177
2022-12-18,AM,624552,14410
2022-12-18,AP,182246,2165
2022-12-18,BA,1753598,31072
2022-12-18,CE,1427669,28046
2022-12-18,DF,876292,11837
2022-12-18,ES,1295289,14906
2022-12-18,GO,1791312,27674
2022-12-18,MA,486185,11023
2022-12-18,MG,4003264,64203
2022-12-18,MS,587813,10870
2022-12-18,MT,846069,14990
2022-12-18,PA,858760,18941
2022-12-18,PB,694014,10493
2022-12-18,PE,1106891,22527
2022-12-18,PI,408687,7988
2022-12-18,PR,2828899,45621
2022-12-18,RJ,2677837,76288
2022-12-18,RN,577854,8596
2022-12-18,RO,465057,7381
2022-12-18,RR,180646,2178
2022-12-18,RS,2835837,41382
2022-12-18,SC,1939242,22520
2022-12-18,SE,356411,6476
2022-12-18,SP,6255162,176876
2022-12-18,TO,352535,4208
2022-12-19,AC,157418,2035
2022-12-19,AL,332694,7178
2022-12-19,AM,624564,14411
2022-12-19,AP,182291,2165
2022-12-19,BA,1753836,31093
2022-12-19,CE,1429461,28048
2022-12-19,DF,878979,11837
2022-12-19,ES,1296718,14912
2022-12-19,GO,1791312,27674
2022-12-19,MA,486418,11024
2022-12-19,MG,4012812,64217
2022-12-19,MS,587813,10870
2022-12-19,MT,849670,14996
2022-12-19,PA,858760,18941
2022-12-19,PB,694103,10495
2022-12-19,PE,1109316,22534
2022-12-19,PI,408687,7988
2022-12-19,PR,2830139,45621
2022-12-19,RJ,2681363,76313
2022-12-19,RN,578647,8599
2022-12-19,RO,465467,7384
2022-12-19,RR,180829,2178
2022-12-19,RS,2837151,41382
2022-12-19,SC,1940488,22535
2022-12-19,SE,356503,6477
2022-12-19,SP,6262584,176926
2022-12-19,TO,357040,4208
2022-12-20,AC,157542,2035
2022-12-20,AL,332954,7180
2022-12-20,AM,624608,14411
2022-12-20,AP,182308,2165
2022-12-20,BA,1756585,31108
2022-12-20,CE,1431000,28049
2022-12-20,DF,880172,11837
2022-12-20,ES,1299216,14924
2022-12-20,GO,1800312,27701
2022-12-20,MA,486812,11025
2022-12-20,MG,4017241,64238
2022-12-20,MS,590660,10886
2022-12-20,MT,851299,14997
2022-12-20,PA,859144,18941
2022-12-20,PB,694124,10498
2022-12-20,PE,1110980,22545
2022-12-20,PI,411408,8006
2022-12-20,PR,2835111,45643
2022-12-20,RJ,2683636,76322
2022-12-20,RN,579449,8603
2022-12-20,RO,466098,7386
2022-12-20,RR,180924,2178
2022-12-20,RS,2844072,41392
2022-12-20,SC,1942769,22541
2022-12-20,SE,356657,6479
2022-12-20,SP,6269639,176982
2022-12-20,TO,357040,4208
2022-12-21,AC,157668,2036
2022-12-21,AL,333280,7182
2022-12-21,AM,624630,14411
2022-12-21,AP,182387,2165
2022-12-21,BA,1759036,31119
2022-12-21,CE,1432312,28055
2022-12-21,DF,881597,11838
2022-12-21,ES,1301263,14931
2022-12-21,GO,1805482,27707
2022-12-21,MA,487088,11026
2022-12-21,MG,4019396,64238
2022-12-21,MS,590660,10886
2022-12-21,MT,852600,14999
2022-12-21,PA,859705,18943
2022-12-21,PB,695250,10503
2022-12-21,PE,1113073,22548
2022-12-21,PI,411408,8006
2022-12-21,PR,2838612,45655
2022-12-21,RJ,2686177,76329
2022-12-21,RN,580279,8605
2022-12-21,RO,466607,7388
2022-12-21,RR,180976,2178
2022-12-21,RS,2850186,41405
2022-12-21,SC,1944278,22548
2022-12-21,SE,356830,6481
2022-12-21,SP,6276621,177071
2022-12-21,TO,357040,4208
2022-12-22,AC,157780,2036
2022-12-22,AL,333684,7185
2022-12-22,AM,624693,14413
2022-12-22,AP,182436,2165
2022-12-22,BA,1761168,31129
2022-12-22,CE,1433355,28055
2022-12-22,DF,883032,11838
2022-12-22,ES,1302990,14933
2022-12-22,GO,1806827,27709
2022-12-22,MA,487242,11028
2022-12-22,MG,4030715,64293
2022-12-22,MS,590660,10886
2022-12-22,MT,854028,15002
2022-12-22,PA,859958,18943
2022-12-22,PB,696274,10509
2022-12-22,PE,1115463,22553
2022-12-22,PI,411408,8006
2022-12-22,PR,2842518,45664
2022-12-22,RJ,2688735,76340
2022-12-22,RN,580681,8613
2022-12-22,RO,467197,7388
2022-12-22,RR,181031,2180
2022-12-22,RS,2856696,41421
2022-12-22,SC,1946758,22554
2022-12-22,SE,357167,6481
2022-12-22,SP,6283309,177120
2022-12-22,TO,357040,4208
2022-12-23,AC,157780,2036
2022-12-23,AL,333853,7185
2022-12-23,AM,624726,14415
2022-12-23,AP,182488,2165
2022-12-23,BA,1762947,31148
2022-12-23,CE,1434385,28056
2022-12-23,DF,883949,11838
2022-12-23,ES,1304583,14936
2022-12-23,GO,1812285,27715
2022-12-23,MA,487334,11028
2022-12-23,MG,4026886,64258
2022-12-23,MS,590660,10886
2022-12-23,MT,854028,15002
2022-12-23,PA,860218,18945
2022-12-23,PB,696996,10510
2022-12-23,PE,1117009,22557
2022-12-23,PI,411408,8006
2022-12-23,PR,2846440,45671
2022-12-23,RJ,2691257,76341
2022-12-23,RN,581223,8618
2022-12-23,RO,467665,7392
2022-12-23,RR,181065,2180
2022-12-23,RS,2863136,41436
2022-12-23,SC,1948349,22558
2022-12-23,SE,357490,6481
2022-12-23,SP,6289137,177172
2022-12-23,TO,357040,4208
2022-12-24,AC,157780,2036
2022-12-24,AL,333853,7185
2022-12-24,AM,624726,14415
2022-12-24,AP,182488,2165
2022-12-24,BA,1762947,31148
2022-12-24,CE,1434385,28056
2022-12-24,DF,883949,11838
2022-12-24,ES,1304583,14936
2022-12-24,GO,1812285,27715
2022-12-24,MA,487334,11028
2022-12-24,MG,4026886,64258
2022-12-24,MS,590660,10886
2022-12-24,MT,854028,15002
2022-12-24,PA,860218,18945
2022-12-24,PB,696996,10510
2022-12-24,PE,1117009,22557
2022-12-24,PI,411408,8006
2022-12-24,PR,2846440,45671
2022-12-24,RJ,2691257,76341
2022-12-24,RN,581223,8618
2022-12-24,RO,467665,7392
2022-12-24,RR,181065,2180
2022-12-24,RS,2863136,41436
2022-12-24,SC,1948349,22558
2022-12-24,SE,357490,6481
2022-12-24,SP,6289137,177172
2022-12-24,TO,357040,4208
2022-12-25,AC,157780,2036
2022-12-25,AL,333853,7185
2022-12-25,AM,624726,14415
2022-12-25,AP,182488,2165
2022-12-25,BA,1762947,31148
2022-12-25,CE,1434385,28056
2022-12-25,DF,883949,11838
2022-12-25,ES,1304583,14936
2022-12-25,GO,1812285,27715
2022-12-25,MA,487334,11028
2022-12-25,MG,4026886,64258
2022-12-25,MS,590660,10886
2022-12-25,MT,854028,15002
2022-12-25,PA,860218,18945
2022-12-25,PB,696996,10510
2022-12-25,PE,1117009,22557
2022-12-25,PI,411408,8006
2022-12-25,PR,2846440,45671
2022-12-25,RJ,2691257,76341
2022-12-25,RN,581223,8618
2022-12-25,RO,467665,7392
2022-12-25,RR,181065,2180
2022-12-25,RS,2863136,41436
2022-12-25,SC,1948349,22558
2022-12-25,SE,357490,6481
2022-12-25,SP,6289137,177172
2022-12-25,TO,357040,4208
2022-12-26,AC,158143,2038
2022-12-26,AL,334426,7188
2022-12-26,AM,624769,14417
2022-12-26,AP,182501,2165
2022-12-26,BA,1764021,31178
2022-12-26,CE,1435156,28059
2022-12-26,DF,885285,11838
2022-12-26,ES,1305704,14945
2022-12-26,GO,1814089,27715
2022-12-26,MA,487403,11028
2022-12-26,MG,4056935,64347
2022-12-26,MS,590660,10886
2022-12-26,MT,856440,15010
2022-12-26,PA,860326,18948
2022-12-26,PB,698218,10514
2022-12-26,PE,1118075,22560
2022-12-26,PI,411408,8006
2022-12-26,PR,2850079,45677
2022-12-26,RJ,2693218,76344
2022-12-26,RN,581633,8621
2022-12-26,RO,468328,7394
2022-12-26,RR,181087,2180
2022-12-26,RS,2871121,41447
2022-12-26,SC,1950472,22561
2022-12-26,SE,357831,6482
2022-12-26,SP,6293494,177213
2022-12-26,TO,359567,4208
2022-12-27,AC,158148,2040
2022-12-27,AL,334628,7190
2022-12-27,AM,624793,14417
2022-12-27,AP,182502,2165
2022-12-27,BA,1765433,31207
2022-12-27,CE,1435733,28066
2022-12-27,DF,886049,11838
2022-12-27,ES,1305723,14947
2022-12-27,GO,1816520,27718
2022-12-27,MA,487567,11030
2022-12-27,MG,4063879,64368
2022-12-27,MS,593209,10903
2022-12-27,MT,857756,15011
2022-12-27,PA,860490,18949
2022-12-27,PB,698233,10519
2022-12-27,PE,1119407,22566
2022-12-27,PI,411408,8006
2022-12-27,PR,2852669,45685
2022-12-27,RJ,2695571,76451
2022-12-27,RN,581834,8624
2022-12-27,RO,468863,7395
2022-12-27,RR,181133,2180
2022-12-27,RS,2877485,41460
2022-12-27,SC,1951932,22561
2022-12-27,SE,357956,6482
2022-12-27,SP,6297799,177213
2022-12-27,TO,359567,4208
2022-12-28,AC,158318,2040
2022-12-28,AL,334817,7194
2022-12-28,AM,624821,14418
2022-12-28,AP,182510,2165
2022-12-28,BA,1766816,31219
2022-12-28,CE,1436157,28067
2022-12-28,DF,886923,11838
2022-12-28,ES,1309057,14958
2022-12-28,GO,1816520,27718
2022-12-28,MA,487807,11030
2022-12-28,MG,4069435,64402
2022-12-28,MS,593209,10903
2022-12-28,MT,859241,15015
2022-12-28,PA,860719,18952
2022-12-28,PB,698916,10522
2022-12-28,PE,1120714,22570
2022-12-28,PI,413535,8027
2022-12-28,PR,2855808,45697
2022-12-28,RJ,2698002,76491
2022-12-28,RN,582130,8686
2022-12-28,RO,469744,7397
2022-12-28,RR,181161,2180
2022-12-28,RS,2883483,41479
2022-12-28,SC,1953291,22573
2022-12-28,SE,358109,6482
2022-12-28,SP,6303911,177331
2022-12-28,TO,359567,4208
2022-12-29,AC,158660,2040
2022-12-29,AL,334981,7195
2022-12-29,AM,624841,14418
2022-12-29,AP,182515,2165
2022-12-29,BA,1767973,31224
2022-12-29,CE,1437171,28067
2022-12-29,DF,887514,11838
2022-12-29,ES,1310272,14960
2022-12-29,GO,1821881,27762
2022-12-29,MA,487988,11032
2022-12-29,MG,4074385,64427
2022-12-29,MS,593209,10903
2022-12-29,MT,859241,15015
2022-12-29,PA,860928,18953
2022-12-29,PB,699683,10523
2022-12-29,PE,1122012,22576
2022-12-29,PI,413535,8027
2022-12-29,PR,2858478,45706
2022-12-29,RJ,2699876,76499
2022-12-29,RN,582456,8687
2022-12-29,RO,471124,7398
2022-12-29,RR,181197,2180
2022-12-29,RS,2889646,41494
2022-12-29,SC,1954746,22582
2022-12-29,SE,358172,6482
2022-12-29,SP,6310364,177373
2022-12-29,TO,359567,4208
2022-12-30,AC,158669,2040
2022-12-30,AL,335176,7196
2022-12-30,AM,624864,14418
2022-12-30,AP,182516,2165
2022-12-30,BA,1769063,31230
2022-12-30,CE,1437171,28067
2022-12-30,DF,888063,11838
2022-12-30,ES,1311144,14964
2022-12-30,GO,1823980,27766
2022-12-30,MA,488093,11034
2022-12-30,MG,4079422,64447
2022-12-30,MS,593209,10903
2022-12-30,MT,859241,15015
2022-12-30,PA,861041,18953
2022-12-30,PB,700127,10525
2022-12-30,PE,1122935,22579
2022-12-30,PI,413535,8027
2022-12-30,PR,2861213,45718
2022-12-30,RJ,2701378,76508
2022-12-30,RN,582618,8689
2022-12-30,RO,471673,7399
2022-12-30,RR,181245,2180
2022-12-30,RS,2895571,41508
2022-12-30,SC,1956153,22583
2022-12-30,SE,358281,6482
2022-12-30,SP,6315333,177411
2022-12-30,TO,359567,4208
2022-12-31,AC,158669,2040
2022-12-31,AL,335176,7196
2022-12-31,AM,624864,14418
2022-12-31,AP,182516,2165
2022-12-31,BA,1769063,31230
2022-12-31,CE,1437171,28067
2022-12-31,DF,888063,11838
2022-12-31,ES,1311144,14964
2022-12-31,GO,1823980,27766
2022-12-31,MA,488093,11034
2022-12-31,MG,4079422,64447
2022-12-31,MS,593209,10903
2022-12-31,MT,859241,15015
2022-12-31,PA,861041,18953
2022-12-31,PB,700127,10525
2022-12-31,PE,1122935,22579
2022-12-31,PI,413535,8027
2022-12-31,PR,2861213,45718
2022-12-31,RJ,2701378,76508
2022-12-31,RN,582618,8689
2022-12-31,RO,471673,7399
2022-12-31,RR,181245,2180
2022-12-31,RS,2895571,41508
2022-12-31,SC,1956153,22583
2022-12-31,SE,358281,6482
2022-12-31,SP,6315333,177411
2022-12-31,TO,359567,4208
2023-01-01,AC,158669,2040
2023-01-01,AL,335176,7196
2023-01-01,AM,624864,14418
2023-01-01,AP,182516,2165
2023-01-01,BA,1769063,31230
2023-01-01,CE,1437171,28067
2023-01-01,DF,888063,11838
2023-01-01,ES,1311144,14964
2023-01-01,GO,1823980,27766
2023-01-01,MA,488093,11034
2023-01-01,MG,4079422,64447
2023-01-01,MS,593209,10903
2023-01-01,MT,859241,15015
2023-01-01,PA,861041,18953
2023-01-01,PB,700127,10525
2023-01-01,PE,1122935,22579
2023-01-01,PI,413535,8027
2023-01-01,PR,2861213,45718
2023-01-01,RJ,2701378,76508
2023-01-01,RN,582618,8689
2023-01-01,RO,471673,7399
2023-01-01,RR,181245,2180
2023-01-01,RS,2895571,41508
2023-01-01,SC,1956153,22583
2023-01-01,SE,358281,6482
2023-01-01,SP,6315333,177411
2023-01-01,TO,359567,4208
2023-01-02,AC,158833,2040
2023-01-02,AL,335362,7203
2023-01-02,AM,624902,14419
2023-01-02,AP,182518,2166
2023-01-02,BA,1769784,31235
2023-01-02,CE,1437986,28066
2023-01-02,DF,888674,11838
2023-01-02,ES,1312366,14972
2023-01-02,GO,1825687,27768
2023-01-02,MA,488295,11035
2023-01-02,MG,4086432,64474
2023-01-02,MS,593209,10903
2023-01-02,MT,861837,15024
2023-01-02,PA,861181,18956
2023-01-02,PB,700650,10527
2023-01-02,PE,1123596,22579
2023-01-02,PI,413535,8027
2023-01-02,PR,2863709,45720
2023-01-02,RJ,2702176,76513
2023-01-02,RN,582723,8689
2023-01-02,RO,472112,7400
2023-01-02,RR,181277,2180
2023-01-02,RS,2901027,41517
2023-01-02,SC,1957477,22589
2023-01-02,SE,358334,6490
2023-01-02,SP,6317683,177439
2023-01-02,TO,361001,4212
2023-01-03,AC,158973,2040
2023-01-03,AL,335450,7205
2023-01-03,AM,624918,14420
2023-01-03,AP,182617,2166
2023-01-03,BA,1770640,31254
2023-01-03,CE,1438790,28067
2023-01-03,DF,889272,11838
2023-01-03,ES,1313100,14974
2023-01-03,GO,1828506,27785
2023-01-03,MA,488584,11035
2023-01-03,MG,4088797,64487
2023-01-03,MS,596398,10924
2023-01-03,MT,863017,15024
2023-01-03,PA,861325,18965
2023-01-03,PB,700656,10528
2023-01-03,PE,1124279,22583
2023-01-03,PI,415049,8036
2023-01-03,PR,2865276,45740
2023-01-03,RJ,2702876,76526
2023-01-03,RN,582834,8692
2023-01-03,RO,472459,7401
2023-01-03,RR,181301,2180
2023-01-03,RS,2905566,41533
2023-01-03,SC,1958579,22600
2023-01-03,SE,358372,6490
2023-01-03,SP,6321788,177487
2023-01-03,TO,361001,4212
2023-01-04,AC,159189,2040
2023-01-04,AL,335571,7208
2023-01-04,AM,624951,14420
2023-01-04,AP,182643,2166
2023-01-04,BA,1771936,31265
2023-01-04,CE,1440131,28068
2023-01-04,DF,889726,11838
2023-01-04,ES,1313725,14975
2023-01-04,GO,1831341,27807
2023-01-04,MA,488891,11035
2023-01-04,MG,4094015,64519
2023-01-04,MS,596398,10924
2023-01-04,MT,864290,15025
2023-01-04,PA,861557,18965
2023-01-04,PB,701083,10531
2023-01-04,PE,1125192,22583
2023-01-04,PI,415049,8036
2023-01-04,PR,2867453,45760
2023-01-04,RJ,2705998,76534
2023-01-04,RN,583037,8692
2023-01-04,RO,473198,7404
2023-01-04,RR,181332,2180
2023-01-04,RS,2909726,41555
2023-01-04,SC,1959822,22607
2023-01-04,SE,358413,6490
2023-01-04,SP,6327470,177572
2023-01-04,TO,361001,4212
2023-01-05,AC,159394,2040
2023-01-05,AL,335706,7211
2023-01-05,AM,624978,14420
2023-01-05,AP,182696,2166
2023-01-05,BA,1773250,31271
2023-01-05,CE,1440672,28071
2023-01-05,DF,890091,11838
2023-01-05,ES,1314072,14977
2023-01-05,GO,1833780,27814
2023-01-05,MA,489237,11036
2023-01-05,MG,4098485,64543
2023-01-05,MS,596398,10924
2023-01-05,MT,865449,15028
2023-01-05,PA,861750,18970
2023-01-05,PB,701449,10534
2023-01-05,PE,1126374,22589
2023-01-05,PI,415049,8036
2023-01-05,PR,2869581,45774
2023-01-05,RJ,2706528,76539
2023-01-05,RN,583194,8693
2023-01-05,RO,473724,7406
2023-01-05,RR,181365,2180
2023-01-05,RS,2913615,41581
2023-01-05,SC,1960798,22611
2023-01-05,SE,358427,6490
2023-01-05,SP,6333749,177615
2023-01-05,TO,361001,4212
2023-01-06,AC,159627,2040
2023-01-06,AL,335792,7213
2023-01-06,AM,624994,14420
2023-01-06,AP,182972,2166
2023-01-06,BA,1774442,31280
2023-01-06,CE,1441397,28075
2023-01-06,DF,890400,11838
2023-01-06,ES,1314760,14980
2023-01-06,GO,1835853,27824
2023-01-06,MA,489533,11036
2023-01-06,MG,4101022,64577
2023-01-06,MS,596398,10924
2023-01-06,MT,866167,15033
2023-01-06,PA,861951,18983
2023-01-06,PB,701850,10536
2023-01-06,PE,1127631,22595
2023-01-06,PI,415049,8036
2023-01-06,PR,2871590,45792
2023-01-06,RJ,2709073,76545
2023-01-06,RN,583194,8693
2023-01-06,RO,474137,7406
2023-01-06,RR,181401,2180
2023-01-06,RS,2917305,41597
2023-01-06,SC,1961908,22615
2023-01-06,SE,358484,6490
2023-01-06,SP,6339283,177693
2023-01-06,TO,361001,4212
2023-01-07,AC,159627,2041
2023-01-07,AL,335852,7213
2023-01-07,AM,625007,14420
2023-01-07,AP,182972,2166
2023-01-07,BA,1775243,31284
2023-01-07,CE,1441891,28077
2023-01-07,DF,890400,11838
2023-01-07,ES,1314967,14980
2023-01-07,GO,1841857,27829
2023-01-07,MA,489533,11036
2023-01-07,MG,4101022,64577
2023-01-07,MS,596398,10924
2023-01-07,MT,866167,15033
2023-01-07,PA,862146,18986
2023-01-07,PB,702204,10536
2023-01-07,PE,1127631,22595
2023-01-07,PI,415049,8036
2023-01-07,PR,2873353,45804
2023-01-07,RJ,2709073,76545
2023-01-07,RN,583194,8693
2023-01-07,RO,474455,7407
2023-01-07,RR,181401,2180
2023-01-07,RS,2917305,41597
2023-01-07,SC,1962863,22614
2023-01-07,SE,358492,6490
2023-01-07,SP,6339283,177693
2023-01-07,TO,361001,4212
2023-01-08,AC,159710,2041
2023-01-08,AL,336016,7213
2023-01-08,AM,625012,14420
2023-01-08,AP,182974,2166
2023-01-08,BA,1775274,31285
2023-01-08,CE,1441891,28077
2023-01-08,DF,890400,11838
2023-01-08,ES,1315072,14982
2023-01-08,GO,1842218,27831
2023-01-08,MA,489533,11036
2023-01-08,MG,4101022,64577
2023-01-08,MS,596398,10924
2023-01-08,MT,866167,15033
2023-01-08,PA,862190,18987
2023-01-08,PB,702346,10536
2023-01-08,PE,1127631,22595
2023-01-08,PI,415049,8036
2023-01-08,PR,2873698,45805
2023-01-08,RJ,2709073,76545
2023-01-08,RN,583194,8693
2023-01-08,RO,474578,7409
2023-01-08,RR,181401,2180
2023-01-08,RS,2917305,41597
2023-01-08,SC,1963089,22615
2023-01-08,SE,358525,6491
2023-01-08,SP,6339283,177693
2023-01-08,TO,361001,4212
2023-01-09,AC,159679,2041
2023-01-09,AL,336054,7214
2023-01-09,AM,625017,14420
2023-01-09,AP,183086,2166
2023-01-09,BA,1775355,31288
2023-01-09,CE,1442020,28077
2023-01-09,DF,890907,11838
2023-01-09,ES,1315072,14982
2023-01-09,GO,1842944,27831
2023-01-09,MA,489859,11036
2023-01-09,MG,4104701,64590
2023-01-09,MS,596398,10924
2023-01-09,MT,866167,15033
2023-01-09,PA,862279,18987
2023-01-09,PB,702379,10536
2023-01-09,PE,1129209,22602
2023-01-09,PI,415049,8036
2023-01-09,PR,2874116,45805
2023-01-09,RJ,2709712,76553
2023-01-09,RN,583321,8693
2023-01-09,RO,474912,7412
2023-01-09,RR,181429,2180
2023-01-09,RS,2921420,41610
2023-01-09,SC,1963210,22615
2023-01-09,SE,358531,6492
2023-01-09,SP,6346096,177740
2023-01-09,TO,362364,4216
2023-01-10,AC,159752,2041
2023-01-10,AL,336146,7216
2023-01-10,AM,625029,14421
2023-01-10,AP,183092,2166
2023-01-10,BA,1775377,31295
2023-01-10,CE,1442739,28078
2023-01-10,DF,891246,11838
2023-01-10,ES,1315441,14984
2023-01-10,GO,1845807,27831
2023-01-10,MA,490044,11038
2023-01-10,MG,4107756,64590
2023-01-10,MS,599285,10944
2023-01-10,MT,866167,15033
2023-01-10,PA,862509,18988
2023-01-10,PB,702386,10537
2023-01-10,PE,1129947,22604
2023-01-10,PI,415049,8036
2023-01-10,PR,2889927,45823
2023-01-10,RJ,2712254,76562
2023-01-10,RN,583478,8694
2023-01-10,RO,475429,7412
2023-01-10,RR,181466,2180
2023-01-10,RS,2924412,41610
2023-01-10,SC,1964189,22615
2023-01-10,SE,358615,6493
2023-01-10,SP,6352526,177740
2023-01-10,TO,362364,4216
2023-01-11,AC,159815,2041
2023-01-11,AL,336201,7221
2023-01-11,AM,625059,14421
2023-01-11,AP,183156,2166
2023-01-11,BA,1776564,31298
2023-01-11,CE,1443335,28081
2023-01-11,DF,891531,11838
2023-01-11,ES,1315894,14986
2023-01-11,GO,1848149,27838
2023-01-11,MA,490104,11038
2023-01-11,MG,4110616,64616
2023-01-11,MS,599285,10944
2023-01-11,MT,868951,15047
2023-01-11,PA,862729,18988
2023-01-11,PB,702568,10537
2023-01-11,PE,1131034,22604
2023-01-11,PI,417383,8045
2023-01-11,PR,2891403,45837
2023-01-11,RJ,2713302,76566
2023-01-11,RN,583578,8694
2023-01-11,RO,475973,7414
2023-01-11,RR,181480,2180
2023-01-11,RS,2926949,41623
2023-01-11,SC,1965136,22615
2023-01-11,SE,358740,6494
2023-01-11,SP,6357566,177740
2023-01-11,TO,362364,4216
2023-01-12,AC,159878,2041
2023-01-12,AL,336251,7222
2023-01-12,AM,625082,14421
2023-01-12,AP,183246,2166
2023-01-12,BA,1776884,31313
2023-01-12,CE,1443335,28081
2023-01-12,DF,891783,11838
2023-01-12,ES,1316144,14990
2023-01-12,GO,1850316,27854
2023-01-12,MA,490214,11039
2023-01-12,MG,4112557,64657
2023-01-12,MS,599285,10944
2023-01-12,MT,869488,15047
2023-01-12,PA,862842,18991
2023-01-12,PB,702729,10537
2023-01-12,PE,1132110,22606
2023-01-12,PI,417383,8045
2023-01-12,PR,2893114,45846
2023-01-12,RJ,2714491,76597
2023-01-12,RN,583657,8695
2023-01-12,RO,476629,7414
2023-01-12,RR,181516,2180
2023-01-12,RS,2929260,41646
2023-01-12,SC,1965955,22615
2023-01-12,SE,358815,6495
2023-01-12,SP,6362607,177740
2023-01-12,TO,362364,4216
2023-01-13,AC,159878,2041
2023-01-13,AL,336292,7224
2023-01-13,AM,625110,14421
2023-01-13,AP,183304,2166
2023-01-13,BA,1779586,31315
2023-01-13,CE,1444327,28081
2023-01-13,DF,892073,11838
2023-01-13,ES,1316413,14992
2023-01-13,GO,1852796,27857
2023-01-13,MA,490349,11041
2023-01-13,MG,4114182,64687
2023-01-13,MS,599285,10944
2023-01-13,MT,870049,15050
2023-01-13,PA,862967,18988
2023-01-13,PB,702893,10537
2023-01-13,PE,1133169,22606
2023-01-13,PI,417383,8045
2023-01-13,PR,2895411,45856
2023-01-13,RJ,2715649,76605
2023-01-13,RN,583765,8695
2023-01-13,RO,476983,7415
2023-01-13,RR,181541,2180
2023-01-13,RS,2931576,41664
2023-01-13,SC,1966970,22615
2023-01-13,SE,358908,6495
2023-01-13,SP,6367148,177740
2023-01-13,TO,362364,4216
2023-01-14,AC,159880,2041
2023-01-14,AL,336320,7227
2023-01-14,AM,625124,14421
2023-01-14,AP,183306,2166
2023-01-14,BA,1780214,31318
2023-01-14,CE,1444852,28082
2023-01-14,DF,892073,11838
2023-01-14,ES,1316663,14992
2023-01-14,GO,1852796,27857
2023-01-14,MA,490349,11041
2023-01-14,MG,4114182,64687
2023-01-14,MS,599285,10944
2023-01-14,MT,870049,15050
2023-01-14,PA,863119,18988
2023-01-14,PB,703142,10537
2023-01-14,PE,1133169,22606
2023-01-14,PI,417383,8045
2023-01-14,PR,2896800,45873
2023-01-14,RJ,2715649,76605
2023-01-14,RN,583765,8695
2023-01-14,RO,477118,7415
2023-01-14,RR,181541,2180
2023-01-14,RS,2931576,41664
2023-01-14,SC,1967907,22615
2023-01-14,SE,358940,6495
2023-01-14,SP,6367148,177740
2023-01-14,TO,362364,4216
2023-01-15,AC,159880,2041
2023-01-15,AL,336328,7229
2023-01-15,AM,625126,14421
2023-01-15,AP,183306,2166
2023-01-15,BA,1780446,31318
2023-01-15,CE,1444852,28082
2023-01-15,DF,892073,11838
2023-01-15,ES,1316663,14992
2023-01-15,GO,1854646,27858
2023-01-15,MA,490349,11041
2023-01-15,MG,4114182,64687
2023-01-15,MS,599285,10944
2023-01-15,MT,870049,15050
2023-01-15,PA,863170,18989
2023-01-15,PB,703259,10537
2023-01-15,PE,1133169,22606
2023-01-15,PI,417383,8045
2023-01-15,PR,2897623,45874
2023-01-15,RJ,2715649,76605
2023-01-15,RN,583765,8695
2023-01-15,RO,477135,7415
2023-01-15,RR,181541,2180
2023-01-15,RS,2931576,41664
2023-01-15,SC,1968058,22615
2023-01-15,SE,359074,6495
2023-01-15,SP,6367148,177740
2023-01-15,TO,362364,4216
2023-01-16,AC,160015,2041
2023-01-16,AL,336456,7229
2023-01-16,AM,625147,14421
2023-01-16,AP,183410,2166
2023-01-16,BA,1780480,31326
2023-01-16,CE,1444985,28083
2023-01-16,DF,892440,11838
2023-01-16,ES,1316773,14993
2023-01-16,GO,1855249,27859
2023-01-16,MA,490469,11042
2023-01-16,MG,4116776,64698
2023-01-16,MS,599285,10944
2023-01-16,MT,870922,15058
2023-01-16,PA,863202,18989
2023-01-16,PB,703265,10537
2023-01-16,PE,1134439,22615
2023-01-16,PI,417383,8045
2023-01-16,PR,2898613,45874
2023-01-16,RJ,2717193,76615
2023-01-16,RN,583863,8696
2023-01-16,RO,477195,7417
2023-01-16,RR,181576,2180
2023-01-16,RS,2933976,41673
2023-01-16,SC,1968113,22615
2023-01-16,SE,359157,6496
2023-01-16,SP,6367148,177740
2023-01-16,TO,363257,4220
2023-01-17,AC,160039,2041
2023-01-17,AL,336615,7229
2023-01-17,AM,625169,14421
2023-01-17,AP,183506,2166
2023-01-17,BA,1781228,31331
2023-01-17,CE,1445489,28087
2023-01-17,DF,892672,11838
2023-01-17,ES,1317160,14997
2023-01-17,GO,1856764,27861
2023-01-17,MA,490657,11042
2023-01-17,MG,4118122,64717
2023-01-17,MS,601158,10969
2023-01-17,MT,871345,15062
2023-01-17,PA,863478,18990
2023-01-17,PB,702893,10538
2023-01-17,PE,1135373,22616
2023-01-17,PI,417383,8045
2023-01-17,PR,2900042,45892
2023-01-17,RJ,2718341,76622
2023-01-17,RN,583975,8698
2023-01-17,RO,477626,7418
2023-01-17,RR,181611,2180
2023-01-17,RS,2935967,41693
2023-01-17,SC,1968922,22615
2023-01-17,SE,359245,6496
2023-01-17,SP,6377010,177740
2023-01-17,TO,363257,4220
2023-01-18,AC,160069,2041
2023-01-18,AL,336701,7229
2023-01-18,AM,625202,14421
2023-01-18,AP,183569,2166
2023-01-18,BA,1781952,31336
2023-01-18,CE,1445895,28089
2023-01-18,DF,892953,11838
2023-01-18,ES,1317329,14997
2023-01-18,GO,1858927,27867
2023-01-18,MA,490780,11043
2023-01-18,MG,4119363,64749
2023-01-18,MS,601158,10969
2023-01-18,MT,871793,15066
2023-01-18,PA,863784,18995
2023-01-18,PB,703409,10539
2023-01-18,PE,1136456,22618
2023-01-18,PI,418951,8052
2023-01-18,PR,2900941,45898
2023-01-18,RJ,2718700,76631
2023-01-18,RN,584059,8698
2023-01-18,RO,478071,7418
2023-01-18,RR,181651,2180
2023-01-18,RS,2936772,41704
2023-01-18,SC,1969756,22615
2023-01-18,SE,359336,6496
2023-01-18,SP,6377010,177740
2023-01-18,TO,363257,4220
2023-01-19,AC,160088,2041
2023-01-19,AL,336736,7230
2023-01-19,AM,625229,14421
2023-01-19,AP,183612,2167
2023-01-19,BA,1782592,31346
2023-01-19,CE,1446247,28091
2023-01-19,DF,893082,11838
2023-01-19,ES,1317584,14998
2023-01-19,GO,1860929,27873
2023-01-19,MA,490930,11043
2023-01-19,MG,4120843,64773
2023-01-19,MS,601158,10969
2023-01-19,MT,871793,15066
2023-01-19,PA,864149,18995
2023-01-19,PB,703539,10540
2023-01-19,PE,1137555,22619
2023-01-19,PI,418951,8052
2023-01-19,PR,2902250,45902
2023-01-19,RJ,2719059,76636
2023-01-19,RN,584108,8699
2023-01-19,RO,478263,7418
2023-01-19,RR,181684,2180
2023-01-19,RS,2939187,41709
2023-01-19,SC,1970957,22615
2023-01-19,SE,359364,6497
2023-01-19,SP,6385729,178149
2023-01-19,TO,363257,4220
2023-01-20,AC,160106,2041
2023-01-20,AL,336780,7230
2023-01-20,AM,625260,14421
2023-01-20,AP,183666,2167
2023-01-20,BA,1783192,31349
2023-01-20,CE,1446481,28091
2023-01-20,DF,893250,11838
2023-01-20,ES,1317879,15001
2023-01-20,GO,1862817,27885
2023-01-20,MA,491004,11043
2023-01-20,MG,4122029,64799
2023-01-20,MS,601158,10969
2023-01-20,MT,872602,15067
2023-01-20,PA,864379,18996
2023-01-20,PB,703683,10540
2023-01-20,PE,1138859,22620
2023-01-20,PI,418951,8052
2023-01-20,PR,2903031,45919
2023-01-20,RJ,2719059,76636
2023-01-20,RN,584163,8700
2023-01-20,RO,478445,7418
2023-01-20,RR,181684,2180
2023-01-20,RS,2940791,41716
2023-01-20,SC,1971482,22615
2023-01-20,SE,359383,6497
2023-01-20,SP,6389460,178178
2023-01-20,TO,363257,4220
2023-01-21,AC,160111,2041
2023-01-21,AL,336811,7230
2023-01-21,AM,625271,14421
2023-01-21,AP,183667,2167
2023-01-21,BA,1783585,31350
2023-01-21,CE,1446481,28091
2023-01-21,DF,893250,11838
2023-01-21,ES,1318014,15002
2023-01-21,GO,1864120,27890
2023-01-21,MA,491004,11043
2023-01-21,MG,4122029,64799
2023-01-21,MS,601158,10969
2023-01-21,MT,872602,15067
2023-01-21,PA,864552,18999
2023-01-21,PB,703812,10540
2023-01-21,PE,1138859,22620
2023-01-21,PI,418951,8052
2023-01-21,PR,2904800,45929
2023-01-21,RJ,2719059,76636
2023-01-21,RN,584163,8700
2023-01-21,RO,478562,7418
2023-01-21,RR,181684,2180
2023-01-21,RS,2940791,41716
2023-01-21,SC,1972055,22661
2023-01-21,SE,359393,6497
2023-01-21,SP,6389460,178178
2023-01-21,TO,363257,4220
2023-01-22,AC,160113,2041
2023-01-22,AL,336822,7230
2023-01-22,AM,625274,14421
2023-01-22,AP,183667,2167
2023-01-22,BA,1783601,31353
2023-01-22,CE,1446481,28091
2023-01-22,DF,893250,11838
2023-01-22,ES,1318026,15002
2023-01-22,GO,1864285,27890
2023-01-22,MA,491004,11043
2023-01-22,MG,4122029,64799
2023-01-22,MS,601158,10969
2023-01-22,MT,872602,15067
2023-01-22,PA,864573,18999
2023-01-22,PB,703834,10540
2023-01-22,PE,1138859,22620
2023-01-22,PI,418951,8052
2023-01-22,PR,2904979,45929
2023-01-22,RJ,2719059,76636
2023-01-22,RN,584163,8700
2023-01-22,RO,478570,7418
2023-01-22,RR,181684,2180
2023-01-22,RS,2940791,41716
2023-01-22,SC,1972163,22661
2023-01-22,SE,359398,6497
2023-01-22,SP,6389460,178178
2023-01-22,TO,363257,4220
2023-01-23,AC,160116,2041
2023-01-23,AL,336833,7231
2023-01-23,AM,625293,14421
2023-01-23,AP,183667,2167
2023-01-23,BA,1783635,31359
2023-01-23,CE,1446749,28095
2023-01-23,DF,893462,11838
2023-01-23,ES,1318159,15002
2023-01-23,GO,1864810,27891
2023-01-23,MA,491127,11043
2023-01-23,MG,4124244,64819
2023-01-23,MS,601158,10969
2023-01-23,MT,873359,15071
2023-01-23,PA,864605,19000
2023-01-23,PB,703834,10540
2023-01-23,PE,1140452,22623
2023-01-23,PI,418951,8052
2023-01-23,PR,2905057,45929
2023-01-23,RJ,2722927,76646
2023-01-23,RN,584245,8700
2023-01-23,RO,478714,7418
2023-01-23,RR,181720,2180
2023-01-23,RS,2942710,41726
2023-01-23,SC,1972223,22663
2023-01-23,SE,359401,6497
2023-01-23,SP,6389460,178178
2023-01-23,TO,364002,4225
2023-01-24,AC,160116,2041
2023-01-24,AL,336861,7233
2023-01-24,AM,625318,14421
2023-01-24,AP,183707,2167
2023-01-24,BA,1784159,31368
2023-01-24,CE,1447067,28097
2023-01-24,DF,893608,11838
2023-01-24,ES,1318282,15003
2023-01-24,GO,1866926,27896
2023-01-24,MA,491264,11043
2023-01-24,MG,4125271,64839
2023-01-24,MS,602144,10975
2023-01-24,MT,873792,15073
2023-01-24,PA,864849,19000
2023-01-24,PB,705436,10540
2023-01-24,PE,1141449,22625
2023-01-24,PI,418951,8052
2023-01-24,PR,2905767,45934
2023-01-24,RJ,2723296,76652
2023-01-24,RN,584277,8703
2023-01-24,RO,478822,7418
2023-01-24,RR,181750,2180
2023-01-24,RS,2943884,41727
2023-01-24,SC,1972850,22665
2023-01-24,SE,359412,6498
2023-01-24,SP,6398150,178272
2023-01-24,TO,364002,4225
2023-01-25,AC,160127,2041
2023-01-25,AL,336896,7234
2023-01-25,AM,625321,14421
2023-01-25,AP,183847,2167
2023-01-25,BA,1784727,31371
2023-01-25,CE,1447435,28097
2023-01-25,DF,893702,11838
2023-01-25,ES,1318655,15003
2023-01-25,GO,1869337,27913
2023-01-25,MA,491324,11043
2023-01-25,MG,4126949,64859
2023-01-25,MS,602144,10975
2023-01-25,MT,874122,15073
2023-01-25,PA,865120,19000
2023-01-25,PB,705438,10540
2023-01-25,PE,1142326,22627
2023-01-25,PI,420800,8058
2023-01-25,PR,2906407,45939
2023-01-25,RJ,2725044,76657
2023-01-25,RN,584354,8705
2023-01-25,RO,479385,7420
2023-01-25,RR,181772,2180
2023-01-25,RS,2945168,41732
2023-01-25,SC,1973423,22667
2023-01-25,SE,359424,6499
2023-01-25,SP,6401428,178319
2023-01-25,TO,364002,4225
2023-01-26,AC,160142,2041
2023-01-26,AL,336933,7234
2023-01-26,AM,625351,14421
2023-01-26,AP,183869,2167
2023-01-26,BA,1785325,31378
2023-01-26,CE,1447793,28097
2023-01-26,DF,893799,11838
2023-01-26,ES,1318838,15009
2023-01-26,GO,1870741,27913
2023-01-26,MA,491428,11043
2023-01-26,MG,4128254,64887
2023-01-26,MS,602144,10975
2023-01-26,MT,874122,15073
2023-01-26,PA,865295,19001
2023-01-26,PB,705438,10540
2023-01-26,PE,1143417,22634
2023-01-26,PI,420800,8058
2023-01-26,PR,2907003,45947
2023-01-26,RJ,2726134,76658
2023-01-26,RN,584398,8705
2023-01-26,RO,479573,7425
2023-01-26,RR,181798,2180
2023-01-26,RS,2946223,41732
2023-01-26,SC,1974004,22667
2023-01-26,SE,359449,6500
2023-01-26,SP,6403854,178348
2023-01-26,TO,364002,4225
2023-01-27,AC,160159,2041
2023-01-27,AL,336963,7234
2023-01-27,AM,625363,14421
2023-01-27,AP,183977,2167
2023-01-27,BA,1785714,31379
2023-01-27,CE,1448088,28100
2023-01-27,DF,893878,11838
2023-01-27,ES,1319000,15010
2023-01-27,GO,1872628,27923
2023-01-27,MA,491521,11045
2023-01-27,MG,4129935,64895
2023-01-27,MS,602144,10975
2023-01-27,MT,874779,15076
2023-01-27,PA,865498,19002
2023-01-27,PB,706351,10540
2023-01-27,PE,1144886,22636
2023-01-27,PI,420800,8058
2023-01-27,PR,2907588,45951
2023-01-27,RJ,2727033,76664
2023-01-27,RN,584491,8705
2023-01-27,RO,479770,7424
2023-01-27,RR,181809,2180
2023-01-27,RS,2947133,41736
2023-01-27,SC,1974437,22669
2023-01-27,SE,359466,6500
2023-01-27,SP,6403854,178348
2023-01-27,TO,364002,4225
2023-01-28,AC,160163,2041
2023-01-28,AL,336972,7234
2023-01-28,AM,625367,14422
2023-01-28,AP,183978,2167
2023-01-28,BA,1785964,31383
2023-01-28,CE,1448088,28100
2023-01-28,DF,893878,11838
2023-01-28,ES,1319188,15012
2023-01-28,GO,1873285,27925
2023-01-28,MA,491521,11045
2023-01-28,MG,4129935,64895
2023-01-28,MS,602144,10975
2023-01-28,MT,874779,15076
2023-01-28,PA,865661,19002
2023-01-28,PB,706431,10540
2023-01-28,PE,1144886,22636
2023-01-28,PI,420800,8058
2023-01-28,PR,2908123,45957
2023-01-28,RJ,2727033,76664
2023-01-28,RN,584491,8705
2023-01-28,RO,479887,7424
2023-01-28,RR,181809,2180
2023-01-28,RS,2947133,41736
2023-01-28,SC,1974921,22669
2023-01-28,SE,359485,6500
2023-01-28,SP,6403854,178348
2023-01-28,TO,364002,4225
2023-01-29,AC,160166,2041
2023-01-29,AL,336976,7234
2023-01-29,AM,625381,14422
2023-01-29,AP,183978,2167
2023-01-29,BA,1785984,31383
2023-01-29,CE,1448088,28100
2023-01-29,DF,893878,11838
2023-01-29,ES,1319224,15013
2023-01-29,GO,1873390,27925
2023-01-29,MA,491521,11045
2023-01-29,MG,4129935,64895
2023-01-29,MS,602144,10975
2023-01-29,MT,874779,15076
2023-01-29,PA,865702,19002
2023-01-29,PB,706480,10540
2023-01-29,PE,1144886,22636
2023-01-29,PI,420800,8058
2023-01-29,PR,2908234,45957
2023-01-29,RJ,2727033,76664
2023-01-29,RN,584491,8705
2023-01-29,RO,479887,7424
2023-01-29,RR,181809,2180
2023-01-29,RS,2947133,41736
2023-01-29,SC,1975003,22670
2023-01-29,SE,359503,6500
2023-01-29,SP,6403854,178348
2023-01-29,TO,364002,4225
2023-01-30,AC,160167,2041
2023-01-30,AL,336983,7235
2023-01-30,AM,625388,14422
2023-01-30,AP,184065,2167
2023-01-30,BA,1785993,31387
2023-01-30,CE,1448447,28107
2023-01-30,DF,894075,11838
2023-01-30,ES,1319238,15013
2023-01-30,GO,1873659,27925
2023-01-30,MA,491593,11046
2023-01-30,MG,4131233,64902
2023-01-30,MS,602144,10975
2023-01-30,MT,875169,15078
2023-01-30,PA,865759,19002
2023-01-30,PB,706483,10540
2023-01-30,PE,1145938,22639
2023-01-30,PI,420800,8058
2023-01-30,PR,2908333,45958
2023-01-30,RJ,2728100,76677
2023-01-30,RN,584596,8706
2023-01-30,RO,480883,7425
2023-01-30,RR,181815,2180
2023-01-30,RS,2948226,41743
2023-01-30,SC,1975079,22672
2023-01-30,SE,359509,6500
2023-01-30,SP,6409826,178428
2023-01-30,TO,364313,4228
2023-01-31,AC,160177,2041
2023-01-31,AL,337015,7235
2023-01-31,AM,625402,14422
2023-01-31,AP,184111,2167
2023-01-31,BA,1786418,31389
2023-01-31,CE,1448802,28107
2023-01-31,DF,894159,11838
2023-01-31,ES,1319367,15015
2023-01-31,GO,1875015,27938
2023-01-31,MA,491694,11047
2023-01-31,MG,4137446,64935
2023-01-31,MS,603110,10982
2023-01-31,MT,875399,15079
2023-01-31,PA,866027,19003
2023-01-31,PB,706491,10540
2023-01-31,PE,1146459,22646
2023-01-31,PI,420800,8058
2023-01-31,PR,2908910,45959
2023-01-31,RJ,2728919,76679
2023-01-31,RN,584688,8706
2023-01-31,RO,481042,7425
2023-01-31,RR,181866,2180
2023-01-31,RS,2949275,41807
2023-01-31,SC,1975649,22673
2023-01-31,SE,359519,6500
2023-01-31,SP,6412507,178475
2023-01-31,TO,364313,4228
2023-02-01,AC,160188,2043
2023-02-01,AL,337027,7238
2023-02-01,AM,625418,14422
2023-02-01,AP,184118,2167
2023-02-01,BA,1786753,31390
2023-02-01,CE,1448966,28110
2023-02-01,DF,894286,11838
2023-02-01,ES,1319627,15020
2023-02-01,GO,1875015,27938
2023-02-01,MA,491798,11047
2023-02-01,MG,4141458,64957
2023-02-01,MS,603110,10982
2023-02-01,MT,875693,15079
2023-02-01,PA,866281,19004
2023-02-01,PB,706550,10540
2023-02-01,PE,1147109,22648
2023-02-01,PI,422372,8062
2023-02-01,PR,2909401,45962
2023-02-01,RJ,2729686,76682
2023-02-01,RN,584751,8706
2023-02-01,RO,481211,7425
2023-02-01,RR,181892,2180
2023-02-01,RS,2950172,41821
2023-02-01,SC,1976153,22679
2023-02-01,SE,359536,6500
2023-02-01,SP,6415059,178532
2023-02-01,TO,364313,4228
2023-02-02,AC,160191,2043
2023-02-02,AL,337038,7238
2023-02-02,AM,625448,14422
2023-02-02,AP,184128,2167
2023-02-02,BA,1787013,31394
2023-02-02,CE,1449308,28110
2023-02-02,DF,894481,11838
2023-02-02,ES,1319730,15022
2023-02-02,GO,1876871,27943
2023-02-02,MA,491914,11047
2023-02-02,MG,4153435,64965
2023-02-02,MS,603110,10982
2023-02-02,MT,875693,15079
2023-02-02,PA,866600,19004
2023-02-02,PB,706550,10540
2023-02-02,PE,1147582,22650
2023-02-02,PI,422372,8062
2023-02-02,PR,2909845,45951
2023-02-02,RJ,2730501,76683
2023-02-02,RN,584794,8707
2023-02-02,RO,481283,7426
2023-02-02,RR,181892,2180
2023-02-02,RS,2950172,41821
2023-02-02,SC,1976624,22681
2023-02-02,SE,359548,6500
2023-02-02,SP,6417480,178565
2023-02-02,TO,364313,4228
2023-02-03,AC,160191,2043
2023-02-03,AL,337080,7238
2023-02-03,AM,625468,14422
2023-02-03,AP,184336,2167
2023-02-03,BA,1787303,31395
2023-02-03,CE,1449476,28110
2023-02-03,DF,894550,11838
2023-02-03,ES,1319928,15023
2023-02-03,GO,1877882,27954
2023-02-03,MA,492031,11047
2023-02-03,MG,4153950,64982
2023-02-03,MS,603110,10982
2023-02-03,MT,876112,15080
2023-02-03,PA,866849,19004
2023-02-03,PB,706550,10540
2023-02-03,PE,1148033,22650
2023-02-03,PI,422372,8062
2023-02-03,PR,2910220,45954
2023-02-03,RJ,2731244,76692
2023-02-03,RN,584870,8707
2023-02-03,RO,481336,7426
2023-02-03,RR,181892,2180
2023-02-03,RS,2951318,41830
2023-02-03,SC,1977051,22683
2023-02-03,SE,359556,6500
2023-02-03,SP,6419637,178608
2023-02-03,TO,364313,4228
2023-02-04,AC,160193,2043
2023-02-04,AL,337103,7238
2023-02-04,AM,625495,14422
2023-02-04,AP,184340,2167
2023-02-04,BA,1787303,31395
2023-02-04,CE,1449476,28110
2023-02-04,DF,894550,11838
2023-02-04,ES,1320097,15025
2023-02-04,GO,1878299,27964
2023-02-04,MA,492031,11047
2023-02-04,MG,4153950,64982
2023-02-04,MS,603110,10982
2023-02-04,MT,876112,15080
2023-02-04,PA,866994,19004
2023-02-04,PB,706704,10540
2023-02-04,PE,1148033,22650
2023-02-04,PI,422372,8062
2023-02-04,PR,2910663,45957
2023-02-04,RJ,2731244,76692
2023-02-04,RN,584870,8707
2023-02-04,RO,481511,7426
2023-02-04,RR,181892,2180
2023-02-04,RS,2951318,41830
2023-02-04,SC,1977051,22683
2023-02-04,SE,359558,6500
2023-02-04,SP,6419637,178608
2023-02-04,TO,364313,4228
2023-02-05,AC,160203,2043
2023-02-05,AL,337103,7238
2023-02-05,AM,625511,14422
2023-02-05,AP,184340,2167
2023-02-05,BA,1787303,31395
2023-02-05,CE,1449476,28110
2023-02-05,DF,894550,11838
2023-02-05,ES,1320097,15025
2023-02-05,GO,1878381,27964
2023-02-05,MA,492031,11047
2023-02-05,MG,4153950,64982
2023-02-05,MS,603110,10982
2023-02-05,MT,876112,15080
2023-02-05,PA,867042,19004
2023-02-05,PB,706806,10541
2023-02-05,PE,1148033,22650
2023-02-05,PI,422372,8062
2023-02-05,PR,2910776,45957
2023-02-05,RJ,2731244,76692
2023-02-05,RN,584870,8707
2023-02-05,RO,481516,7426
2023-02-05,RR,181892,2180
2023-02-05,RS,2951318,41830
2023-02-05,SC,1977402,22683
2023-02-05,SE,359558,6500
2023-02-05,SP,6419637,178608
2023-02-05,TO,364313,4228
2023-02-06,AC,160204,2043
2023-02-06,AL,337106,7239
2023-02-06,AM,625533,14422
2023-02-06,AP,184348,2167
2023-02-06,BA,1787554,31398
2023-02-06,CE,1449606,28110
2023-02-06,DF,894727,11838
2023-02-06,ES,1320109,15026
2023-02-06,GO,1878758,27967
2023-02-06,MA,492131,11048
2023-02-06,MG,4157217,64995
2023-02-06,MS,603110,10982
2023-02-06,MT,876541,15081
2023-02-06,PA,867065,19004
2023-02-06,PB,706806,10541
2023-02-06,PE,1148595,22656
2023-02-06,PI,422372,8062
2023-02-06,PR,2910956,45957
2023-02-06,RJ,2732126,76700
2023-02-06,RN,584899,8707
2023-02-06,RO,481525,7426
2023-02-06,RR,181892,2180
2023-02-06,RS,2951964,41835
2023-02-06,SC,1977454,22684
2023-02-06,SE,359564,6500
2023-02-06,SP,6422005,178640
2023-02-06,TO,364607,4231
2023-02-07,AC,160223,2043
2023-02-07,AL,337119,7240
2023-02-07,AM,625595,14422
2023-02-07,AP,184460,2167
2023-02-07,BA,1788044,31412
2023-02-07,CE,1449844,28113
2023-02-07,DF,894838,11838
2023-02-07,ES,1320365,15029
2023-02-07,GO,1879975,27976
2023-02-07,MA,492265,11048
2023-02-07,MG,4158608,65005
2023-02-07,MS,604447,10992
2023-02-07,MT,876742,15083
2023-02-07,PA,867337,19005
2023-02-07,PB,706826,10541
2023-02-07,PE,1148831,22659
2023-02-07,PI,422372,8062
2023-02-07,PR,2911352,45962
2023-02-07,RJ,2733232,76709
2023-02-07,RN,584966,8710
2023-02-07,RO,481594,7428
2023-02-07,RR,181944,2180
2023-02-07,RS,2952704,41852
2023-02-07,SC,1978127,22685
2023-02-07,SE,359569,6501
2023-02-07,SP,6422005,178640
2023-02-07,TO,364607,4231
2023-02-08,AC,160223,2043
2023-02-08,AL,337130,7240
2023-02-08,AM,625663,14422
2023-02-08,AP,184511,2167
2023-02-08,BA,1788336,31412
2023-02-08,CE,1450004,28114
2023-02-08,DF,894886,11838
2023-02-08,ES,1320511,15030
2023-02-08,GO,1880995,27979
2023-02-08,MA,492352,11048
2023-02-08,MG,4168815,64962
2023-02-08,MS,604447,10992
2023-02-08,MT,876836,15083
2023-02-08,PA,867631,19006
2023-02-08,PB,706930,10541
2023-02-08,PE,1149080,22661
2023-02-08,PI,423785,8065
2023-02-08,PR,2911670,45966
2023-02-08,RJ,2733452,76714
2023-02-08,RN,585057,8710
2023-02-08,RO,481639,7427
2023-02-08,RR,181988,2180
2023-02-08,RS,2953098,41860
2023-02-08,SC,1978409,22685
2023-02-08,SE,359570,6501
2023-02-08,SP,6426265,178706
2023-02-08,TO,364607,4231
2023-02-09,AC,160256,2043
2023-02-09,AL,337141,7240
2023-02-09,AM,625767,14423
2023-02-09,AP,184576,2167
2023-02-09,BA,1788643,31414
2023-02-09,CE,1450221,28114
2023-02-09,DF,895042,11838
2023-02-09,ES,1320511,15030
2023-02-09,GO,1882175,27979
2023-02-09,MA,492418,11048
2023-02-09,MG,4171030,64962
2023-02-09,MS,604447,10992
2023-02-09,MT,876956,15083
2023-02-09,PA,867836,19006
2023-02-09,PB,706935,10541
2023-02-09,PE,1149572,22663
2023-02-09,PI,423785,8065
2023-02-09,PR,2912213,45965
2023-02-09,RJ,2733797,76725
2023-02-09,RN,585180,8710
2023-02-09,RO,481711,7427
2023-02-09,RR,181988,2180
2023-02-09,RS,2953628,41863
2023-02-09,SC,1978799,22687
2023-02-09,SE,359577,6501
2023-02-09,SP,6428812,178723
2023-02-09,TO,364607,4231
2023-02-10,AC,160261,2043
2023-02-10,AL,337167,7240
2023-02-10,AM,625900,14423
2023-02-10,AP,184644,2167
2023-02-10,BA,1788956,31424
2023-02-10,CE,1450485,28114
2023-02-10,DF,895081,11838
2023-02-10,ES,1320814,15032
2023-02-10,GO,1883369,27987
2023-02-10,MA,492496,11048
2023-02-10,MG,4175605,64962
2023-02-10,MS,604447,10992
2023-02-10,MT,877055,15083
2023-02-10,PA,868012,19007
2023-02-10,PB,707076,10541
2023-02-10,PE,1149953,22666
2023-02-10,PI,423785,8065
2023-02-10,PR,2912736,45966
2023-02-10,RJ,2735284,76725
2023-02-10,RN,585241,8711
2023-02-10,RO,481815,7427
2023-02-10,RR,182010,2180
2023-02-10,RS,2953628,41863
2023-02-10,SC,1979284,22687
2023-02-10,SE,359583,6502
2023-02-10,SP,6431045,178738
2023-02-10,TO,364607,4231
2023-02-11,AC,160261,2043
2023-02-11,AL,337176,7241
2023-02-11,AM,626094,14423
2023-02-11,AP,184649,2167
2023-02-11,BA,1788956,31424
2023-02-11,CE,1450485,28114
2023-02-11,DF,895081,11838
2023-02-11,ES,1320842,15032
2023-02-11,GO,1884244,27989
2023-02-11,MA,492496,11048
2023-02-11,MG,4175605,64962
2023-02-11,MS,604447,10992
2023-02-11,MT,877055,15083
2023-02-11,PA,868120,19007
2023-02-11,PB,707149,10541
2023-02-11,PE,1149953,22666
2023-02-11,PI,423785,8065
2023-02-11,PR,2913256,45973
2023-02-11,RJ,2735284,76725
2023-02-11,RN,585241,8711
2023-02-11,RO,481871,7427
2023-02-11,RR,182010,2180
2023-02-11,RS,2953628,41863
2023-02-11,SC,1979608,22689
2023-02-11,SE,359584,6502
2023-02-11,SP,6431045,178738
2023-02-11,TO,364607,4231
2023-02-12,AC,160271,2043
2023-02-12,AL,337187,7241
2023-02-12,AM,626181,14423
2023-02-12,AP,184651,2167
2023-02-12,BA,1788956,31424
2023-02-12,CE,1450485,28114
2023-02-12,DF,895081,11838
2023-02-12,ES,1320835,15032
2023-02-12,GO,1884244,27989
2023-02-12,MA,492496,11048
2023-02-12,MG,4175605,64962
2023-02-12,MS,604447,10992
2023-02-12,MT,877055,15083
2023-02-12,PA,868130,19007
2023-02-12,PB,707157,10541
2023-02-12,PE,1149953,22666
2023-02-12,PI,423785,8065
2023-02-12,PR,2913392,45973
2023-02-12,RJ,2735284,76725
2023-02-12,RN,585241,8711
2023-02-12,RO,481871,7427
2023-02-12,RR,182010,2180
2023-02-12,RS,2953628,41863
2023-02-12,SC,1979649,22689
2023-02-12,SE,359584,6502
2023-02-12,SP,6431045,178738
2023-02-12,TO,364607,4231
2023-02-13,AC,160276,2043
2023-02-13,AL,337191,7241
2023-02-13,AM,626259,14423
2023-02-13,AP,184661,2167
2023-02-13,BA,1789158,31426
2023-02-13,CE,1450769,28114
2023-02-13,DF,895171,11839
2023-02-13,ES,1320945,15032
2023-02-13,GO,1884244,27989
2023-02-13,MA,492538,11048
2023-02-13,MG,4189328,65005
2023-02-13,MS,604447,10992
2023-02-13,MT,877318,15084
2023-02-13,PA,868162,19007
2023-02-13,PB,707165,10541
2023-02-13,PE,1150383,22672
2023-02-13,PI,423785,8065
2023-02-13,PR,2913527,45973
2023-02-13,RJ,2736123,76737
2023-02-13,RN,585270,8711
2023-02-13,RO,482052,7426
2023-02-13,RR,182010,2180
2023-02-13,RS,2954738,41876
2023-02-13,SC,1979733,22689
2023-02-13,SE,359584,6502
2023-02-13,SP,6433698,178748
2023-02-13,TO,364957,4232
2023-02-14,AC,160276,2043
2023-02-14,AL,337230,7241
2023-02-14,AM,626551,14423
2023-02-14,AP,184799,2167
2023-02-14,BA,1789544,31427
2023-02-14,CE,1451012,28114
2023-02-14,DF,895232,11839
2023-02-14,ES,1321070,15036
2023-02-14,GO,1884267,27997
2023-02-14,MA,492577,11048
2023-02-14,MG,4176305,65005
2023-02-14,MS,605943,10996
2023-02-14,MT,877389,15084
2023-02-14,PA,868402,19007
2023-02-14,PB,707168,10541
2023-02-14,PE,1150641,22674
2023-02-14,PI,423785,8065
2023-02-14,PR,2913709,45958
2023-02-14,RJ,2738010,76765
2023-02-14,RN,585287,8711
2023-02-14,RO,482147,7426
2023-02-14,RR,182084,2180
2023-02-14,RS,2955238,41897
2023-02-14,SC,1980154,22691
2023-02-14,SE,359593,6502
2023-02-14,SP,6435948,178779
2023-02-14,TO,364957,4232
2023-02-15,AC,160276,2043
2023-02-15,AL,337257,7242
2023-02-15,AM,626762,14424
2023-02-15,AP,184810,2167
2023-02-15,BA,1789944,31434
2023-02-15,CE,1451180,28114
2023-02-15,DF,895278,11839
2023-02-15,ES,1321164,15036
2023-02-15,GO,1886124,28001
2023-02-15,MA,492701,11048
2023-02-15,MG,4178234,65005
2023-02-15,MS,605943,10996
2023-02-15,MT,877510,15084
2023-02-15,PA,868685,19007
2023-02-15,PB,707288,10541
2023-02-15,PE,1151151,22674
2023-02-15,PI,424776,8067
2023-02-15,PR,2914069,45963
2023-02-15,RJ,2738496,76769
2023-02-15,RN,585401,8711
2023-02-15,RO,482172,7426
2023-02-15,RR,182084,2180
2023-02-15,RS,2955695,41896
2023-02-15,SC,1980597,22692
2023-02-15,SE,359597,6502
2023-02-15,SP,6438737,178801
2023-02-15,TO,364957,4232
2023-02-16,AC,160308,2043
2023-02-16,AL,337305,7242
2023-02-16,AM,627095,14424
2023-02-16,AP,184836,2167
2023-02-16,BA,1790221,31441
2023-02-16,CE,1451461,28114
2023-02-16,DF,895635,11843
2023-02-16,ES,1321462,15037
2023-02-16,GO,1886954,28005
2023-02-16,MA,492769,11049
2023-02-16,MG,4178803,65074
2023-02-16,MS,605943,10996
2023-02-16,MT,877510,15084
2023-02-16,PA,868917,19007
2023-02-16,PB,707339,10541
2023-02-16,PE,1151773,22676
2023-02-16,PI,424776,8067
2023-02-16,PR,2914379,45959
2023-02-16,RJ,2740067,76776
2023-02-16,RN,585429,8712
2023-02-16,RO,482212,7428
2023-02-16,RR,182140,2180
2023-02-16,RS,2956189,41899
2023-02-16,SC,1980914,22692
2023-02-16,SE,359600,6502
2023-02-16,SP,6441519,178824
2023-02-16,TO,364957,4232
2023-02-17,AC,160328,2043
2023-02-17,AL,337317,7242
2023-02-17,AM,627508,14425
2023-02-17,AP,185025,2167
2023-02-17,BA,1790221,31441
2023-02-17,CE,1451614,28113
2023-02-17,DF,896057,11843
2023-02-17,ES,1321526,15037
2023-02-17,GO,1891004,28009
2023-02-17,MA,492867,11050
2023-02-17,MG,4184728,65075
2023-02-17,MS,605943,10996
2023-02-17,MT,877510,15084
2023-02-17,PA,869195,19009
2023-02-17,PB,707384,10541
2023-02-17,PE,1152424,22676
2023-02-17,PI,424776,8067
2023-02-17,PR,2914708,45961
2023-02-17,RJ,2740730,76781
2023-02-17,RN,585447,8712
2023-02-17,RO,482309,7428
2023-02-17,RR,182147,2180
2023-02-17,RS,2956658,41900
2023-02-17,SC,1981239,22693
2023-02-17,SE,359606,6502
2023-02-17,SP,6444454,178840
2023-02-17,TO,364957,4232
2023-02-18,AC,160328,2043
2023-02-18,AL,337332,7242
2023-02-18,AM,627931,14425
2023-02-18,AP,185027,2167
2023-02-18,BA,1790221,31441
2023-02-18,CE,1451614,28113
2023-02-18,DF,896057,11843
2023-02-18,ES,1321526,15037
2023-02-18,GO,1891436,28011
2023-02-18,MA,492867,11050
2023-02-18,MG,4184728,65075
2023-02-18,MS,605943,10996
2023-02-18,MT,877510,15084
2023-02-18,PA,869312,19009
2023-02-18,PB,707424,10541
2023-02-18,PE,1152424,22676
2023-02-18,PI,424776,8067
2023-02-18,PR,2915047,45966
2023-02-18,RJ,2740730,76781
2023-02-18,RN,585447,8712
2023-02-18,RO,482330,7428
2023-02-18,RR,182147,2180
2023-02-18,RS,2956658,41900
2023-02-18,SC,1981538,22695
2023-02-18,SE,359609,6502
2023-02-18,SP,6444454,178840
2023-02-18,TO,364957,4232
2023-02-19,AC,160349,2043
2023-02-19,AL,337358,7242
2023-02-19,AM,628144,14425
2023-02-19,AP,185027,2167
2023-02-19,BA,1790221,31441
2023-02-19,CE,1451614,28113
2023-02-19,DF,896057,11843
2023-02-19,ES,1321526,15037
2023-02-19,GO,1891448,28011
2023-02-19,MA,492867,11050
2023-02-19,MG,4184728,65075
2023-02-19,MS,605943,10996
2023-02-19,MT,877510,15084
2023-02-19,PA,869319,19009
2023-02-19,PB,707476,10541
2023-02-19,PE,1152424,22676
2023-02-19,PI,424776,8067
2023-02-19,PR,2915141,45966
2023-02-19,RJ,2740730,76781
2023-02-19,RN,585447,8712
2023-02-19,RO,482337,7428
2023-02-19,RR,182147,2180
2023-02-19,RS,2956658,41900
2023-02-19,SC,1981589,22695
2023-02-19,SE,359610,6502
2023-02-19,SP,6444454,178840
2023-02-19,TO,364957,4232
2023-02-20,AC,160349,2043
2023-02-20,AL,337360,7242
2023-02-20,AM,628344,14426
2023-02-20,AP,185027,2167
2023-02-20,BA,1790221,31441
2023-02-20,CE,1451614,28113
2023-02-20,DF,896057,11843
2023-02-20,ES,1321526,15037
2023-02-20,GO,1891448,28011
2023-02-20,MA,492908,11050
2023-02-20,MG,4184728,65075
2023-02-20,MS,605943,10996
2023-02-20,MT,877510,15084
2023-02-20,PA,869371,19010
2023-02-20,PB,707476,10541
2023-02-20,PE,1152424,22676
2023-02-20,PI,424776,8067
2023-02-20,PR,2915184,45966
2023-02-20,RJ,2740730,76781
2023-02-20,RN,585447,8712
2023-02-20,RO,482358,7428
2023-02-20,RR,182147,2180
2023-02-20,RS,2956658,41900
2023-02-20,SC,1981647,22695
2023-02-20,SE,359610,6502
2023-02-20,SP,6444454,178840
2023-02-20,TO,364957,4232
2023-02-21,AC,160349,2043
2023-02-21,AL,337364,7242
2023-02-21,AM,628547,14427
2023-02-21,AP,185027,2167
2023-02-21,BA,1790221,31441
2023-02-21,CE,1451614,28113
2023-02-21,DF,896057,11843
2023-02-21,ES,1321847,15037
2023-02-21,GO,1891554,28011
2023-02-21,MA,492908,11050
2023-02-21,MG,4184728,65075
2023-02-21,MS,606906,11004
2023-02-21,MT,877510,15084
2023-02-21,PA,869380,19010
2023-02-21,PB,707478,10541
2023-02-21,PE,1152424,22676
2023-02-21,PI,424776,8067
2023-02-21,PR,2915323,45967
2023-02-21,RJ,2740730,76781
2023-02-21,RN,585447,8712
2023-02-21,RO,482368,7428
2023-02-21,RR,182147,2180
2023-02-21,RS,2956658,41900
2023-02-21,SC,1981770,22696
2023-02-21,SE,359610,6502
2023-02-21,SP,6444454,178840
2023-02-21,TO,364957,4232
2023-02-22,AC,160349,2043
2023-02-22,AL,337366,7242
2023-02-22,AM,628783,14427
2023-02-22,AP,185027,2167
2023-02-22,BA,1790221,31441
2023-02-22,CE,1451896,28113
2023-02-22,DF,896057,11843
2023-02-22,ES,1321526,15037
2023-02-22,GO,1891600,28011
2023-02-22,MA,492911,11050
2023-02-22,MG,4184728,65075
2023-02-22,MS,606906,11004
2023-02-22,MT,877510,15084
2023-02-22,PA,869385,19010
2023-02-22,PB,707490,10541
2023-02-22,PE,1152424,22676
2023-02-22,PI,424866,8354
2023-02-22,PR,2915407,45967
2023-02-22,RJ,2740730,76781
2023-02-22,RN,585447,8712
2023-02-22,RO,482422,7428
2023-02-22,RR,182147,2180
2023-02-22,RS,2957452,41905
2023-02-22,SC,1981901,22698
2023-02-22,SE,359612,6502
2023-02-22,SP,6448208,178858
2023-02-22,TO,364957,4232
2023-02-23,AC,160366,2043
2023-02-23,AL,337369,7242
2023-02-23,AM,629188,14427
2023-02-23,AP,185085,2167
2023-02-23,BA,1790888,31446
2023-02-23,CE,1451953,28114
2023-02-23,DF,896716,11843
2023-02-23,ES,1321946,15037
2023-02-23,GO,1892562,28014
2023-02-23,MA,492958,11050
2023-02-23,MG,4185759,65471
2023-02-23,MS,606906,11004
2023-02-23,MT,878360,15087
2023-02-23,PA,869551,19011
2023-02-23,PB,707496,10541
2023-02-23,PE,1153311,22678
2023-02-23,PI,424866,8354
2023-02-23,PR,2915813,45969
2023-02-23,RJ,2742697,76803
2023-02-23,RN,585585,8715
2023-02-23,RO,482444,7428
2023-02-23,RR,182147,2180
2023-02-23,RS,2957835,41906
2023-02-23,SC,1982396,22698
2023-02-23,SE,359615,6502
2023-02-23,SP,6449802,178872
2023-02-23,TO,365330,4232
2023-02-24,AC,160377,2043
2023-02-24,AL,337383,7242
2023-02-24,AM,629638,14429
2023-02-24,AP,185417,2167
2023-02-24,BA,1791129,31447
2023-02-24,CE,1451953,28114
2023-02-24,DF,896808,11843
2023-02-24,ES,1322171,15039
2023-02-24,GO,1893808,28024
2023-02-24,MA,493058,11051
2023-02-24,MG,4187298,65471
2023-02-24,MS,606906,11004
2023-02-24,MT,878360,15087
2023-02-24,PA,869805,19013
2023-02-24,PB,707529,10541
2023-02-24,PE,1153777,22680
2023-02-24,PI,424866,8354
2023-02-24,PR,2916310,45989
2023-02-24,RJ,2744390,76811
2023-02-24,RN,585727,8715
2023-02-24,RO,482543,7429
2023-02-24,RR,182282,2180
2023-02-24,RS,2958495,41907
2023-02-24,SC,1983071,22699
2023-02-24,SE,359625,6502
2023-02-24,SP,6452475,178915
2023-02-24,TO,365330,4232
2023-02-25,AC,160377,2043
2023-02-25,AL,337383,7242
2023-02-25,AM,629638,14429
2023-02-25,AP,185417,2167
2023-02-25,BA,1791129,31447
2023-02-25,CE,1451953,28114
2023-02-25,DF,896808,11843
2023-02-25,ES,1322171,15039
2023-02-25,GO,1893808,28024
2023-02-25,MA,493058,11051
2023-02-25,MG,4187298,65471
2023-02-25,MS,606906,11004
2023-02-25,MT,878360,15087
2023-02-25,PA,869805,19013
2023-02-25,PB,707529,10541
2023-02-25,PE,1153777,22680
2023-02-25,PI,424866,8354
2023-02-25,PR,2916310,45989
2023-02-25,RJ,2744390,76811
2023-02-25,RN,585727,8715
2023-02-25,RO,482543,7429
2023-02-25,RR,182282,2180
2023-02-25,RS,2958495,41907
2023-02-25,SC,1983071,22699
2023-02-25,SE,359625,6502
2023-02-25,SP,6452475,178915
2023-02-25,TO,365330,4232
2023-02-26,AC,160377,2043
2023-02-26,AL,337383,7242
2023-02-26,AM,629638,14429
2023-02-26,AP,185417,2167
2023-02-26,BA,1791129,31447
2023-02-26,CE,1451953,28114
2023-02-26,DF,896808,11843
2023-02-26,ES,1322171,15039
2023-02-26,GO,1893808,28024
2023-02-26,MA,493058,11051
2023-02-26,MG,4187298,65471
2023-02-26,MS,606906,11004
2023-02-26,MT,878360,15087
2023-02-26,PA,869805,19013
2023-02-26,PB,707529,10541
2023-02-26,PE,1153777,22680
2023-02-26,PI,424866,8354
2023-02-26,PR,2916310,45989
2023-02-26,RJ,2744390,76811
2023-02-26,RN,585727,8715
2023-02-26,RO,482543,7429
2023-02-26,RR,182282,2180
2023-02-26,RS,2958495,41907
2023-02-26,SC,1983071,22699
2023-02-26,SE,359625,6502
2023-02-26,SP,6452475,178915
2023-02-26,TO,365330,4232
2023-02-27,AC,160386,2043
2023-02-27,AL,337444,7242
2023-02-27,AM,630494,14433
2023-02-27,AP,185457,2167
2023-02-27,BA,1791455,31451
2023-02-27,CE,1452395,28114
2023-02-27,DF,897058,11843
2023-02-27,ES,1322373,15039
2023-02-27,GO,1895082,28026
2023-02-27,MA,493170,11051
2023-02-27,MG,4190922,65471
2023-02-27,MS,606906,11004
2023-02-27,MT,878360,15087
2023-02-27,PA,870136,19014
2023-02-27,PB,707617,10541
2023-02-27,PE,1154492,22680
2023-02-27,PI,424866,8354
2023-02-27,PR,2916967,46004
2023-02-27,RJ,2745792,76817
2023-02-27,RN,585806,8715
2023-02-27,RO,482654,7430
2023-02-27,RR,182282,2180
2023-02-27,RS,2959192,41908
2023-02-27,SC,1983986,22701
2023-02-27,SE,359644,6502
2023-02-27,SP,6457756,178957
2023-02-27,TO,365538,4232
2023-02-28,AC,160386,2043
2023-02-28,AL,337469,7242
2023-02-28,AM,630930,14437
2023-02-28,AP,185588,2167
2023-02-28,BA,1791714,31453
2023-02-28,CE,1452395,28114
2023-02-28,DF,897174,11844
2023-02-28,ES,1322738,15041
2023-02-28,GO,1896479,28032
2023-02-28,MA,493242,11052
2023-02-28,MG,4193836,65471
2023-02-28,MS,607356,11010
2023-02-28,MT,878360,15087
2023-02-28,PA,870549,19015
2023-02-28,PB,707680,10541
2023-02-28,PE,1155012,22682
2023-02-28,PI,424866,8354
2023-02-28,PR,2917442,46008
2023-02-28,RJ,2748109,76824
2023-02-28,RN,585861,8715
2023-02-28,RO,482731,7430
2023-02-28,RR,182282,2180
2023-02-28,RS,2959883,41917
2023-02-28,SC,1984496,22701
2023-02-28,SE,359655,6502
2023-02-28,SP,6461165,178993
2023-02-28,TO,365538,4232
2023-03-01,AC,160387,2043
2023-03-01,AL,337478,7242
2023-03-01,AM,631312,14439
2023-03-01,AP,185589,2167
2023-03-01,BA,1792003,31456
2023-03-01,CE,1453193,28152
2023-03-01,DF,897474,11844
2023-03-01,ES,1322738,15041
2023-03-01,GO,1896776,28032
2023-03-01,MA,493335,11052
2023-03-01,MG,4194916,65498
2023-03-01,MS,607356,11010
2023-03-01,MT,878360,15087
2023-03-01,PA,870927,19017
2023-03-01,PB,707688,10541
2023-03-01,PE,1155549,22686
2023-03-01,PI,424866,8354
2023-03-01,PR,2917825,46013
2023-03-01,RJ,2749661,76833
2023-03-01,RN,585883,8715
2023-03-01,RO,482763,7430
2023-03-01,RR,182282,2180
2023-03-01,RS,2960590,41917
2023-03-01,SC,1985000,22701
2023-03-01,SE,359666,6502
2023-03-01,SP,6464309,179013
2023-03-01,TO,365538,4232
2023-03-02,AC,160387,2043
2023-03-02,AL,337478,7242
2023-03-02,AM,631312,14439
2023-03-02,AP,185589,2167
2023-03-02,BA,1792003,31456
2023-03-02,CE,1453193,28152
2023-03-02,DF,897474,11844
2023-03-02,ES,1322738,15041
2023-03-02,GO,1896776,28032
2023-03-02,MA,493335,11052
2023-03-02,MG,4194916,65498
2023-03-02,MS,607356,11010
2023-03-02,MT,878360,15087
2023-03-02,PA,870927,19017
2023-03-02,PB,707688,10541
2023-03-02,PE,1155549,22686
2023-03-02,PI,424866,8354
2023-03-02,PR,2917825,46013
2023-03-02,RJ,2749661,76833
2023-03-02,RN,585883,8715
2023-03-02,RO,482763,7430
2023-03-02,RR,182282,2180
2023-03-02,RS,2960590,41917
2023-03-02,SC,1985000,22701
2023-03-02,SE,359666,6502
2023-03-02,SP,6464309,179013
2023-03-02,TO,365538,4232
2023-03-03,AC,160433,2043
2023-03-03,AL,337535,7242
2023-03-03,AM,631976,14443
2023-03-03,AP,185668,2167
2023-03-03,BA,1792572,31459
2023-03-03,CE,1453572,28157
2023-03-03,DF,897897,11844
2023-03-03,ES,1323318,15041
2023-03-03,GO,1898605,28036
2023-03-03,MA,493391,11053
2023-03-03,MG,4189760,65507
2023-03-03,MS,607356,11010
2023-03-03,MT,878360,15087
2023-03-03,PA,871612,19021
2023-03-03,PB,707743,10542
2023-03-03,PE,1156640,22686
2023-03-03,PI,424866,8354
2023-03-03,PR,2918459,46018
2023-03-03,RJ,2752662,76844
2023-03-03,RN,585935,8715
2023-03-03,RO,482910,7432
2023-03-03,RR,182485,2180
2023-03-03,RS,2961756,41919
2023-03-03,SC,1985888,22703
2023-03-03,SE,359674,6502
2023-03-03,SP,6469442,179039
2023-03-03,TO,365538,4232
2023-03-04,AC,160433,2043
2023-03-04,AL,337535,7242
2023-03-04,AM,631976,14443
2023-03-04,AP,185668,2167
2023-03-04,BA,1792572,31459
2023-03-04,CE,1453572,28157
2023-03-04,DF,897897,11844
2023-03-04,ES,1323318,15041
2023-03-04,GO,1898605,28036
2023-03-04,MA,493391,11053
2023-03-04,MG,4189760,65507
2023-03-04,MS,607356,11010
2023-03-04,MT,878360,15087
2023-03-04,PA,871612,19021
2023-03-04,PB,707743,10542
2023-03-04,PE,1156640,22686
2023-03-04,PI,424866,8354
2023-03-04,PR,2918459,46018
2023-03-04,RJ,2752662,76844
2023-03-04,RN,585935,8715
2023-03-04,RO,482910,7432
2023-03-04,RR,182485,2180
2023-03-04,RS,2961756,41919
2023-03-04,SC,1985888,22703
2023-03-04,SE,359674,6502
2023-03-04,SP,6469442,179039
2023-03-04,TO,365538,4232
2023-03-05,AC,160433,2043
2023-03-05,AL,337535,7242
2023-03-05,AM,631976,14443
2023-03-05,AP,185668,2167
2023-03-05,BA,1792572,31459
2023-03-05,CE,1453572,28157
2023-03-05,DF,897897,11844
2023-03-05,ES,1323318,15041
2023-03-05,GO,1898605,28036
2023-03-05,MA,493391,11053
2023-03-05,MG,4189760,65507
2023-03-05,MS,607356,11010
2023-03-05,MT,878360,15087
2023-03-05,PA,871612,19021
2023-03-05,PB,707743,10542
2023-03-05,PE,1156640,22686
2023-03-05,PI,424866,8354
2023-03-05,PR,2918459,46018
2023-03-05,RJ,2752662,76844
2023-03-05,RN,585935,8715
2023-03-05,RO,482910,7432
2023-03-05,RR,182485,2180
2023-03-05,RS,2961756,41919
2023-03-05,SC,1985888,22703
2023-03-05,SE,359674,6502
2023-03-05,SP,6469442,179039
2023-03-05,TO,365538,4232
2023-03-06,AC,160433,2043
2023-03-06,AL,337535,7242
2023-03-06,AM,631976,14443
2023-03-06,AP,185668,2167
2023-03-06,BA,1792572,31459
2023-03-06,CE,1453572,28157
2023-03-06,DF,897897,11844
2023-03-06,ES,1323318,15041
2023-03-06,GO,1898605,28036
2023-03-06,MA,493391,11053
2023-03-06,MG,4189760,65507
2023-03-06,MS,607356,11010
2023-03-06,MT,878360,15087
2023-03-06,PA,871612,19021
2023-03-06,PB,707743,10542
2023-03-06,PE,1156640,22686
2023-03-06,PI,424866,8354
2023-03-06,PR,2918459,46018
2023-03-06,RJ,2752662,76844
2023-03-06,RN,585935,8715
2023-03-06,RO,482910,7432
2023-03-06,RR,182485,2180
2023-03-06,RS,2961756,41919
2023-03-06,SC,1985888,22703
2023-03-06,SE,359674,6502
2023-03-06,SP,6469442,179039
2023-03-06,TO,365538,4232
2023-03-07,AC,160433,2043
2023-03-07,AL,337535,7242
2023-03-07,AM,631976,14443
2023-03-07,AP,185668,2167
2023-03-07,BA,1792572,31459
2023-03-07,CE,1453572,28157
2023-03-07,DF,897897,11844
2023-03-07,ES,1323318,15041
2023-03-07,GO,1898605,28036
2023-03-07,MA,493391,11053
2023-03-07,MG,4189760,65507
2023-03-07,MS,607356,11010
2023-03-07,MT,878360,15087
2023-03-07,PA,871612,19021
2023-03-07,PB,707743,10542
2023-03-07,PE,1156640,22686
2023-03-07,PI,424866,8354
2023-03-07,PR,2918459,46018
2023-03-07,RJ,2752662,76844
2023-03-07,RN,585935,8715
2023-03-07,RO,482910,7432
2023-03-07,RR,182485,2180
2023-03-07,RS,2961756,41919
2023-03-07,SC,1985888,22703
2023-03-07,SE,359674,6502
2023-03-07,SP,6469442,179039
2023-03-07,TO,365538,4232
2023-03-08,AC,160433,2043
2023-03-08,AL,337535,7242
2023-03-08,AM,631976,14443
2023-03-08,AP,185668,2167
2023-03-08,BA,1792572,31459
2023-03-08,CE,1453572,28157
2023-03-08,DF,897897,11844
2023-03-08,ES,1323318,15041
2023-03-08,GO,1898605,28036
2023-03-08,MA,493391,11053
2023-03-08,MG,4189760,65507
2023-03-08,MS,607356,11010
2023-03-08,MT,878360,15087
2023-03-08,PA,871612,19021
2023-03-08,PB,707743,10542
2023-03-08,PE,1156640,22686
2023-03-08,PI,424866,8354
2023-03-08,PR,2918459,46018
2023-03-08,RJ,2752662,76844
2023-03-08,RN,585935,8715
2023-03-08,RO,482910,7432
2023-03-08,RR,182485,2180
2023-03-08,RS,2961756,41919
2023-03-08,SC,1985888,22703
2023-03-08,SE,359674,6502
2023-03-08,SP,6469442,179039
2023-03-08,TO,365538,4232
2023-03-09,AC,160433,2043
2023-03-09,AL,337535,7242
2023-03-09,AM,631976,14443
2023-03-09,AP,185668,2167
2023-03-09,BA,1792572,31459
2023-03-09,CE,1453572,28157
2023-03-09,DF,897897,11844
2023-03-09,ES,1323318,15041
2023-03-09,GO,1898605,28036
2023-03-09,MA,493391,11053
2023-03-09,MG,4189760,65507
2023-03-09,MS,607356,11010
2023-03-09,MT,878360,15087
2023-03-09,PA,871612,19021
2023-03-09,PB,707743,10542
2023-03-09,PE,1156640,22686
2023-03-09,PI,424866,8354
2023-03-09,PR,2918459,46018
2023-03-09,RJ,2752662,76844
2023-03-09,RN,585935,8715
2023-03-09,RO,482910,7432
2023-03-09,RR,182485,2180
2023-03-09,RS,2961756,41919
2023-03-09,SC,1985888,22703
2023-03-09,SE,359674,6502
2023-03-09,SP,6469442,179039
2023-03-09,TO,365538,4232
2023-03-10,AC,160452,2043
2023-03-10,AL,337568,7242
2023-03-10,AM,631976,14443
2023-03-10,AP,185673,2167
2023-03-10,BA,1792572,31459
2023-03-10,CE,1453417,28157
2023-03-10,DF,898072,11845
2023-03-10,ES,1323595,15041
2023-03-10,GO,1900459,28041
2023-03-10,MA,493418,11053
2023-03-10,MG,4189760,65507
2023-03-10,MS,607776,11016
2023-03-10,MT,879415,15090
2023-03-10,PA,872068,19025
2023-03-10,PB,707854,10542
2023-03-10,PE,1157160,22687
2023-03-10,PI,424866,8354
2023-03-10,PR,2920177,46022
2023-03-10,RJ,2754359,76852
2023-03-10,RN,585935,8715
2023-03-10,RO,482910,7432
2023-03-10,RR,182505,2180
2023-03-10,RS,2962414,41921
2023-03-10,SC,1986447,22703
2023-03-10,SE,359692,6502
2023-03-10,SP,6469442,179039
2023-03-10,TO,365538,4232
2023-03-11,AC,160452,2043
2023-03-11,AL,337568,7242
2023-03-11,AM,631976,14443
2023-03-11,AP,185673,2167
2023-03-11,BA,1792572,31459
2023-03-11,CE,1453417,28157
2023-03-11,DF,898072,11845
2023-03-11,ES,1323595,15041
2023-03-11,GO,1900459,28041
2023-03-11,MA,493418,11053
2023-03-11,MG,4189760,65507
2023-03-11,MS,607776,11016
2023-03-11,MT,879415,15090
2023-03-11,PA,872068,19025
2023-03-11,PB,707854,10542
2023-03-11,PE,1157160,22687
2023-03-11,PI,424866,8354
2023-03-11,PR,2920177,46022
2023-03-11,RJ,2754359,76852
2023-03-11,RN,585935,8715
2023-03-11,RO,482910,7432
2023-03-11,RR,182505,2180
2023-03-11,RS,2962414,41921
2023-03-11,SC,1986447,22703
2023-03-11,SE,359692,6502
2023-03-11,SP,6469442,179039
2023-03-11,TO,365538,4232
2023-03-12,AC,160452,2043
2023-03-12,AL,337568,7242
2023-03-12,AM,631976,14443
2023-03-12,AP,185673,2167
2023-03-12,BA,1792572,31459
2023-03-12,CE,1453417,28157
2023-03-12,DF,898072,11845
2023-03-12,ES,1323595,15041
2023-03-12,GO,1900459,28041
2023-03-12,MA,493418,11053
2023-03-12,MG,4189760,65507
2023-03-12,MS,607776,11016
2023-03-12,MT,879415,15090
2023-03-12,PA,872068,19025
2023-03-12,PB,707854,10542
2023-03-12,PE,1157160,22687
2023-03-12,PI,424866,8354
2023-03-12,PR,2920177,46022
2023-03-12,RJ,2754359,76852
2023-03-12,RN,585935,8715
2023-03-12,RO,482910,7432
2023-03-12,RR,182505,2180
2023-03-12,RS,2962414,41921
2023-03-12,SC,1986447,22703
2023-03-12,SE,359692,6502
2023-03-12,SP,6469442,179039
2023-03-12,TO,365538,4232
2023-03-13,AC,160452,2043
2023-03-13,AL,337568,7242
2023-03-13,AM,631976,14443
2023-03-13,AP,185673,2167
2023-03-13,BA,1792572,31459
2023-03-13,CE,1453417,28157
2023-03-13,DF,898072,11845
2023-03-13,ES,1323595,15041
2023-03-13,GO,1900459,28041
2023-03-13,MA,493418,11053
2023-03-13,MG,4189760,65507
2023-03-13,MS,607776,11016
2023-03-13,MT,879415,15090
2023-03-13,PA,872068,19025
2023-03-13,PB,707854,10542
2023-03-13,PE,1157160,22687
2023-03-13,PI,424866,8354
2023-03-13,PR,2920177,46022
2023-03-13,RJ,2754359,76852
2023-03-13,RN,585935,8715
2023-03-13,RO,482910,7432
2023-03-13,RR,182505,2180
2023-03-13,RS,2962414,41921
2023-03-13,SC,1986447,22703
2023-03-13,SE,359692,6502
2023-03-13,SP,6469442,179039
2023-03-13,TO,365538,4232
2023-03-14,AC,160452,2043
2023-03-14,AL,337568,7242
2023-03-14,AM,631976,14443
2023-03-14,AP,185673,2167
2023-03-14,BA,1792572,31459
2023-03-14,CE,1453417,28157
2023-03-14,DF,898072,11845
2023-03-14,ES,1323595,15041
2023-03-14,GO,1900459,28041
2023-03-14,MA,493418,11053
2023-03-14,MG,4189760,65507
2023-03-14,MS,607776,11016
2023-03-14,MT,879415,15090
2023-03-14,PA,872068,19025
2023-03-14,PB,707854,10542
2023-03-14,PE,1157160,22687
2023-03-14,PI,424866,8354
2023-03-14,PR,2920177,46022
2023-03-14,RJ,2754359,76852
2023-03-14,RN,585935,8715
2023-03-14,RO,482910,7432
2023-03-14,RR,182505,2180
2023-03-14,RS,2962414,41921
2023-03-14,SC,1986447,22703
2023-03-14,SE,359692,6502
2023-03-14,SP,6469442,179039
2023-03-14,TO,365538,4232
2023-03-15,AC,160452,2043
2023-03-15,AL,337568,7242
2023-03-15,AM,631976,14443
2023-03-15,AP,185673,2167
2023-03-15,BA,1792572,31459
2023-03-15,CE,1453417,28157
2023-03-15,DF,898072,11845
2023-03-15,ES,1323595,15041
2023-03-15,GO,1900459,28041
2023-03-15,MA,493418,11053
2023-03-15,MG,4189760,65507
2023-03-15,MS,607776,11016
2023-03-15,MT,879415,15090
2023-03-15,PA,872068,19025
2023-03-15,PB,707854,10542
2023-03-15,PE,1157160,22687
2023-03-15,PI,424866,8354
2023-03-15,PR,2920177,46022
2023-03-15,RJ,2754359,76852
2023-03-15,RN,585935,8715
2023-03-15,RO,482910,7432
2023-03-15,RR,182505,2180
2023-03-15,RS,2962414,41921
2023-03-15,SC,1986447,22703
2023-03-15,SE,359692,6502
2023-03-15,SP,6469442,179039
2023-03-15,TO,365538,4232
2023-03-16,AC,160452,2043
2023-03-16,AL,337568,7242
2023-03-16,AM,631976,14443
2023-03-16,AP,185673,2167
2023-03-16,BA,1792572,31459
2023-03-16,CE,1453417,28157
2023-03-16,DF,898072,11845
2023-03-16,ES,1323595,15041
2023-03-16,GO,1900459,28041
2023-03-16,MA,493418,11053
2023-03-16,MG,4189760,65507
2023-03-16,MS,607776,11016
2023-03-16,MT,879415,15090
2023-03-16,PA,872068,19025
2023-03-16,PB,707854,10542
2023-03-16,PE,1157160,22687
2023-03-16,PI,424866,8354
2023-03-16,PR,2920177,46022
2023-03-16,RJ,2754359,76852
2023-03-16,RN,585935,8715
2023-03-16,RO,482910,7432
2023-03-16,RR,182505,2180
2023-03-16,RS,2962414,41921
2023-03-16,SC,1986447,22703
2023-03-16,SE,359692,6502
2023-03-16,SP,6469442,179039
2023-03-16,TO,365538,4232
2023-03-17,AC,160452,2043
2023-03-17,AL,337568,7242
2023-03-17,AM,631976,14443
2023-03-17,AP,185673,2167
2023-03-17,BA,1792572,31459
2023-03-17,CE,1453417,28157
2023-03-17,DF,898072,11845
2023-03-17,ES,1323595,15041
2023-03-17,GO,1900459,28041
2023-03-17,MA,493418,11053
2023-03-17,MG,4189760,65507
2023-03-17,MS,607776,11016
2023-03-17,MT,879415,15090
2023-03-17,PA,872068,19025
2023-03-17,PB,707854,10542
2023-03-17,PE,1157160,22687
2023-03-17,PI,424866,8354
2023-03-17,PR,2920177,46022
2023-03-17,RJ,2754359,76852
2023-03-17,RN,585935,8715
2023-03-17,RO,482910,7432
2023-03-17,RR,182505,2180
2023-03-17,RS,2962414,41921
2023-03-17,SC,1986447,22703
2023-03-17,SE,359692,6502
2023-03-17,SP,6469442,179039
2023-03-17,TO,365538,4232
2023-03-18,AC,160452,2043
2023-03-18,AL,337568,7242
2023-03-18,AM,631976,14443
2023-03-18,AP,185673,2167
2023-03-18,BA,1792572,31459
2023-03-18,CE,1453417,28157
2023-03-18,DF,898072,11845
2023-03-18,ES,1323595,15041
2023-03-18,GO,1900459,28041
2023-03-18,MA,493418,11053
2023-03-18,MG,4189760,65507
2023-03-18,MS,607776,11016
2023-03-18,MT,879415,15090
2023-03-18,PA,872068,19025
2023-03-18,PB,707854,10542
2023-03-18,PE,1157160,22687
2023-03-18,PI,424866,8354
2023-03-18,PR,2920177,46022
2023-03-18,RJ,2754359,76852
2023-03-18,RN,585935,8715
2023-03-18,RO,482910,7432
2023-03-18,RR,182505,2180
2023-03-18,RS,2962414,41921
2023-03-18,SC,1986447,22703
2023-03-18,SE,359692,6502
2023-03-18,SP,6469442,179039
2023-03-18,TO,365538,4232
